Book Id,Title,Author,Author l-f,Additional Authors,ISBN,ISBN13,My Rating,Publisher,Binding,Number of Pages,Year Published,Original Publication Year,Date Read,Date Added,Bookshelves,Bookshelves with positions,Exclusive Shelf,My Review,Spoiler,Private Notes,Read Count,Owned Copies
251172932,"Threshing Day (The Empyrean, #3.5)",Rebecca Yarros,"Yarros, Rebecca",,"=""168281808X""","=""9781682818084""",0,Entangled: Red Tower Books,Hardcover,224,2026,2026,,2026/10/04,"october-hopefuls, currently-reading","october-hopefuls (#8), currently-reading (#4)",currently-reading,,,,1,0
239986129,Carrying A Big Dawg's Legacy 3: His BBW Surrogate,Bonnie Blanco,"Blanco, Bonnie",,"=""""","=""""",0,,Kindle Edition,138,2025,,,2026/10/04,to-read,to-read (#2112),to-read,,,,0,0
241873791,Carrying A Big Dawg's Legacy 4: His BBW Surrogate,Bonnie Blanco,"Blanco, Bonnie",,"=""""","=""""",0,,Kindle Edition,159,2025,,,2026/10/04,to-read,to-read (#2113),to-read,,,,0,0
256824321,Forced Matrimony With An Unhinged Menace 4: A Toxic Arranged Marriage,Bonnie Blanco,"Blanco, Bonnie",,"=""""","=""""",0,,Kindle Edition,188,2026,,,2026/10/04,to-read,to-read (#2111),to-read,,,,0,0
238601721,Carrying A Big Dawg's Legacy 2: His BBW Surrogate,Bonnie Blanco,"Blanco, Bonnie",,"=""""","=""""",0,,Kindle Edition,132,2025,,,2026/10/04,to-read,to-read (#2110),to-read,,,,0,0
255371979,Forced Matrimony With An Unhinged Menace 3: A Toxic Arranged Marriage,Bonnie Blanco,"Blanco, Bonnie",,"=""""","=""""",0,,Kindle Edition,158,2026,,,2026/10/04,to-read,to-read (#2109),to-read,,,,0,0
253861337,Forced Matrimony With An Unhinged Menace 2: A Toxic Arranged Marriage,Bonnie Blanco,"Blanco, Bonnie",,"=""""","=""""",0,,Kindle Edition,169,2026,,,2026/10/04,currently-reading,currently-reading (#3),currently-reading,,,,1,0
52318,"Wild Seed (Patternist, #1)",Octavia E. Butler,"Butler, Octavia E.",,"=""0446676977""","=""9780446676977""",0,Warner Books,Paperback,306,2001,1980,,2026/10/04,to-read,to-read (#2108),to-read,,,,0,0
60931,Kindred,Octavia E. Butler,"Butler, Octavia E.",,"=""0807083690""","=""9780807083697""",0,Beacon Press,Paperback,288,2004,1979,,2026/10/04,to-read,to-read (#2107),to-read,,,,0,0
244403162,The Divorce,Freida McFadden,"McFadden, Freida",,"=""1464249636""","=""9781464249631""",4.0,Poisoned Pen Press,Paperback,368,2026,2026,2026/10/04,2026/02/04,,,read,,,,1,0
52778479,"Crush (Crave, #2)",Tracy Wolff,"Wolff, Tracy",,"=""""","=""""",0,Entangled: Teen,Hardcover,720,2020,2020,,2026/10/04,to-read,to-read (#2106),to-read,,,,0,0
59053857,Misery,Stephen  King,"King, Stephen",,"=""""","=""""",0,Scribner,Kindle Edition,463,2016,1987,,2026/10/04,"october-hopefuls, currently-reading","october-hopefuls (#6), currently-reading (#2)",currently-reading,,,,1,0
252757571,Forced Matrimony With An Unhinged Menace: A Toxic Arranged Marriage,Bonnie Blanco,"Blanco, Bonnie",,"=""""","=""""",5.0,,Kindle Edition,188,2026,,,2026/06/22,october-hopefuls,october-hopefuls (#10),read,,,,2,0
249590360,The Perilous Fight,Colin Kaepernick,"Kaepernick, Colin",,"=""1538777894""","=""9781538777893""",5.0,Legacy Lit,Kindle Edition,284,2026,,2026/10/03,2026/09/16,5-star-reads,5-star-reads (#52),read,,,,1,0
249334199,The Witch,Freida McFadden,"McFadden, Freida",,"=""1464249644""","=""9781464249648""",0,Poisoned Pen Press,Hardcover,352,2026,2026,,2026/08/17,"to-read, october-hopefuls","to-read (#2065), october-hopefuls (#9)",to-read,,,,0,0
223422150,The Scammer,Tiffany D. Jackson,"Jackson, Tiffany D.",,"=""006327129X""","=""9780063271296""",0,Quill Tree Books,Kindle Edition,366,2025,2025,,2025/09/08,"to-read, october-hopefuls","to-read (#2105), october-hopefuls (#7)",to-read,,,,1,0
59050147,"Fake It Till You Bake It (Fake It Till You Bake It, #1)",Jamie Wesley,"Wesley, Jamie",,"=""""","=""""",0,St. Martin’s Griffin,Kindle Edition,328,2022,2022,,2022/06/06,did-not-finish,did-not-finish (#4),did-not-finish,,,,2,0
231928141,Dreamweaving,O.O. Sangoyomi,"Sangoyomi, O.O.",,"=""""","=""9798890034465""",0,Page Street YA,Hardcover,400,2026,2026,,2026/09/25,to-read,to-read (#2104),to-read,,,,0,0
223120417,Witch Queen Rising,Savannah Stephens,"Stephens, Savannah",,"=""059395520X""","=""9780593955208""",0,Ace,Paperback,448,2026,2026,,2026/09/25,to-read,to-read (#2103),to-read,,,,0,0
157979441,Island Witch,Amanda Jayatissa,"Jayatissa, Amanda",,"=""0593549260""","=""9780593549261""",0,Berkley,Hardcover,384,2024,2024,,2026/09/25,to-read,to-read (#2102),to-read,,,,0,0
56898076,The Inheritance of Orquídea Divina,Zoraida Córdova,"Córdova, Zoraida",,"=""1982102543""","=""9781982102548""",0,Atria Books,Hardcover,324,2021,2021,,2026/09/25,to-read,to-read (#2101),to-read,,,,0,0
49789629,"The Year of the Witching (Bethel, #1)",Alexis  Henderson,"Henderson, Alexis",,"=""0593099605""","=""9780593099605""",0,Ace ,Hardcover,368,2020,2020,,2026/09/25,to-read,to-read (#2100),to-read,,,,0,0
207611566,Witchcraft for Wayward Girls,Grady Hendrix,"Hendrix, Grady",,"=""0593548981""","=""9780593548981""",0,Berkley,Hardcover,482,2025,2025,,2026/09/25,to-read,to-read (#2099),to-read,,,,0,0
49465632,The Lion's Den,Anthony Marra,"Marra, Anthony",,"=""1542010187""","=""9781542010184""",0,Amazon Original Stories,Kindle Edition,28,2019,2019,,2026/09/25,to-read,to-read (#2098),to-read,,,,0,0
256230002,Married to a Brownsville Bully 3 (Married To A Brownsville Bully),Jahquel J.,"J., Jahquel",,"=""""","=""9798212821919""",3.0,"Blackstone Publishing, Inc.",Audio CD,1,2026,,2026/09/25,2026/09/22,,,read,,,,1,0
220270075,X+ E: The Teachers of Hardwood High,Nina High,"High, Nina",,"=""""","=""9798991614702""",0,High on Love,Kindle Edition,239,2024,,,2026/09/17,to-read,to-read (#2097),to-read,,,,1,0
40383596,Married To A Brownsville Bully 2,Jahquel J.,"J., Jahquel",,"=""""","=""""",4.0,Urban Chapters Publications,Kindle Edition,172,2018,,2026/09/22,2025/01/01,,,read,,,,1,0
258540521,Heart Of A Goon II (Season Five: The Wraithe Family Book 2),Jahquel J.,"J., Jahquel",Joseph Editorial Services,"=""""","=""""",0,,Kindle Edition,434,2026,,,2026/09/21,to-read,to-read (#2096),to-read,,,,0,0
52219119,Butterfly,Ashley  Antoinette,"Antoinette, Ashley",,"=""""","=""""",0,St. Martin's Griffin,Kindle Edition,285,2020,2020,,2026/08/07,currently-reading,currently-reading (#1),currently-reading,,,,1,0
259336695,The Academy of Unfinished Girls,Jaiyah Symone,"Symone, Jaiyah",,"=""""","=""""",0,,Kindle Edition,285,2026,,,2026/09/04,,,read,,,,1,0
253962894,When Love Takes Over,Kay Shanee,"Shanee, Kay",,"=""""","=""""",0,,Kindle Edition,252,2026,,,2026/09/19,to-read,to-read (#2095),to-read,,,,0,0
255367085,"Almost Boyfriend: A Funny, Steamy Urban Romance (Riverton Romance Book 1)",Indya,"Indya, Indya",,"=""""","=""""",3.0,,Kindle Edition,69,2026,,2026/09/18,2026/09/17,,,read,,,,1,0
241307532,A+J: The Teachers of Hardwood High,Nina High,"High, Nina",,"=""""","=""""",0,High on Love,Kindle Edition,148,2025,,,2026/09/17,to-read,to-read (#2094),to-read,,,,0,0
241307522,Q+C: The Teachers of Hardwood High,Nina High,"High, Nina",,"=""""","=""""",0,High on Love,Kindle Edition,176,2025,,,2026/09/17,to-read,to-read (#2093),to-read,,,,0,0
235688217,T+E: The Teachers of Hardwood High,Nina High,"High, Nina",,"=""""","=""""",0,,Kindle Edition,206,2025,,,2026/09/17,to-read,to-read (#2092),to-read,,,,0,0
230228562,P+B: The Teachers of Hardwood High,Nina High,"High, Nina",,"=""""","=""9798991614795""",0,High on Love,Kindle Edition,290,2025,,,2026/09/17,to-read,to-read (#2091),to-read,,,,0,0
60018635,The Very Secret Society of Irregular Witches,Sangu Mandanna,"Mandanna, Sangu",,"=""059343935X""","=""9780593439357""",0,Berkley,Paperback,318,2022,2022,,2026/09/17,"to-read, october-hopefuls","to-read (#2090), october-hopefuls (#5)",to-read,,,,0,0
203943159,"I Accidentally Summoned a Demon Boyfriend (Accidents Happen, #1)",Jessica Cage,"Cage, Jessica",,"=""1958295485""","=""9781958295489""",0,"Caged Fantasies Publications, LLC",Kindle Edition,321,2024,2024,,2026/02/06,"to-read, october-hopefuls","to-read (#1688), october-hopefuls (#4)",to-read,,,,0,0
220405379,"I Accidentally Hooked Up with a Vampire (Accidents Happen, #2)",Jessica Cage,"Cage, Jessica",,"=""1958295582""","=""9781958295588""",0,"Caged Fantasies Publications, LLC",Kindle Edition,341,2025,,,2025/02/28,"to-read, october-hopefuls","to-read (#984), october-hopefuls (#3)",to-read,,,,0,0
202927616,The Child at My Door,Sam Vickery,"Vickery, Sam",,"=""1837908214""","=""9781837908219""",0,Bookouture,Kindle Edition,306,2024,,,2026/07/09,to-read,to-read (#1974),to-read,,,,0,0
251151507,Heart Of A BBW (The Heart Series Book 1),Tyanna,"Tyanna, Tyanna",,"=""""","=""""",0,,Kindle Edition,204,2026,,,2026/07/09,"to-read, october-hopefuls","to-read (#1988), october-hopefuls (#2)",to-read,,,,0,0
40105134,Married To A Brownsville Bully,Jahquel J.,"J., Jahquel",,"=""""","=""""",5.0,Urban Chapters Publications,Kindle Edition,210,2018,,2026/09/17,2025/01/01,5-star-reads,5-star-reads (#51),read,,,,1,0
55927676,& Then There Was You,Tay Mo'Nae,"Mo'Nae, Tay",,"=""""","=""""",0,"Tay Mo'Nae Presents, LLC",Kindle Edition,298,2020,,,2026/09/16,to-read,to-read (#2089),to-read,,,,0,0
49500879,"Not Quite Perfect (Thackeray College Professors, #1; Rocky Cove, #1)",Rebecca Norinne,"Norinne, Rebecca",,"=""""","=""""",0,,Kindle Edition,254,2019,,,2026/09/16,to-read,to-read (#2088),to-read,,,,0,0
87591651,The Stand,Stephen  King,"King, Stephen",Grover Gardner,"=""""","=""""",0,BBC Audio,Audiobook,,2021,1978,,2026/09/16,to-read,to-read (#2087),to-read,,,,0,0
53146871,"Shadow Princess (Zodiac Academy, #4)",Caroline Peckham,"Peckham, Caroline",Susanne Valenti,"=""""","=""""",4.0,King's Hollow,Kindle Edition,724,2020,2020,2026/09/15,2026/08/08,,,read,,,,1,0
246523051,"The Prison Healer Series 3-Book Paperback Box Set: The Prison Healer, The Gilded Cage, The Blood Traitor",Lynette Noni,"Noni, Lynette",,"=""0063516551""","=""9780063516557""",0,HarperCollins,Paperback,1360,2026,,,2026/09/14,to-read,to-read (#2086),to-read,,,,0,0
246483055,The Siren,Tomi Adeyemi,"Adeyemi, Tomi",,"=""1250404754""","=""9781250404756""",0,Henry Holt and Co. (BYR),Hardcover,336,2026,,,2026/09/13,to-read,to-read (#2085),to-read,,,,0,0
200873601,The Color of a Lie,Kim  Johnson,"Johnson, Kim",,"=""0593118820""","=""9780593118825""",3.0,Random House Books for Young Readers,Kindle Edition,327,2024,2024,2026/09/12,2026/09/06,,,read,,,,1,0
22328546,"Red Queen (Red Queen, #1)",Victoria Aveyard,"Aveyard, Victoria",,"=""0062310631""","=""9780062310637""",0,HarperTeen,Hardcover,388,2015,2015,,2026/09/10,to-read,to-read (#2084),to-read,,,,0,0
225910699,"We Who Will Die (Empire of Blood, #1)",Stacia Stark,"Stark, Stacia",,"=""006343671X""","=""9780063436718""",0,Avon Books,Hardcover,423,2025,,,2026/09/10,to-read,to-read (#2083),to-read,,,,0,0
40275288,"The Priory of the Orange Tree (The Roots of Chaos, #1)",Samantha Shannon,"Shannon, Samantha",,"=""1408883457""","=""9781408883457""",0,Bloomsbury Publishing,ebook,848,2019,2019,,2026/09/10,to-read,to-read (#2082),to-read,,,,0,0
28965131,Behind Her Eyes,Sarah Pinborough,"Pinborough, Sarah",,"=""125011117X""","=""9781250111173""",0,Flatiron Books,Hardcover,307,2017,2017,,2026/09/10,to-read,to-read (#2081),to-read,,,,0,0
57628810,56 Days,Catherine Ryan Howard,"Howard, Catherine Ryan",,"=""1982694653""","=""9781982694654""",0,Blackstone Publishing,Hardcover,305,2021,2021,,2026/09/10,to-read,to-read (#2080),to-read,,,,0,0
53441185,Pretty Little Wife,Darby Kane,"Kane, Darby",,"=""0063016400""","=""9780063016408""",0,William Morrow Paperbacks,Paperback,403,2020,2020,,2026/09/10,to-read,to-read (#2079),to-read,,,,0,0
212421066,Famous Last Words,Gillian McAllister,"McAllister, Gillian",,"=""0063338424""","=""9780063338425""",0,William Morrow,Hardcover,336,2025,2025,,2026/09/10,to-read,to-read (#2078),to-read,,,,0,0
255360015,A Halo Like a Frisbee,Mel Dau,"Dau, Mel",,"=""""","=""""",0,B. Love Publications,Kindle Edition,182,2026,,,2026/09/10,to-read,to-read (#2077),to-read,,,,0,0
196600320,"A Legend in the Baking (Fake It Till You Bake It, #2)",Jamie Wesley,"Wesley, Jamie",,"=""1250801885""","=""9781250801883""",0,St. Martin's Griffin,Kindle Edition,,2024,2024,,2026/09/07,to-read,to-read (#2076),to-read,,,,0,0
223113410,What You Need,Kami Holt,"Holt, Kami",,"=""""","=""""",0,,Kindle Edition,219,2024,,,2026/09/05,to-read,to-read (#2075),to-read,,,,0,0
60290868,The Homecoming War,Addie Woolridge,"Woolridge, Addie",,"=""0593568672""","=""9780593568675""",3.0,Underlined,Kindle Edition,311,2023,2023,2026/09/04,2026/02/05,,,read,,,,1,0
258364166,A Waltz Before Dying (Blackthorn Season Book 1),Jaiyah Symone,"Symone, Jaiyah",,"=""""","=""""",0,,Kindle Edition,1122,2027,,,2026/09/04,to-read,to-read (#2074),to-read,,,,0,0
256245659,Black Ivy Circle (The Ivy Chronicles),Jaiyah Symone,"Symone, Jaiyah",,"=""""","=""9798309374052""",4.0,Independently published,Paperback,,2026,,2025/02/07,2025/02/07,,,read,,,,2,0
58750487,"A Touch of Darkness (Hades & Persephone, #1)",Scarlett St.  Clair,"Clair, Scarlett St.",,"=""1728258456""","=""9781728258454""",0,Bloom Books,Paperback,379,2021,2019,,2026/09/02,to-read,to-read (#2073),to-read,,,,0,0
44009544,Jackpot,Nic Stone,"Stone, Nic",,"=""1984829645""","=""9781984829641""",5.0,Crown Books for Young Readers,Kindle Edition,359,2019,2019,2026/09/02,2021/04/13,,,read,,,,1,0
217183321,"The Secret World of Maggie Grey (Drew Collins, #1)",Granger,"Granger, Granger",,"=""""","=""""",0,,Kindle Edition,450,2024,2024,,2025/08/21,"to-read, tbb-buddy-reads","to-read (#1179), tbb-buddy-reads (#16)",to-read,,,,0,0
204593711,"Immortal Dark (Immortal Dark Trilogy, #1)",Tigest Girma,"Girma, Tigest",,"=""""","=""""",0,"Little, Brown Books for Young Readers",Hardcover,432,2024,2024,,2026/08/30,"to-read, october-hopefuls","to-read (#2072), october-hopefuls (#1)",to-read,,,,0,0
20409231,"Killer Instinct (The Naturals, #2)",Jennifer Lynn Barnes,"Barnes, Jennifer Lynn",,"=""1423168321""","=""9781423168324""",3.0,Disney-Hyperion,Hardcover,375,2014,2014,2026/08/30,2026/08/07,,,read,,,,1,0
255288611,Satisfaction Guaranteed: A Werewolf Romance,Samone Bailey,"Bailey, Samone",,"=""""","=""9798996893201""",0,Samone Bailey,Paperback,304,2026,,,2026/08/28,to-read,to-read (#2071),to-read,,,,0,0
49112044,To All the Thugs I Loved That Didn't Love Me Back,Jahquel J.,"J., Jahquel",,"=""""","=""""",4.0,,Kindle Edition,270,2019,,2026/08/25,2021/07/21,,,read,,,,1,0
253910488,The Unrequited Love Department,Kristina Forest,"Forest, Kristina",,"=""166822173X""","=""9781668221730""",0,Atria Books,Paperback,320,2027,2027,,2026/08/25,to-read,to-read (#2070),to-read,,,,0,0
243471862,Heir of Prophecy,Analeigh Sbrana,"Sbrana, Analeigh",,"=""0063448327""","=""9780063448322""",0,Harper Voyager,Hardcover,448,2026,2026,,2026/08/25,to-read,to-read (#2069),to-read,,,,0,0
241652093,"Long Story Short (Pembroke Hills, #4)",Kat Singleton,"Singleton, Kat",,"=""1682816877""","=""9781682816875""",0,Entangled: Amara,Paperback,352,2026,2026,,2026/08/25,to-read,to-read (#2068),to-read,,,,0,0
43900612,Cinderella Is Dead,Kalynn  Bayron,"Bayron, Kalynn",,"=""1547603887""","=""9781547603886""",0,Bloomsbury YA,ebook,400,2020,2020,,2026/08/25,to-read,to-read (#2067),to-read,,,,0,0
57932307,"One of Us Is Back (One of Us Is Lying, #3)",Karen M. McManus,"McManus, Karen M.",,"=""0593485033""","=""9780593485033""",0,Delacorte,Kindle Edition,368,2023,2023,,2026/08/25,to-read,to-read (#2066),to-read,,,,0,0
222253967,"Don Caselli (Caselli Family, #2)",Jahquel J.,"J., Jahquel",,"=""""","=""9798992268089""",0,,Kindle Edition,424,2025,,,2025/10/27,to-read,to-read (#2064),to-read,,,,1,0
52780142,Get Out of Your Head: Stopping the Spiral of Toxic Thoughts,Jennie Allen,"Allen, Jennie",,"=""1601429649""","=""9781601429643""",0,WaterBrook,Hardcover,223,2020,2020,,2026/08/09,to-read,to-read (#2063),to-read,,,,1,0
58482479,One of Us Is Dead,Jeneva Rose,"Rose, Jeneva",,"=""8200706842""","=""9798200706846""",3.0,Blackstone Publishing,Hardcover,312,2022,2022,,2025/02/12,,,read,,,,2,0
253817803,Can I Join You?: A Why Choose Romance,Kyiris Ashley,"Ashley, Kyiris",,"=""""","=""""",0,Urban Aint Dead,Kindle Edition,196,2026,,,2026/07/09,did-not-finish,did-not-finish (#3),did-not-finish,,,,1,0
240019836,Heart of Glass,Jennifer Hillier,"Hillier, Jennifer",,"=""1250763185""","=""9781250763181""",0,Minotaur Books,Hardcover,368,2026,2026,,2026/08/10,to-read,to-read (#2062),to-read,,,,0,0
50659472,"A Court of Wings and Ruin (A Court of Thorns and Roses, #3)",Sarah J. Maas,"Maas, Sarah J.",,"=""1635575605""","=""9781635575606""",3.0,Bloomsbury Publishing,Paperback,699,2020,2017,2026/08/09,2024/05/06,,,read,,,,1,0
247321172,"The Daddy's Girl (Salacious Legacy, #3)",Sara Cate,"Cate, Sara",,"=""1464234485""","=""9781464234484""",0,Sourcebooks Casablanca,Paperback,384,2026,2026,,2026/08/09,to-read,to-read (#2061),to-read,,,,0,0
219840697,"10,000 Hours With A Rich Menace (Caselli Family, #1)",Jahquel J.,"J., Jahquel",,"=""""","=""""",5.0,,Kindle Edition,428,2025,,,2025/08/10,,,read,,,,2,0
125183533,Never Lie,Freida McFadden,"McFadden, Freida",,"=""1728296161""","=""9781728296166""",0,Poisoned Pen Press,Paperback,298,2023,2022,,2026/08/09,to-read,to-read (#2060),to-read,,,,0,0
250106949,On the Cursed Day of Christmas (Zodiac Academy #10),Caroline Peckham,"Peckham, Caroline",Susanne Valenti,"=""1918335052""","=""9781918335057""",0,King's Hollow,Hardcover,388,2026,2026,,2026/08/08,to-read,to-read (#2059),to-read,,,,0,0
198954263,"Restless Stars (Zodiac Academy, #9)",Caroline Peckham,"Peckham, Caroline",Susanne Valenti,"=""""","=""""",0,King's Hollow,Kindle Edition,1109,2024,2024,,2026/08/08,to-read,to-read (#2058),to-read,,,,0,0
207603149,"Live and Let Lionel (Zodiac Academy, #8.6)",Caroline Peckham,"Peckham, Caroline",Susanne Valenti,"=""""","=""""",0,King's Hollow,Kindle Edition,332,2024,2024,,2026/08/08,to-read,to-read (#2057),to-read,,,,0,0
177899172,"Beyond the Veil (Zodiac Academy, #8.5)",Caroline Peckham,"Peckham, Caroline",Susanne Valenti,"=""""","=""""",0,King's Hollow,Kindle Edition,416,2023,2023,,2026/08/08,to-read,to-read (#2056),to-read,,,,0,0
56474282,"Heartless Sky (Zodiac Academy, #7)",Caroline Peckham,"Peckham, Caroline",Susanne Valenti,"=""""","=""""",0,Amazon Digital Services,Kindle Edition,991,2021,2021,,2026/08/08,to-read,to-read (#2055),to-read,,,,0,0
53535526,"Fated Throne (Zodiac Academy, #6)",Caroline Peckham,"Peckham, Caroline",Susanne Valenti,"=""""","=""""",0,King's Hollow,Kindle Edition,823,2020,2020,,2026/08/08,to-read,to-read (#2054),to-read,,,,0,0
59412252,"Seth on the Moon (Zodiac Academy, #5.6)",Caroline Peckham,"Peckham, Caroline",Susanne Valenti,"=""""","=""""",0,,ebook,11,2021,2021,,2026/08/08,to-read,to-read (#2053),to-read,,,,0,0
54798561,"The Big A.S.S. Party (Zodiac Academy, #5.5)",Caroline Peckham,"Peckham, Caroline",Susanne Valenti,"=""""","=""""",0,Independently Published,Kindle Edition,98,2020,2020,,2026/08/08,to-read,to-read (#2052),to-read,,,,0,0
59690022,"Night (Zodiac Academy, #5.4)",Caroline Peckham,"Peckham, Caroline",Susanne Valenti,"=""""","=""""",0,,Kindle Edition,40,2021,2021,,2026/08/08,to-read,to-read (#2051),to-read,,,,0,0
50391615,"Cursed Fates (Zodiac Academy, #5)",Caroline Peckham,"Peckham, Caroline",Susanne Valenti,"=""""","=""""",0,King's Hollow,Kindle Edition,886,2020,2020,,2026/08/08,to-read,to-read (#2050),to-read,,,,0,0
243236359,On Everything 3,Black Lavish,"Lavish, Black",,"=""""","=""""",0,,Kindle Edition,228,2025,,,2026/08/08,to-read,to-read (#2049),to-read,,,,0,0
241452120,Yes! Professor Hendrix,Mary C. KIM,"KIM, Mary C.",Jacquie Young,"=""106947584X""","=""9781069475848""",0,KL PENS.,Kindle Edition,134,2025,,,2026/08/08,to-read,to-read (#2048),to-read,,,,0,0
123258484,In the Gray,B.B. Reid,"Reid, B.B.",,"=""""","=""""",0,Bebe's Reads LLC,Kindle Edition,440,2023,2023,,2026/08/08,to-read,to-read (#2047),to-read,,,,0,0
223339514,Phases,Brandy,"Brandy, Brandy",,"=""133501327X""","=""9781335013279""",0,Hanover Square Press,Hardcover,384,2026,,,2026/08/08,to-read,to-read (#2046),to-read,,,,0,0
250163569,The Poison Daughter,Sheila Masterson,"Masterson, Sheila",,"=""1638935971""","=""9781638935971""",0,Slowburn,Hardcover,672,2026,2025,,2026/08/08,to-read,to-read (#2045),to-read,,,,0,0
230848723,The Poison Daughter,Sheila Masterson,"Masterson, Sheila",,"=""""","=""""",0,,Kindle Edition,668,2025,2025,,2026/08/08,to-read,to-read (#2044),to-read,,,,0,0
250018556,Quest: The Banks Empire,N'Dia Rae,"Rae, N'Dia",,"=""""","=""""",0,Obsidian Scribe Media,Kindle Edition,336,2026,,,2026/08/08,to-read,to-read (#2043),to-read,,,,0,0
244530957,Seduced by stone: african american paranormal romance,Melody Lynch,"Lynch, Melody",,"=""""","=""""",0,Spicy Scorpio Publishing,Kindle Edition,345,2026,,,2026/08/08,to-read,to-read (#2042),to-read,,,,0,0
224004483,Girls Who Play Dead,Joelle Wellington,"Wellington, Joelle",,"=""1665974435""","=""9781665974431""",0,Simon & Schuster Books for Young Readers,Hardcover,416,2025,2025,,2026/08/08,to-read,to-read (#2041),to-read,,,,0,0
199798445,The Blonde Dies First,Joelle Wellington,"Wellington, Joelle",,"=""1665922451""","=""9781665922456""",0,Simon & Schuster Books for Young Readers,Hardcover,336,2024,2024,,2026/08/08,to-read,to-read (#2040),to-read,,,,0,0
48758357,Butterfly 2,Ashley  Antoinette,"Antoinette, Ashley",,"=""1250136385""","=""9781250136381""",0,St. Martin's Griffin,Paperback,304,2020,2020,,2023/07/17,to-read,to-read (#456),to-read,,,,0,0
60558192,Confessions of a Hustla's Housekeeper (Mathers Family #1),Jahquel J.,"J., Jahquel",,"=""""","=""""",0,Urban Chapters Publications,Kindle Edition,281,2022,,,2025/01/01,to-read,to-read (#1996),to-read,,,,1,0
254959493,Betrothed To Love (Bako Brothers Book 1),Charity Shane',"Shane', Charity",,"=""""","=""""",0,KMP,Kindle Edition,329,2026,,,2026/07/07,to-read,to-read (#1961),to-read,,,,0,0
227939188,Till Summer Do Us Part,Meghan Quinn,"Quinn, Meghan",,"=""1959442341""","=""9781959442349""",0,,Kindle Edition,434,2025,2025,,2026/07/09,to-read,to-read (#2024),to-read,,,,1,0
146943294,"Binding 13 (Boys of Tommen, #1)",Chloe Walsh,"Walsh, Chloe",,"=""1728299950""","=""9781728299952""",0,Bloom Books,Kindle Edition,618,2023,2018,,2025/01/03,to-read,to-read (#788),to-read,,,,0,0
58510338,Butterfly 4,Ashley  Antoinette,"Antoinette, Ashley",,"=""""","=""""",0,,Paperback,,2021,,,2026/08/07,to-read,to-read (#2039),to-read,,,,0,0
49127407,Butterfly 3,Ashley  Antoinette,"Antoinette, Ashley",,"=""1250136407""","=""9781250136404""",0,Griffin,Paperback,272,2020,2020,,2026/08/07,to-read,to-read (#2038),to-read,,,,0,0
63902228,Snow King Catches His Snowflake,A.E. Valdez,"Valdez, A.E.",,"=""""","=""""",0,,Kindle Edition,231,2022,2022,,2026/08/07,to-read,to-read (#2037),to-read,,,,0,0
60769836,How to Find a Missing Girl,Victoria Wlosok,"Wlosok, Victoria",,"=""""","=""""",0,"Little, Brown",Kindle Edition,320,2023,2023,,2026/08/07,to-read,to-read (#2036),to-read,,,,0,0
240019831,Pretty Dead Things,Kelsey  Cox,"Cox, Kelsey",,"=""1250378842""","=""9781250378842""",0,Minotaur Books,Hardcover,336,2026,2026,,2026/08/07,to-read,to-read (#2035),to-read,,,,0,0
254313504,The Love We Choose: African Romantic Drama,Juliet Ameh,"Ameh, Juliet",,"=""9786880684""","=""9789786880686""",0,Tales & Whispers,Paperback,325,2026,,,2026/08/07,to-read,to-read (#2034),to-read,,,,0,0
42729452,More Than Enough: Claiming Space for Who You Are (No Matter What They Say),Elaine Welteroth,"Welteroth, Elaine",,"=""0525561587""","=""9780525561583""",0,Viking,Hardcover,336,2019,2019,,2026/08/07,to-read,to-read (#2033),to-read,,,,0,0
77157182,"Three Queens (Filthy Rich Vampires, #3)",Geneva Lee,"Lee, Geneva",,"=""""","=""9781945163777""",0,Estate Publishing,Kindle Edition,356,2023,2023,,2026/08/07,to-read,to-read (#2032),to-read,,,,0,0
247979693,Double Booked,Soleil,"Soleil, Soleil",,"=""""","=""""",0,B. Love Publications,Kindle Edition,124,2026,,,2026/08/07,to-read,to-read (#2031),to-read,,,,0,0
241715576,Dearly Departed,Chip Pons,"Pons, Chip",,"=""""","=""9798217179558""",0,G.P. Putnam's Sons,Paperback,400,2026,2026,,2026/08/07,to-read,to-read (#2030),to-read,,,,0,0
241039359,"Score (Hollywood Renaissance, #2)",Kennedy Ryan,"Ryan, Kennedy",,"=""1538769654""","=""9781538769652""",0,Forever,Paperback,448,2026,2026,,2026/08/07,to-read,to-read (#2029),to-read,,,,0,0
244111715,From the Stars They Came (From the Stars They Came #1),Anastasia Ehm,"Ehm, Anastasia",,"=""""","=""""",0,,Kindle Edition,267,2025,,,2026/08/07,to-read,to-read (#2028),to-read,,,,0,0
230102007,Grim from the Streets (LBR INC Book 3),Nikqua,"Nikqua, Nikqua",,"=""""","=""""",0,B. Love Publications,Kindle Edition,196,2025,,,2026/08/07,to-read,to-read (#2027),to-read,,,,0,0
58438593,The Soulmate Equation,Christina Lauren,"Lauren, Christina",,"=""1982171111""","=""9781982171117""",0,Gallery Books,Paperback,360,2022,2021,,2026/08/07,to-read,to-read (#2026),to-read,,,,0,0
210205557,No Place Left to Hide,Megan Lally,"Lally, Megan",,"=""1728270162""","=""9781728270166""",0,Sourcebooks Fire,Kindle Edition,264,2025,2025,,2026/08/07,to-read,to-read (#2025),to-read,,,,0,0
57849105,"Savage Fae (Ruthless Boys of the Zodiac, #2)",Caroline Peckham,"Peckham, Caroline",Susanne Valenti,"=""""","=""""",3.0,King's Hollow,Kindle Edition,542,2021,2019,2026/08/06,2026/07/28,,,read,,,,1,0
51066462,Ethic 6,Ashley  Antoinette,"Antoinette, Ashley",,"=""""","=""""",4.0,Ashley Antoinette Inc,Kindle Edition,446,2019,,2026/08/04,2024/02/09,,,read,,,,1,0
45224133,Ethic 5,Ashley  Antoinette,"Antoinette, Ashley",,"=""""","=""""",5.0,Ashley Antoinette Inc,Kindle Edition,320,2019,,2026/07/27,2024/02/09,,,read,,,,1,0
182358656,"Dark Fae (Ruthless Boys of the Zodiac, #1)",Caroline Peckham,"Peckham, Caroline",Susanne Valenti,"=""""","=""""",2.0,King's Hollow,Kindle Edition,466,2019,2019,2026/07/27,2026/07/18,,,read,,,,1,0
43718201,Ethic 4,Ashley  Antoinette,"Antoinette, Ashley",,"=""""","=""""",5.0,,Kindle Edition,264,2019,,2026/07/25,2024/02/09,,,read,,,,1,0
251510978,If This World Were Mine,Arriel Vinson,"Vinson, Arriel",,"=""0593858646""","=""9780593858646""",0,G.P. Putnam's Sons Books for Young Readers,Paperback,416,2027,,,2026/06/30,to-read,to-read (#1937),to-read,,,,0,0
240946619,"Unapologetically FIERCE (Unapologetically, #1)",Dominique Black,"Black, Dominique",,"=""""","=""""",0,,Kindle Edition,394,2025,,,2026/07/22,to-read,to-read (#2023),to-read,,,,0,0
129170836,"The Anti-Hero (The Goode Brothers, #1)",Sara Cate,"Cate, Sara",,"=""""","=""""",0,,Kindle Edition,366,2023,2023,,2026/07/19,to-read,to-read (#2022),to-read,,,,0,0
181515980,"The Home Wrecker (The Goode Brothers, #2)",Sara Cate,"Cate, Sara",,"=""""","=""""",0,,Kindle Edition,460,2024,2024,,2026/07/19,to-read,to-read (#2021),to-read,,,,0,0
59043297,Burn for Me,Sara Cate,"Cate, Sara",,"=""""","=""""",0,,Kindle Edition,294,2021,2021,,2026/07/19,to-read,to-read (#2020),to-read,,,,0,0
210196819,"The Heartbreaker (The Goode Brothers, #3)",Sara Cate,"Cate, Sara",,"=""""","=""""",0,,Kindle Edition,362,2024,2024,,2026/07/19,to-read,to-read (#2019),to-read,,,,0,0
215951585,"The Prodigal Son (The Goode Brothers, #4)",Sara Cate,"Cate, Sara",,"=""""","=""""",0,,Kindle Edition,412,2025,2025,,2026/07/19,to-read,to-read (#2018),to-read,,,,0,0
233764541,Dreaux: The Corporate Assassin (Boudreaux Mafia Series Book 3),Nek Mills,"Mills, Nek",,"=""""","=""""",0,,Kindle Edition,339,2025,,,2026/07/19,to-read,to-read (#2017),to-read,,,,0,0
18775334,The Butcher,Jennifer Hillier,"Hillier, Jennifer",,"=""1476734216""","=""9781476734217""",0,Gallery Books,Hardcover,352,2014,2014,,2026/07/19,to-read,to-read (#2016),to-read,,,,0,0
239399508,"The Gilded Blade (The Grandest Game, #3)",Jennifer Lynn Barnes,"Barnes, Jennifer Lynn",,"=""0316593087""","=""9780316593083""",0,"Little, Brown Books for Young Readers",Hardcover,528,2026,2026,,2026/07/19,to-read,to-read (#2015),to-read,,,,0,0
197392670,"The Grandest Game (The Grandest Game, #1)",Jennifer Lynn Barnes,"Barnes, Jennifer Lynn",,"=""0316481017""","=""9780316481014""",0,"Little, Brown Books for Young Readers",Hardcover,384,2024,2024,,2026/07/19,to-read,to-read (#2013),to-read,,,,0,0
216635092,"Glorious Rivals (The Grandest Game, #2)",Jennifer Lynn Barnes,"Barnes, Jennifer Lynn",,"=""0316481319""","=""9780316481311""",0,"Little, Brown Books for Young Readers",Hardcover,432,2025,2025,,2026/07/19,to-read,to-read (#2014),to-read,,,,0,0
62804258,"The Brothers Hawthorne (The Inheritance Games, #4)",Jennifer Lynn Barnes,"Barnes, Jennifer Lynn",,"=""0316480770""","=""9780316480772""",0,"Little, Brown Books for Young Readers",Hardcover,480,2023,2023,,2026/07/19,to-read,to-read (#2012),to-read,,,,0,0
228646235,"The Same Backward as Forward (The Inheritance Games, #0)",Jennifer Lynn Barnes,"Barnes, Jennifer Lynn",,"=""031659122X""","=""9780316591225""",0,"Little, Brown Books for Young Readers",Hardcover,400,2025,2025,,2026/07/19,to-read,to-read (#2011),to-read,,,,0,0
208209832,Games Untold: An Inheritance Games Collection,Jennifer Lynn Barnes,"Barnes, Jennifer Lynn",,"=""031657371X""","=""9780316573719""",0,"Little, Brown Books for Young Readers",Hardcover,448,2024,2024,,2026/07/19,to-read,to-read (#2010),to-read,,,,0,0
242000541,Doe,Rebecca Barrow,"Barrow, Rebecca",,"=""""","=""9798217006335""",0,Nancy Paulsen Books,Hardcover,368,2026,2026,,2026/07/19,to-read,to-read (#2009),to-read,,,,0,0
242109300,"Bound (Bound and Unbound, #1)",Ali Hazelwood,"Hazelwood, Ali","Brittany Pressley, William MacLeod","=""""","=""""",0,,Audiobook,8,2025,2025,,2026/07/19,to-read,to-read (#2008),to-read,,,,0,0
252252448,"Unbound (Bound and Unbound, #2)",Ali Hazelwood,"Hazelwood, Ali",,"=""""","=""""",0,Spotify Audiobooks,Audiobook,,2026,2026,,2026/07/19,to-read,to-read (#2007),to-read,,,,0,0
234292648,"Dire Bound (The Wolves of Ruin, #1)",Sable Sorensen,"Sorensen, Sable",,"=""0316601403""","=""9780316601405""",0,Requited,Kindle Edition,605,2025,2025,,2026/07/19,to-read,to-read (#2006),to-read,,,,0,0
63112300,The Summer House,Keri Beevis,"Beevis, Keri",,"=""1804151343""","=""9781804151341""",0,Boldwood Books,Kindle Edition,359,2023,2023,,2026/07/19,to-read,to-read (#2005),to-read,,,,0,0
241434385,"The Summer Girlfriend (Heart Beach, #1)",Kristina Forest,"Forest, Kristina",,"=""0593956397""","=""9780593956397""",0,Berkley,Paperback,400,2026,2026,,2026/07/19,to-read,to-read (#2004),to-read,,,,0,0
26859212,"Save Me If You Can (If You Can, #3)",Christina C. Jones,"Jones, Christina C.",,"=""""","=""""",0,,Kindle Edition,251,2015,2015,,2026/07/19,to-read,to-read (#2003),to-read,,,,0,0
236041540,The Therapist,Nicole  Trope,"Trope, Nicole",,"=""1805500392""","=""9781805500391""",0,Bookouture,Kindle Edition,272,2025,2025,,2026/07/19,to-read,to-read (#2002),to-read,,,,0,0
242299259,Keep Them Close,David  Ellis,"Ellis, David",,"=""""","=""9798217045884""",0,G.P. Putnam's Sons,Kindle Edition,363,2026,2026,,2026/07/19,to-read,to-read (#2001),to-read,,,,0,0
250057620,Glimpses of the Dreamwood,Brian Ligouri,"Ligouri, Brian",,"=""""","=""9798995254003""",0,Brian Ligouri,Paperback,279,2026,,,2026/07/19,to-read,to-read (#2000),to-read,,,,0,0
56653002,"Twisted Games (Twisted, #2)",Ana Huang,"Huang, Ana",,"=""""","=""""",0,,Kindle Edition,456,2021,2021,,2023/03/06,to-read,to-read (#1999),to-read,,,,1,0
49551172,"The Reckoning (Zodiac Academy, #3)",Caroline Peckham,"Peckham, Caroline",Susanne Valenti,"=""""","=""""",4.0,King's Hollow,Kindle Edition,562,2019,2019,2026/07/17,2025/03/29,,,read,,,,1,0
251500874,Owned by Mr. Ashford: A Boss/Employee Erotica,Miss Jane,"Jane, Miss",,"=""""","=""""",0,,Kindle Edition,49,2026,,,2026/07/14,to-read,to-read (#1998),to-read,,,,0,0
250609186,Wife For Hire: A Sugar Daddy Erotic Romance (The Sugar Daddy Chronicles Book 2),Miss Jane,"Jane, Miss",,"=""""","=""""",0,,Kindle Edition,40,2026,,,2026/07/14,to-read,to-read (#1997),to-read,,,,0,0
27823357,"The Naturals (The Naturals, #1)",Jennifer Lynn Barnes,"Barnes, Jennifer Lynn",,"=""""","=""""",3.0,Disney Hyperion,Kindle Edition,321,2013,2013,2026/07/10,2026/02/05,,,read,,,,1,0
240187298,Dissection of a Murder,Jo Murray,"Murray, Jo",,"=""""","=""9798217177004""",0,Dutton,Paperback,416,2026,2026,,2026/07/09,to-read,to-read (#1995),to-read,,,,0,0
240019566,The Final Target,Nora Roberts,"Roberts, Nora",,"=""1250413583""","=""9781250413581""",0,St. Martin's Press,Hardcover,419,2026,2026,,2026/07/09,to-read,to-read (#1994),to-read,,,,0,0
240019887,Hot Girl Murder Club,Ashley Winstead,"Winstead, Ashley",,"=""1250401216""","=""9781250401212""",0,Minotaur Books,Hardcover,336,2026,2026,,2026/07/09,to-read,to-read (#1993),to-read,,,,0,0
238549268,"The Secrets We Hide (North Falls, #2)",Karin Slaughter,"Slaughter, Karin",,"=""0063458780""","=""9780063458789""",0,William Morrow,Hardcover,416,2026,2026,,2026/07/09,to-read,to-read (#1992),to-read,,,,0,0
28587946,Who Killed These Girls?: Cold Case: The Yogurt Shop Murders,Beverly Lowry,"Lowry, Beverly",,"=""0307594114""","=""9780307594112""",0,Knopf,Hardcover,488,2016,2016,,2026/07/09,to-read,to-read (#1991),to-read,,,,0,0
32854499,Most of All You,Mia Sheridan,"Sheridan, Mia",,"=""1538727323""","=""9781538727324""",0,Forever,Kindle Edition,352,2017,2017,,2026/07/09,to-read,to-read (#1990),to-read,,,,0,0
242764842,To Drown a Witch,Lindsey Olsson,"Olsson, Lindsey",,"=""""","=""9798217004799""",0,G.P. Putnam's Sons Books for Young Readers,Hardcover,352,2026,2026,,2026/07/09,to-read,to-read (#1989),to-read,,,,0,0
248270503,Special Delivery 2 (Ahmad & Taelyn),Thee Tasha Marie,"Marie, Thee Tasha",,"=""""","=""""",0,,Kindle Edition,101,2026,,,2026/07/09,to-read,to-read (#1987),to-read,,,,0,0
248184237,"Booked Boyfriends, Bad Decisions",A. Blossom,"Blossom, A.",,"=""""","=""""",0,B. Love Publications,Kindle Edition,183,2026,,,2026/07/09,to-read,to-read (#1986),to-read,,,,0,0
247077852,Power Play: An Erotic Valentine's Friends To Lovers Novelette,Miko Janel,"Janel, Miko",,"=""""","=""""",0,,Kindle Edition,71,2026,,,2026/07/09,to-read,to-read (#1985),to-read,,,,0,0
245907480,Special Delivery (Ahmad & Taelyn Book 1),Thee Tasha Marie,"Marie, Thee Tasha",,"=""""","=""""",0,,Kindle Edition,54,2025,,,2026/07/09,to-read,to-read (#1984),to-read,,,,0,0
243822021,Never Been Fucked,Monaye Paris,"Paris, Monaye",,"=""""","=""""",0,,Kindle Edition,41,2025,,,2026/07/09,to-read,to-read (#1983),to-read,,,,0,0
221544394,"We Are All Guilty Here (North Falls, #1)",Karin Slaughter,"Slaughter, Karin",,"=""0063336774""","=""9780063336773""",0,William Morrow,Hardcover,439,2025,2025,,2026/07/09,to-read,to-read (#1982),to-read,,,,0,0
252446845,Mercedees: Forever An Atkins (Atkins Family Saga #4),Connie Easton,"Easton, Connie",,"=""""","=""""",0,,Kindle Edition,221,2026,2026,,2026/07/09,to-read,to-read (#1981),to-read,,,,0,0
221987803,Hood Shiesty (Zoo Boyz: Street Chaos Book 4),Tatiana Timmons,"Timmons, Tatiana",Jorielle Williams,"=""""","=""""",0,,Kindle Edition,243,2024,,,2026/07/09,to-read,to-read (#1980),to-read,,,,0,0
248929848,Therapy Session: Session Two,D. Scott,"Scott, D.",,"=""""","=""""",0,,Kindle Edition,146,2026,,,2026/07/09,to-read,to-read (#1979),to-read,,,,0,0
251847423,Flamebound: Draegonhart Bonds,September  Knight,"Knight, September",,"=""""","=""""",0,,Kindle Edition,397,2026,,,2026/07/09,to-read,to-read (#1978),to-read,,,,0,0
230141831,Your Husband's Fault,Kerry Wilkinson,"Wilkinson, Kerry",,"=""1836187211""","=""9781836187219""",0,Bookouture,Kindle Edition,306,2025,2025,,2026/07/09,to-read,to-read (#1977),to-read,,,,0,0
240687405,Murder by the Book,J.L. Campbell,"Campbell, J.L.",,"=""1957950919""","=""9781957950914""",0,Kensington,Paperback,305,2026,,,2026/07/09,to-read,to-read (#1976),to-read,,,,0,0
77993985,The School Trip,Miranda  Smith,"Smith, Miranda",,"=""1837900558""","=""9781837900558""",0,Bookouture,Kindle Edition,280,2023,2023,,2026/07/09,to-read,to-read (#1975),to-read,,,,0,0
244446325,Christmas in Hartford,G.P. Jackson,"Jackson, G.P.",,"=""""","=""""",0,,Kindle Edition,73,2025,,,2026/07/09,to-read,to-read (#1973),to-read,,,,0,0
243143013,The Weight Of Us,Camille V.,"V., Camille",,"=""""","=""""",0,elle kay gee publications,Kindle Edition,428,2025,,,2026/07/09,to-read,to-read (#1972),to-read,,,,0,0
252629290,Married To Money: An Unhinged Gangsta Romance,Thee Tasha Marie,"Marie, Thee Tasha",,"=""""","=""""",0,,Kindle Edition,375,2026,,,2026/07/09,to-read,to-read (#1971),to-read,,,,0,0
250891506,A Don's Love: The Bonetti Family,Masterpiece,"Masterpiece, Masterpiece",,"=""""","=""""",0,Masterpiece Presents,Kindle Edition,395,2026,,,2026/07/09,to-read,to-read (#1970),to-read,,,,0,0
245928186,Under His Law,Rosè Dior,"Dior, Rosè",,"=""""","=""""",0,B. Love Publications,Kindle Edition,252,2025,,,2026/07/09,to-read,to-read (#1969),to-read,,,,0,0
252534832,A Mighty Good Man,Mel Dau,"Dau, Mel",,"=""""","=""""",0,,Kindle Edition,140,2026,,,2026/07/09,to-read,to-read (#1968),to-read,,,,0,0
246368679,"Respectfully, Kennedy (Checkmate: Dyab Je Ble vs Larenn Book 2)",Antoinette Sherell,"Sherell, Antoinette",,"=""""","=""""",0,,Kindle Edition,435,2026,,,2026/07/09,to-read,to-read (#1967),to-read,,,,0,0
250939460,His Remedy to the Madness: A Waynesville Love Story,Aubreé Pynn,"Pynn, Aubreé",The Editing Boutique,"=""""","=""""",0,"APXCB, LLC",Kindle Edition,416,2026,,,2026/07/09,to-read,to-read (#1966),to-read,,,,0,0
239444948,"Shadow Games (The South-Hurst Syndicate, #5)",Dominique Black,"Black, Dominique",,"=""""","=""""",0,,Kindle Edition,392,2025,,,2026/07/09,to-read,to-read (#1965),to-read,,,,0,0
252485110,A Sinner's Prayer: An Urban Love Story,Tucora Monique,"Monique, Tucora",,"=""""","=""""",0,,Kindle Edition,173,2026,,,2026/07/09,to-read,to-read (#1964),to-read,,,,0,0
124936370,Catch My Gaze: A St. Rowe Urban Romance (St. Rowe Saga Book 1),Kellz Kimberly,"Kimberly, Kellz",,"=""""","=""""",0,Kellz K Publishing,Kindle Edition,394,2023,,,2026/07/09,to-read,to-read (#1963),to-read,,,,0,0
129235264,Road To Malevolence: A Psychological Tale of Innocence Lost and Vengeance Awakened,Samyra Alexander,"Alexander, Samyra",,"=""""","=""""",0,Samyra Alexander,ebook,262,2022,,,2026/07/09,to-read,to-read (#1962),to-read,,,,0,0
51966347,"Ruthless Fae (Zodiac Academy, #2)",Caroline Peckham,"Peckham, Caroline",Susanne Valenti,"=""""","=""""",5.0,King's Hollow,Kindle Edition,475,2019,2019,2026/07/09,2025/03/29,,,read,,,,1,0
237928033,Rich and Rotten,Jahquel J.,"J., Jahquel",,"=""1957950900""","=""9781957950907""",3.0,Black Odyssey Media,Kindle Edition,225,2026,,,2026/04/19,,,read,,,,2,0
210387742,Bourbon & Lies (The Bourbon Boys #1),Victoria   Wilder,"Wilder, Victoria",,"=""""","=""""",3.0,,Kindle Edition,450,2024,2024,2026/07/08,2026/05/16,,,read,,,,1,0
75257189,The Mother Next Door,Leah Mercer,"Mercer, Leah",,"=""1837903174""","=""9781837903177""",0,Bookouture,Kindle Edition,255,2023,2023,,2026/07/07,to-read,to-read (#1960),to-read,,,,0,0
251328923,Nemesis,Harper    Black,"Black, Harper",,"=""0983807027""","=""9780983807025""",0,Black Femme Noir,Paperback,388,2026,2026,,2026/07/07,to-read,to-read (#1959),to-read,,,,0,0
39085465,"A Song Below Water (A Song Below Water, #1)",Bethany C. Morrow,"Morrow, Bethany C.",,"=""1250315328""","=""9781250315328""",0,Tor Teen,Hardcover,288,2020,2020,,2026/07/07,to-read,to-read (#1958),to-read,,,,0,0
219542918,"Kiss of the Basilisk (Split or Swallow, #1)",Lindsay Straube,"Straube, Lindsay",,"=""1464247579""","=""9781464247576""",0,Bloom Books,Paperback,528,2025,2024,,2026/07/07,to-read,to-read (#1957),to-read,,,,0,0
56720416,Crave Part 1,Shae Sanders,"Sanders, Shae",,"=""""","=""""",0,Pink Sands,Kindle Edition,332,2021,,,2026/07/07,to-read,to-read (#1956),to-read,,,,0,0
242296363,Mahogany: Book Two (Soul Ties 5),Miss Candice,"Candice, Miss",,"=""""","=""""",0,"Miss Candice Presents, LLC.",Kindle Edition,267,2025,,,2026/07/07,to-read,to-read (#1955),to-read,,,,0,0
246206090,Dreu (Langston Brothers),Masterpiece,"Masterpiece, Masterpiece",,"=""""","=""9798242794887""",0,Independently published,Paperback,282,2026,,,2026/07/07,to-read,to-read (#1954),to-read,,,,0,0
249205927,"Love, unfinished (Horizon Point Series Book 1)",D.A. Alston,"Alston, D.A.",Gregory Hedgepeth,"=""""","=""9798995124115""",0,Bowker,Kindle Edition,420,2026,,,2026/07/07,to-read,to-read (#1953),to-read,,,,0,0
215507568,The Billionaire's Belle,B. Love,"Love, B.",,"=""""","=""""",0,Prolific Pen Pusher,Kindle Edition,167,2024,,,2026/07/07,to-read,to-read (#1952),to-read,,,,0,0
38739562,With the Fire on High,Elizabeth Acevedo,"Acevedo, Elizabeth",,"=""0062662856""","=""9780062662859""",0,Quill Tree Books,ebook,395,2019,2019,,2026/07/07,to-read,to-read (#1951),to-read,,,,0,0
57693495,Never Tell,Selena Montgomery,"Montgomery, Selena",Stacey Abrams,"=""1250805821""","=""9781250805829""",0,Griffin,Paperback,320,2022,2004,,2026/07/07,to-read,to-read (#1950),to-read,,,,0,0
75466335,The Stranger in Our House,Sarah A. Denzil,"Denzil, Sarah A.",,"=""""","=""""",0,,Kindle Edition,267,2023,2023,,2026/07/07,to-read,to-read (#1949),to-read,,,,0,0
27424547,"Bad Blood (The Naturals, #4)",Jennifer Lynn Barnes,"Barnes, Jennifer Lynn",,"=""1484757327""","=""9781484757321""",0,Disney-Hyperion,Hardcover,384,2016,2016,,2026/07/07,to-read,to-read (#1948),to-read,,,,0,0
216497090,"Opal Watson, Private Eye (Opal Watson #1)",Brittany J.  Thurman,"Thurman, Brittany J.",,"=""0063326493""","=""9780063326491""",0,Storytide,Hardcover,224,2025,,,2026/07/07,to-read,to-read (#1947),to-read,,,,0,0
219240806,"The Perfect Divorce (Perfect, #2)",Jeneva Rose,"Rose, Jeneva",,"=""""","=""9798874620936""",4.0,"Blackstone Publishing, Inc.",Hardcover,288,2025,2025,2026/07/07,2024/10/07,,,read,,,,1,0
210825471,"King of Envy (Kings of Sin, #5)",Ana Huang,"Huang, Ana",,"=""""","=""""",4.0,,Kindle Edition,530,2025,2025,2026/07/06,2025/01/03,,,read,,,,1,0
46261182,"The Awakening (Zodiac Academy, #1)",Caroline Peckham,"Peckham, Caroline",Susanne Valenti,"=""""","=""""",4.0,Dark Ink Publishing,Kindle Edition,436,2019,2019,,2025/03/27,,,read,,,,2,0
253970077,This Time I'm Ready,Ellie  Bishop,"Bishop, Ellie",,"=""""","=""""",0,,Kindle Edition,458,2026,,,2026/07/05,to-read,to-read (#1946),to-read,,,,0,0
204799523,"The Oath (Secrets, #1)",T.M. Richardson,"Richardson, T.M.",,"=""""","=""""",0,TM Richardson,Kindle Edition,302,2024,,,2026/07/05,to-read,to-read (#1945),to-read,,,,0,0
62021518,SUMMER FLING IN ATLANTA WITH A BOSS N*GGA,A.K. Scott,"Scott, A.K.",,"=""""","=""""",0,RACQUEL WILLIAMS PRESENTS LLC,Kindle Edition,71,2022,,,2026/07/05,to-read,to-read (#1944),to-read,,,,0,0
216942088,His Summer Side Piece,Kyiris Ashley,"Ashley, Kyiris",,"=""""","=""""",0,URBAN AINT DEAD,Kindle Edition,100,2024,,,2026/07/05,to-read,to-read (#1943),to-read,,,,0,0
52831200,"From Blood and Ash (Blood and Ash, #1)",Jennifer L. Armentrout,"Armentrout, Jennifer L.",,"=""1952457017""","=""9781952457012""",0,Blue Box Press,ebook,622,2020,2020,,2025/01/12,to-read,to-read (#798),to-read,,,,0,0
35453782,Between His Sheets: A Dangerous Love Affair,Dinki Jai,"Jai, Dinki",,"=""""","=""""",3.0,Dinki Jai,Kindle Edition,143,2017,,2026/07/01,2026/06/11,,,read,,,,1,0
252062783,Choosing Aaron: A Black Paranormal Romance (Wintermoon Academy Book 1),Tessa Stone,"Stone, Tessa",,"=""""","=""""",4.0,,Kindle Edition,454,2026,,2026/07/01,2026/05/12,,,read,,,,1,0
194692117,"Holding (St. Louis Sires, #2)",Alexandria  House,"House, Alexandria",,"=""""","=""""",0,,ebook,242,2023,2023,,2026/06/30,to-read,to-read (#1942),to-read,,,,0,0
254591967,Written For Me (Romantic Short),Dominique Black,"Black, Dominique",,"=""""","=""""",0,,Kindle Edition,69,2026,,,2026/06/30,to-read,to-read (#1941),to-read,,,,0,0
239418766,Before I Let Go,Jazz Moore,"Moore, Jazz",Nicole Jackson,"=""""","=""""",0,Nicole Jackson Presents,Kindle Edition,200,2025,,,2026/06/30,to-read,to-read (#1940),to-read,,,,0,0
59063078,Treble,Rilzy Adams,"Adams, Rilzy",,"=""""","=""""",0,,Kindle Edition,109,2021,2021,,2026/06/30,to-read,to-read (#1939),to-read,,,,0,0
231474493,"King of Gluttony (Kings of Sin, #6)",Ana Huang,"Huang, Ana",,"=""1728289777""","=""9781728289779""",0,Bloom Books,Paperback,432,2026,2026,,2026/06/30,to-read,to-read (#1938),to-read,,,,0,0
42614370,Ethic 3,Ashley  Antoinette,"Antoinette, Ashley",,"=""""","=""""",4.0,Ashley Antoinette Inc,Kindle Edition,264,2018,,,2026/04/19,,,read,,,,2,0
53450790,"The Perfect Marriage (Perfect, #1)",Jeneva Rose,"Rose, Jeneva",,"=""1913419657""","=""9781913419653""",4.0,Bloodhound Books,Paperback,337,2020,2020,2026/06/17,2022/08/23,,,read,,,,1,0
56383038,Never Saw Me Coming,Vera Kurian,"Kurian, Vera",,"=""0778311554""","=""9780778311553""",0,Park Row,Hardcover,400,2021,2021,,2026/06/15,to-read,to-read (#1936),to-read,,,,0,0
58386733,The Violin Conspiracy,Brendan Slocumb,"Slocumb, Brendan",,"=""0593315413""","=""9780593315415""",0,Anchor,Hardcover,342,2022,2022,,2026/06/15,to-read,to-read (#1935),to-read,,,,0,0
61280556,"Every Man a King (King Oliver, #2)",Walter Mosley,"Mosley, Walter",,"=""0316460214""","=""9780316460217""",0,Mulholland Books,Hardcover,324,2023,2023,,2026/06/15,to-read,to-read (#1934),to-read,,,,0,0
247931372,Grip & Grind: A BBW Erotica,India T. Norfleet,"Norfleet, India T.",,"=""""","=""""",4.0,Erotic Servings Publishing,Kindle Edition,198,2026,,2026/06/11,2026/06/05,,,read,,,,1,0
122765706,The One That Got Away with Murder,Trish Lundy,"Lundy, Trish",,"=""1250292158""","=""9781250292155""",3.0,Henry Holt and Co. (BYR),Kindle Edition,382,2024,2024,2026/06/11,2026/06/09,,,read,,,,1,0
247023314,Strung Together,Kasha Thompson,"Thompson, Kasha",,"=""1967565333""","=""9781967565337""",0,Honey Blossom Press,Kindle Edition,388,2026,2026,,2026/06/09,to-read,to-read (#1933),to-read,,,,0,0
122789105,Sight Unseen,Kasha Thompson,"Thompson, Kasha",,"=""""","=""9798986267920""",0,Webster Avenue Publishing,Paperback,350,2023,2023,,2026/06/05,to-read,to-read (#1932),to-read,,,,0,0
205473654,Bow Down: When A Bbw Submits,Masterpiece,"Masterpiece, Masterpiece",Jenine Corneal,"=""""","=""""",4.0,,Kindle Edition,275,2024,,2026/06/05,2026/06/03,,,read,,,,1,0
74864466,Sing Me to Sleep,Gabi Burton,"Burton, Gabi",,"=""1547610387""","=""9781547610389""",0,Bloomsbury YA,Kindle Edition,435,2023,2023,,2025/06/15,to-read,to-read (#1910),to-read,,,,1,0
231193247,"Velvet & Venom (The South-Hurst Syndicate, #1)",Dominique Black,"Black, Dominique",,"=""""","=""""",0,,Kindle Edition,524,2025,,,2026/04/27,to-read,to-read (#1902),to-read,,,,0,0
211003794,All the Blues in the Sky,Renée  Watson,"Watson, Renée",,"=""1547605898""","=""9781547605897""",0,Bloomsbury Children's Books,Hardcover,182,2025,2025,,2026/05/20,to-read,to-read (#1931),to-read,,,,0,0
50623263,Problem Child,Terrell Carter,"Carter, Terrell",Stacy Thunes,"=""1642934321""","=""9781642934328""",5.0,Post Hill Press,Kindle Edition,290,2020,,2026/05/19,2026/05/08,,,read,,,,1,0
52305778,"Blood Like Magic (Blood Like Magic, #1)",Liselle Sambury,"Sambury, Liselle",,"=""1534465286""","=""9781534465282""",0,Margaret K. McElderry,Hardcover,496,2021,2021,,2025/09/15,to-read,to-read (#1197),to-read,,,,0,0
217536270,"Quicksilver (Fae & Alchemy, #1)",Callie Hart,"Hart, Callie",,"=""1538774194""","=""9781538774199""",0,Forever,Paperback,624,2024,2024,,2024/12/22,to-read,to-read (#722),to-read,,,,0,0
56732449,The Love Hypothesis,Ali Hazelwood,"Hazelwood, Ali",,"=""0593336828""","=""9780593336823""",0,Berkley Books,Paperback,373,2021,2021,,2022/08/23,to-read,to-read (#385),to-read,,,,0,0
125460757,"Heartless (Chestnut Springs, #2)",Elsie Silver,"Silver, Elsie",,"=""172829701X""","=""9781728297019""",0,Bloom Books,Paperback,410,2023,2022,,2025/02/08,to-read,to-read (#880),to-read,,,,0,0
108514520,"Flawless (Chestnut Springs, #1)",Elsie Silver,"Silver, Elsie",,"=""0349437661""","=""9780349437668""",0,Piatkus,Kindle Edition,416,2023,2022,,2025/01/19,to-read,to-read (#803),to-read,,,,0,0
237778279,Summer in London,Natisha Raynor,"Raynor, Natisha",,"=""""","=""""",0,,Kindle Edition,113,2025,,,2026/05/16,to-read,to-read (#1930),to-read,,,,0,0
216540856,Cum with Me: An Erotic Novella (The Cum Series Book 2),Kay Shanee,"Shanee, Kay",,"=""""","=""""",0,B. Love Publications,Kindle Edition,177,2024,,,2026/05/16,to-read,to-read (#1929),to-read,,,,0,0
236457511,Mahogany: Book One (Soul Ties 4),Miss Candice,"Candice, Miss",,"=""""","=""""",0,"Miss Candice Presents, LLC.",Kindle Edition,168,2025,,,2026/05/16,to-read,to-read (#1928),to-read,,,,0,0
252087929,Soft On Her: A Sapphic Mafia Romance,Lakia,"Lakia, Lakia",,"=""""","=""""",0,"Lakia Presents, LLC",Kindle Edition,176,2026,,,2026/05/16,to-read,to-read (#1927),to-read,,,,0,0
53297554,Turned Out By His Hood Mentality (Turned Out By His Hood Mentality #1),Diamond D. Johnson,"Johnson, Diamond D.",,"=""""","=""""",0,Amazon Digital Services,Kindle Edition,288,2020,2020,,2026/05/16,to-read,to-read (#1926),to-read,,,,0,0
53297563,Turned Out By His Hood Mentality (Turned Out By His Hood Mentality #2),Diamond D. Johnson,"Johnson, Diamond D.",,"=""""","=""""",0,Amazon Digital Services,Kindle Edition,268,2020,2020,,2026/05/16,to-read,to-read (#1925),to-read,,,,0,0
53572309,Turned Out By His Hood Mentality 3,Diamond D. Johnson,"Johnson, Diamond D.",,"=""""","=""""",0,,Kindle Edition,219,2020,,,2026/05/16,to-read,to-read (#1924),to-read,,,,0,0
59417433,A Love Letter to Whiskey (A Love Letter to Whiskey #1-1.5),Kandi Steiner,"Steiner, Kandi",,"=""""","=""""",4.0,,Kindle Edition,518,2021,2021,2026/05/16,2026/04/27,,,read,,,,1,0
228875374,Creed: A King Family Saga,N'Dia Rae,"Rae, N'Dia",,"=""""","=""""",4.0,Obsidian Scribe Media,Kindle Edition,340,2025,,,2026/02/05,,,read,,,,2,0
212185202,Delivered with Love,Mel Dau,"Dau, Mel",,"=""""","=""""",0,B. Love Publications,Kindle Edition,181,2024,,,2026/05/13,to-read,to-read (#1923),to-read,,,,0,0
223394307,"The Good Girl Effect (Salacious Legacy, #1)",Sara Cate,"Cate, Sara",,"=""1464234469""","=""9781464234460""",0,Sourcebooks Casablanca,Paperback,371,2025,2025,,2026/05/12,to-read,to-read (#1922),to-read,,,,0,0
33131867,"The Risk (Mindf*ck, #1)",S.T. Abby,"Abby, S.T.",,"=""""","=""""",0,S.T. Abby,ebook,132,2016,2016,,2026/05/12,to-read,to-read (#1921),to-read,,,,0,0
242753077,As Far as She Knew,Diana Awad,"Awad, Diana",Mindy Kaling,"=""1662532636""","=""9781662532634""",0,Mindy's Book Studio,Kindle Edition,329,2026,2026,,2026/05/12,to-read,to-read (#1920),to-read,,,,0,0
240019780,The Anniversary,Alex Finlay,"Finlay, Alex",,"=""1250360757""","=""9781250360755""",0,Minotaur Books,Hardcover,325,2026,2026,,2026/05/12,to-read,to-read (#1919),to-read,,,,0,0
215998781,It Should Have Been You,Andrea Mara,"Mara, Andrea",,"=""1529927803""","=""9781529927801""",0,Transworld Digital,Kindle Edition,386,2025,2025,,2026/05/12,to-read,to-read (#1918),to-read,,,,0,0
245598098,Marked by Blood: A Dark Mafia Reverse Harem Romance (Black Oath),Massimo Valenti,"Valenti, Massimo",,"=""""","=""""",0,,Kindle Edition,449,2025,,,2026/05/12,to-read,to-read (#1917),to-read,,,,0,0
241652009,"Hart's Landing (Hart's Landing, #1)",Melanie Harlow,"Harlow, Melanie",,"=""1682816664""","=""9781682816660""",0,Entangled: Amara,Paperback,400,2026,2026,,2026/05/12,to-read,to-read (#1916),to-read,,,,0,0
193374407,"House of Ash and Shadow (Gilded City, #1)",Leia Stone,"Stone, Leia",,"=""""","=""""",0,Leia Stone,Kindle Edition,306,2023,2023,,2026/05/12,to-read,to-read (#1915),to-read,,,,0,0
231127389,They Want Us Dead,CL Montblanc,"Montblanc, CL",,"=""1250340535""","=""9781250340535""",0,Wednesday Books,Hardcover,320,2026,2026,,2026/05/12,to-read,to-read (#1914),to-read,,,,0,0
123727511,"Love is Patient (Love Is, #1)",Faith Arceneaux,"Arceneaux, Faith",,"=""""","=""""",0,Not the Last Page,Kindle Edition,226,2023,2023,,2026/05/08,to-read,to-read (#1913),to-read,,,,1,0
208896800,Sophomore Year (Briarcliff Prep #2),Brianna Peppins,"Peppins, Brianna",,"=""1368081002""","=""9781368081009""",0,Disney Hyperion,Hardcover,368,2024,,,2026/05/12,to-read,to-read (#1912),to-read,,,,0,0
58600505,Briarcliff Prep (Briarcliff Prep #1),Brianna Peppins,"Peppins, Brianna",,"=""""","=""""",0,Disney Hyperion,Hardcover,,2022,2022,,2026/05/12,to-read,to-read (#1911),to-read,,,,0,0
241471819,Two Can Play,Ali Hazelwood,"Hazelwood, Ali",,"=""""","=""9798217192335""",3.0,Berkley,Paperback,187,2026,2024,2026/05/12,2026/05/11,,,read,,,,1,0
240135780,Dream Cum True (The Cum Series Book 5),Kay Shanee,"Shanee, Kay",,"=""""","=""""",0,B. Love Publications,Kindle Edition,144,2025,,,2026/05/08,to-read,to-read (#1909),to-read,,,,0,0
63310865,"Watch Where They Hide (Jordan Manning, #2)",Tamron Hall,"Hall, Tamron",,"=""0063037084""","=""9780063037083""",3.0,William Morrow,Hardcover,256,2024,2024,2026/05/06,2026/05/05,,,read,,,,1,0
75491526,"King of Sloth (Kings of Sin, #4)",Ana Huang,"Huang, Ana",,"=""""","=""""",3.0,,Kindle Edition,466,2024,2024,2026/05/04,2024/07/11,,,read,,,,1,0
57866495,"As the Wicked Watch (Jordan Manning, #1)",Tamron Hall,"Hall, Tamron",,"=""006303705X""","=""9780063037052""",4.0,William Morrow,Kindle Edition,396,2021,2021,,2026/02/05,,,read,,,,2,0
251649761,Identical To No One,Charity Shane',"Shane', Charity",,"=""""","=""""",0,KMP,Kindle Edition,361,2026,,,2026/05/03,to-read,to-read (#1908),to-read,,,,0,0
43615,"The Gunslinger (The Dark Tower, #1)",Stephen  King,"King, Stephen",,"=""""","=""""",0,Plume,Paperback,231,2003,1982,,2026/04/28,did-not-finish,did-not-finish (#2),did-not-finish,,,,1,0
199397475,Promise Kept,K'wan,"K'wan, K'wan",,"=""""","=""9798212187725""",0,Blackstone Publishing,Hardcover,,2024,,,2025/05/09,to-read,to-read (#1061),to-read,,,,0,0
249109853,The Body,Stephen  King,"King, Stephen",Wil Wheaton,"=""1668170612""","=""9781668170618""",0,Simon & Schuster Audio,Audiobook,7,2026,1982,,2026/03/22,to-read,to-read (#1884),to-read,,,,0,0
50659468,"A Court of Mist and Fury (A Court of Thorns and Roses, #2)",Sarah J. Maas,"Maas, Sarah J.",,"=""1635575583""","=""9781635575583""",3.0,Bloomsbury Publishing,Paperback,626,2020,2016,2026/04/29,2024/12/09,,,read,,,,1,0
55259667,Papa Didn't Raise No Fool,Neicy P.,"P., Neicy",,"=""""","=""""",0,Neicy P Presents,Kindle Edition,246,2020,,,2026/04/28,to-read,to-read (#1907),to-read,,,,0,0
233892871,"Twisted Pawn (Society of Villains, #2)",L.J. Shen,"Shen, L.J.",,"=""""","=""""",0,,Kindle Edition,466,2026,2026,,2026/04/28,to-read,to-read (#1906),to-read,,,,0,0
234069586,Two Perfect Lies,Natalie D. Richards,"Richards, Natalie D.",,"=""1728276039""","=""9781728276038""",0,Sourcebooks Fire,Paperback,338,2026,2026,,2026/04/28,to-read,to-read (#1905),to-read,,,,0,0
237134872,Most Likely to Murder,Lish McBride,"McBride, Lish",,"=""0593860403""","=""9780593860403""",0,G.P. Putnam's Sons Books for Young Readers,Paperback,313,2026,2026,,2026/04/28,to-read,to-read (#1904),to-read,,,,0,0
123471760,"Spark of the Everflame (Kindred's Curse, #1)",Penn Cole,"Cole, Penn",,"=""""","=""""",0,,Kindle Edition,438,2023,2023,,2026/04/28,to-read,to-read (#1903),to-read,,,,0,0
1333030,"Sweet Surrender (Sweet, #1)",Maya Banks,"Banks, Maya",,"=""0425219437""","=""9780425219430""",0,Berkley Heat,Paperback,344,2008,2008,,2026/04/27,to-read,to-read (#1901),to-read,,,,0,0
242445212,Judge Stone,Viola Davis,"Davis, Viola",James  Patterson,"=""0316579831""","=""9780316579834""",4.0,"Little, Brown and Company",Hardcover,432,2026,2026,2026/04/22,2026/03/14,,,read,,,,1,0
209813409,"Phantasma (Wicked Games, #1)",Kaylie Smith,"Smith, Kaylie",,"=""""","=""""",3.0,Second Sky,Kindle Edition,428,2024,2024,2026/04/25,2025/02/08,tbb-buddy-reads,tbb-buddy-reads (#13),read,,,,1,0
50991937,Rich Boy Thuggin Is A Whole Vibe: A Standalone Novel,Tiece,"Tiece, Tiece",,"=""""","=""""",0,Tiece Presents,Kindle Edition,323,2020,,,2026/04/19,to-read,to-read (#1900),to-read,,,,0,0
242279993,"Body Language II (Mind, Body, & Soul Book 3)",Netra Antionette,"Antionette, Netra",Markd By Tylee,"=""""","=""""",0,,Kindle Edition,181,2025,,,2026/04/19,to-read,to-read (#1899),to-read,,,,0,0
63337195,"God of Wrath (Legacy of Gods, #3)",Rina Kent,"Kent, Rina",,"=""1685451489""","=""9781685451486""",0,"Blackthorn Books, LLC",Kindle Edition,490,2022,2022,,2025/11/28,did-not-finish,did-not-finish (#1),did-not-finish,,,,1,0
54386622,"A Court of Thorns and Roses (A Court of Thorns and Roses, #1)",Sarah J. Maas,"Maas, Sarah J.",,"=""""","=""""",4.0,Bloomsbury Publishing,Kindle Edition,441,2020,2015,2026/04/19,2026/04/14,,,read,,,,1,0
41559097,Ethic 2,Ashley  Antoinette,"Antoinette, Ashley",,"=""""","=""""",4.0,Ashley Antoinette Inc.,Kindle Edition,286,2018,,2026/04/18,2024/02/09,,,read,,,,1,0
24879132,Girl in Pieces,Kathleen Glasgow,"Glasgow, Kathleen",,"=""1101934727""","=""9781101934722""",2.0,Delacorte Press ,Kindle Edition,415,2016,2016,2026/04/14,2025/03/09,tbb-buddy-reads,tbb-buddy-reads (#14),read,,,,1,0
38476411,Ethic,Ashley  Antoinette,"Antoinette, Ashley",,"=""0692088555""","=""9780692088555""",5.0,,Kindle Edition,276,2018,,2026/04/14,2024/02/09,,,read,,,,1,0
246483649,Hawk & Sparrow,Ayana Gray,"Gray, Ayana",,"=""1250411238""","=""9781250411235""",0,Balzer + Bray,Hardcover,352,2026,2026,,2026/04/13,to-read,to-read (#1898),to-read,,,,0,0
53507657,Egypt's Blessing,Cherish Amore,"Amore, Cherish",,"=""""","=""""",0,B. Love Publications,Kindle Edition,218,2020,,,2026/04/11,to-read,to-read (#1897),to-read,,,,0,0
62080187,Never Lie,Freida McFadden,"McFadden, Freida",,"=""""","=""""",2.0,Hollywood Upstairs Press,Kindle Edition,286,2022,2022,2026/04/10,2023/11/29,,,read,,,,1,0
54658184,Crushin' on a Boss 4: The Streets or Love,Tysha Jordyn,"Jordyn, Tysha",,"=""""","=""""",4.0,Klarity Publications,Kindle Edition,267,2020,,2026/04/06,2026/04/06,,,read,,,,1,0
40748777,"Flock (The Ravenhood, #1)",Kate  Stewart,"Stewart, Kate",,"=""""","=""9798666886403""",0,Independently published,Paperback,354,2020,2020,,2024/07/10,to-read,to-read (#553),to-read,,,,0,0
236586290,Riot: A King Family Saga,N'Dia Rae,"Rae, N'Dia",,"=""""","=""""",0,,Kindle Edition,436,2025,,,2026/02/05,to-read,to-read (#1669),to-read,,,,0,0
54460208,Crushin' on a Boss 3: The Streets or Love,Tysha Jordyn,"Jordyn, Tysha",,"=""""","=""""",4.0,Klarity Publications,Kindle Edition,214,2020,,2026/04/05,2026/04/05,,,read,,,,1,0
54259841,Crushin' on a Boss 2: The Streets or Love,Tysha Jordyn,"Jordyn, Tysha",,"=""""","=""""",3.0,Klarity Publications,Kindle Edition,202,2020,,2026/04/05,2026/04/03,,,read,,,,1,0
240583647,My Boyfriends Are All Monsters,Kimberly Lemming,"Lemming, Kimberly",,"=""1662534035""","=""9781662534034""",1.0,Amazon Original Stories,Kindle Edition,52,2025,2025,2026/04/04,2026/04/04,,,read,,,,1,0
53953601,Crushin' on a Boss: The Streets or Love,Tysha Jordyn,"Jordyn, Tysha",,"=""""","=""""",3.0,Klarity Publications,Kindle Edition,202,2020,,2026/04/03,2026/03/30,,,read,,,,1,0
219417737,Can I Cum Over,Tacarra,"Tacarra, Tacarra",,"=""""","=""""",4.0,,Kindle Edition,46,2024,,2026/04/03,2026/04/03,,,read,,,,1,0
234474773,Enraptured By An Ugly N*gga: An Urban Romance Story,Daisy Savage,"Savage, Daisy",,"=""""","=""""",0,,Kindle Edition,211,2025,,,2026/04/02,to-read,to-read (#1896),to-read,,,,0,0
247054052,Entwined (The St. Jean Legacy Book 3),Chae C.,"C., Chae",,"=""""","=""""",0,,Kindle Edition,261,2026,,,2026/04/02,to-read,to-read (#1895),to-read,,,,0,0
16136599,"Redeemed (House of Night, #12)",P.C. Cast,"Cast, P.C.",Kristin Cast,"=""0312594445""","=""9780312594442""",0,St. Martin's Griffin,Hardcover,310,2014,2014,,2026/03/31,to-read,to-read (#1894),to-read,,,,0,0
35068534,Monday's Not Coming,Tiffany D. Jackson,"Jackson, Tiffany D.",,"=""0062422693""","=""9780062422699""",4.0,Katherine Tegen Books,ebook,448,2018,2018,2026/03/30,2025/02/12,,,read,,,,1,0
242528917,Lessons in Chemistry,Bonnie Garmus,"Garmus, Bonnie",,"=""1804990922""","=""9781804990926""",0,Penguin UK,Paperback,390,2023,2022,,2026/03/26,to-read,to-read (#1893),to-read,,,,0,0
112974474,Jane Doe Black (Lainey Abbott #1),Nia Forrester,"Forrester, Nia",,"=""""","=""""",0,"Stiletto Press, LLC",Kindle Edition,350,2023,,,2026/03/24,to-read,to-read (#1892),to-read,,,,0,0
240207343,"Certified Pressure: An Arranged Marriage, Unhinged",Sha Jones,"Jones, Sha",,"=""""","=""""",0,,Kindle Edition,303,2025,,,2026/02/05,to-read,to-read (#1891),to-read,,,,2,0
235992935,The Aftermyth (The Aftermyth #1),Tracy Wolff,"Wolff, Tracy",,"=""1665985461""","=""9781665985468""",0,Aladdin,Hardcover,448,2026,2026,,2026/03/22,to-read,to-read (#1890),to-read,,,,0,0
59808071,"The Ballad of Never After (Once Upon a Broken Heart, #2)",Stephanie Garber,"Garber, Stephanie",,"=""1250268427""","=""9781250268426""",0,Flatiron Books,Hardcover,416,2022,2022,,2026/03/22,to-read,to-read (#1889),to-read,,,,0,0
196920718,"The Wolf King (The Wolf King, #1)",Lauren Palphreyman,"Palphreyman, Lauren",,"=""""","=""""",0,Lauren Palphreyman,Kindle Edition,475,2023,2023,,2026/03/22,"to-read, tbb-buddy-reads","to-read (#1888), tbb-buddy-reads (#33)",to-read,,,,0,0
39280512,"Children of Blood and Bone (Legacy of Orïsha, #1)",Tomi Adeyemi,"Adeyemi, Tomi",,"=""1250294622""","=""9781250294623""",0,Square Fish,Paperback,560,2024,2018,,2026/03/22,to-read,to-read (#1887),to-read,,,,0,0
231474466,Ours Is a Tale of Murder,Nora Murphy,"Murphy, Nora",,"=""146425088X""","=""9781464250880""",0,Sourcebooks Landmark,Paperback,384,2026,2026,,2026/03/22,to-read,to-read (#1886),to-read,,,,0,0
243359903,Rules for the Summer,Meghan Quinn,"Quinn, Meghan",,"=""1464243670""","=""9781464243677""",0,Bloom Books,Paperback,552,2026,2026,,2026/03/22,to-read,to-read (#1885),to-read,,,,0,0
234943561,Cleopatra,Saara El-Arifi,"El-Arifi, Saara",,"=""0593875648""","=""9780593875643""",0,Random House Publishing,Hardcover,352,2026,2026,,2026/03/22,to-read,to-read (#1883),to-read,,,,0,0
246592466,The Patients,Charlotte Stevenson,"Stevenson, Charlotte",,"=""""","=""9798337208947""",0,Bloodhound Books,Kindle Edition,280,2026,2026,,2026/03/22,to-read,to-read (#1882),to-read,,,,0,0
231127047,The Girls Before,Kate Alice Marshall,"Marshall, Kate Alice",,"=""1250343089""","=""9781250343086""",0,Flatiron Books: Pine & Cedar,Hardcover,309,2026,2026,,2026/03/22,to-read,to-read (#1881),to-read,,,,0,0
234313865,Her Last Breath,Taylor  Adams,"Adams, Taylor",,"=""0063394138""","=""9780063394131""",0,William Morrow,Hardcover,323,2026,2026,,2026/03/22,to-read,to-read (#1880),to-read,,,,0,0
244125223,Definitely NOT A Thing,Christina C. Jones,"Jones, Christina C.",,"=""1953214487""","=""9781953214485""",0,Warm Hues Creative,Kindle Edition,222,2025,,,2026/03/22,to-read,to-read (#1879),to-read,,,,0,0
242065618,Off The Charts,Zee Reneé,"Reneé, Zee",,"=""""","=""""",0,,Kindle Edition,273,2025,2025,,2026/03/22,to-read,to-read (#1878),to-read,,,,0,0
246156946,Kept Close (BLP Breeds Book 2),Jaimsss P.,"P., Jaimsss",,"=""""","=""""",0,B. Love Publications,Kindle Edition,214,2026,,,2026/03/22,to-read,to-read (#1877),to-read,,,,0,0
246628956,A Different Breed (BLP Breeds Book 8),Kay Shanee,"Shanee, Kay",,"=""""","=""""",0,B. Love Publications,Kindle Edition,163,2026,,,2026/03/22,to-read,to-read (#1876),to-read,,,,0,0
61332903,The Perfect Sister,Desiree .,"., Desiree",,"=""""","=""""",0,,Kindle Edition,394,2022,,,2026/03/22,to-read,to-read (#1875),to-read,,,,0,0
247493055,Falcon the Football Player,B. Love,"Love, B.",,"=""""","=""""",0,Prolific Pen Pusher,Kindle Edition,162,2026,,,2026/03/22,to-read,to-read (#1874),to-read,,,,0,0
249120847,Mine Again,Kami Holt,"Holt, Kami",,"=""""","=""""",0,B. Love Publications,Kindle Edition,339,2026,,,2026/03/22,to-read,to-read (#1873),to-read,,,,0,0
247500558,The Softest Love Came From A Thug (Soft Love Series Book 1),Lakia,"Lakia, Lakia",,"=""""","=""""",0,"Lakia Presents, LLC",Kindle Edition,265,2026,,,2026/03/22,to-read,to-read (#1872),to-read,,,,0,0
246590428,Prime II: The Banks Empire,N'Dia Rae,"Rae, N'Dia",,"=""""","=""""",0,,Kindle Edition,410,2026,,,2026/03/22,to-read,to-read (#1871),to-read,,,,0,0
241806444,Stat: Love In Scrubs,Iesha Bree,"Bree, Iesha",,"=""""","=""""",0,,Kindle Edition,209,2025,,,2026/03/22,to-read,to-read (#1870),to-read,,,,0,0
56791353,Trell and Tae: A Charleston Love Story Spin-off,Mel Dau,"Dau, Mel",,"=""""","=""""",0,Mel Dau Publications,Kindle Edition,186,2021,,,2026/03/22,to-read,to-read (#1869),to-read,,,,0,0
46224742,The Twin,Natasha Preston,"Preston, Natasha",,"=""0593124960""","=""9780593124963""",2.0,Delacorte Press,Paperback,377,2020,2020,2026/03/21,2025/12/01,,,read,,,,1,0
236167901,"A Girl Like Her (Deluxe Edition) (Ravenswood, 1)",Talia Hibbert,"Hibbert, Talia",,"=""1464235368""","=""9781464235368""",0,Sourcebooks Casablanca,Paperback,304,2026,2018,,2026/03/19,to-read,to-read (#1868),to-read,,,,0,0
59763841,Shallow River,H.D. Carlton,"Carlton, H.D.",,"=""""","=""""",2.0,,Kindle Edition,437,2020,2020,2026/03/19,2025/12/15,,,read,,,,1,0
56645992,Black Girls Must Die Exhausted,Jayne Allen,"Allen, Jayne",,"=""0063137909""","=""9780063137905""",2.0,Harper Perennial,Paperback,350,2021,2018,2026/03/19,2022/07/31,,,read,,,,1,0
239264351,Dear Debbie,Freida McFadden,"McFadden, Freida",,"=""""","=""""",3.0,Hollywood Upstairs Press,Kindle Edition,340,2026,2026,2026/03/16,2025/10/20,,,read,,,,1,0
231996319,"Big Girl Blitz (Curve, #3)",Danielle Allen,"Allen, Danielle",,"=""""","=""""",0,Macmillan Audio,Audible Audio,,2026,2026,,2026/03/15,to-read,to-read (#1867),to-read,,,,0,0
122519,African Psycho,Alain Mabanckou,"Mabanckou, Alain",Christine Schwartz Hartley,"=""1933368500""","=""9781933368504""",0,"Soft Skull Press, Transition Books",Paperback,156,2007,2003,,2026/03/15,to-read,to-read (#1866),to-read,,,,0,0
231126977,Lady Tremaine,Rachel Hochhauser,"Hochhauser, Rachel",,"=""1250396344""","=""9781250396341""",0,St. Martin's Press,Hardcover,339,2026,2026,,2026/03/15,to-read,to-read (#1865),to-read,,,,0,0
216656072,Delicate Escape (Sparrow Falls #2),Catherine Cowles,"Cowles, Catherine",,"=""1464241589""","=""9781464241581""",0,Sourcebooks Casablanca,Paperback,401,2024,2024,,2026/03/15,to-read,to-read (#1864),to-read,,,,0,0
231126846,You Did Nothing Wrong,C.G. Drews,"Drews, C.G.",,"=""1250369991""","=""9781250369994""",0,St. Martin's Press,Hardcover,294,2026,2026,,2026/03/14,"to-read, tbb-buddy-reads","to-read (#1863), tbb-buddy-reads (#32)",to-read,,,,0,0
230926478,In Her Own League,Liz Tomforde,"Tomforde, Liz",,"=""""","=""""",0,Golden Boy Publishing,Kindle Edition,473,2026,2026,,2026/03/14,"to-read, tbb-buddy-reads","to-read (#1862), tbb-buddy-reads (#31)",to-read,,,,0,0
215953135,Lilith (Three Kings Book 1),Alexandria  House,"House, Alexandria",,"=""""","=""""",0,"Pink Cashmere Publishing, LLC",Kindle Edition,234,2024,,,2026/03/14,to-read,to-read (#1861),to-read,,,,0,0
217356953,Make Me Remember (The Henderson Family Saga #23),Monica Walters,"Walters, Monica",Latisha Burns,"=""""","=""""",0,,Kindle Edition,,2024,,,2026/03/11,to-read,to-read (#1860),to-read,,,,0,0
249302330,Cocky,Taahesi B. Williams,"Williams, Taahesi B.",,"=""""","=""""",0,,Kindle Edition,546,2026,,,2026/03/11,to-read,to-read (#1859),to-read,,,,0,0
223386113,Dreaux: The Silent Killer (Boudreaux Mafia Series Book 2),Nek Mills,"Mills, Nek",,"=""""","=""""",3.0,,Kindle Edition,263,2025,,2026/03/10,2026/03/05,,,read,,,,1,0
228256271,"Mate (Bride, #2)",Ali Hazelwood,"Hazelwood, Ali",,"=""0593955013""","=""9780593955017""",2.0,Berkley,Hardcover,450,2025,2025,2026/03/08,2025/09/08,,,read,,,,1,0
244256678,Safe Word (Mercy Book 1),Tatum James,"James, Tatum",,"=""""","=""""",0,B. Love Publications,Kindle Edition,96,2025,,,2026/03/05,"to-read, tbb-buddy-reads","to-read (#1857), tbb-buddy-reads (#18)",to-read,,,,0,0
245765361,Bullied By A Grinch: Bully Series (Christmas Bully Book 3),K. Nicole,"Nicole, K.",,"=""""","=""""",0,The Kee Hive Publications,Kindle Edition,86,2025,,,2026/03/05,to-read,to-read (#1858),to-read,,,,0,0
244169570,Steel: The Dillinger Chronicles,Kimberly Brown,"Brown, Kimberly",,"=""""","=""""",0,,Kindle Edition,407,2025,,,2026/03/05,to-read,to-read (#1856),to-read,,,,0,0
245164810,Missionary With A Menace 2: An Unhinged Arranged Marriage,Bonnie Blanco,"Blanco, Bonnie",,"=""""","=""""",0,,Kindle Edition,142,2025,,,2026/03/05,to-read,to-read (#1855),to-read,,,,0,0
244873994,Therapy Session,D. Scott,"Scott, D.",,"=""""","=""""",0,,Kindle Edition,105,2025,,,2026/03/05,to-read,to-read (#1854),to-read,,,,0,0
243685567,Table For Three,CM Campbell,"Campbell, CM",,"=""""","=""""",0,,Kindle Edition,72,2025,,,2026/03/05,to-read,to-read (#1853),to-read,,,,0,0
244995329,Have Mercy On Me,Tatum James,"James, Tatum",,"=""""","=""""",0,B. Love Publications,Kindle Edition,182,2025,,,2026/03/05,"to-read, tbb-buddy-reads","to-read (#1852), tbb-buddy-reads (#19)",to-read,,,,0,0
66546661,"The Doctor’s Wife (The Doctor's Wife, #1)",Daniel Hurst,"Hurst, Daniel",,"=""180314940X""","=""9781803149400""",0,Bookouture,Kindle Edition,255,2023,2023,,2026/02/21,to-read,to-read (#1851),to-read,,,,1,0
2743,The Lost Boy (Dave Pelzer #2),Dave Pelzer,"Pelzer, Dave",,"=""1558745157""","=""9781558745155""",4.0,Health Communications,Paperback,331,1997,1997,2026/03/02,2021/04/13,,,read,,,,1,0
245279174,Autumn & Woods: A December To Remember,Thee Tasha Marie,"Marie, Thee Tasha",,"=""""","=""""",0,,Kindle Edition,182,2025,,,2026/03/01,to-read,to-read (#1850),to-read,,,,0,0
208985055,Gangsta (The Berotte Family Book 15),Monica Walters,"Walters, Monica",Latisha Burns,"=""""","=""""",0,,Kindle Edition,227,2024,,,2026/03/01,to-read,to-read (#1849),to-read,,,,0,0
198563711,This Thread of Gold: A Celebration of Black Womanhood,Catherine Joy White,"White, Catherine Joy",,"=""059347516X""","=""9780593475164""",0,Tiny Reparations Books,Hardcover,272,2024,2023,,2026/03/01,to-read,to-read (#1848),to-read,,,,0,0
217927404,Marsha: The Joy and Defiance of Marsha P. Johnson,Tourmaline,"Tourmaline, Tourmaline",,"=""0593185668""","=""9780593185667""",0,Tiny Reparations Books,Hardcover,306,2025,2025,,2026/03/01,to-read,to-read (#1847),to-read,,,,0,0
231127147,Ain't Nobody's Fool: The Life and Times of Dolly Parton,Martha Ackmann,"Ackmann, Martha",,"=""1250286859""","=""9781250286857""",0,St. Martin's Press,Hardcover,304,2025,2025,,2026/03/01,to-read,to-read (#1846),to-read,,,,0,0
122957892,"God of Pain (Legacy of Gods, #2)",Rina Kent,"Kent, Rina",,"=""1685451470""","=""9781685451479""",3.0,"Blackthorn Books, LLC",Kindle Edition,446,2023,2022,2026/03/01,2025/11/28,,,read,,,,1,0
126918690,"Heartless Hunter (Crimson Moth, #1)",Kristen Ciccarelli,"Ciccarelli, Kristen",,"=""125086691X""","=""9781250866912""",3.0,Wednesday Books,Kindle Edition,411,2024,2024,2026/02/22,2025/04/18,,,read,,,,1,0
61484909,Where Sleeping Girls Lie,Faridah Àbíké-Íyímídé,"Àbíké-Íyímídé, Faridah",,"=""1250800846""","=""9781250800848""",0,Feiwel & Friends,Hardcover,416,2024,2024,,2024/11/14,"to-read, tbb-buddy-reads","to-read (#654), tbb-buddy-reads (#17)",to-read,,,,0,0
83638977,Holly (Holly Gibney #3),Stephen  King,"King, Stephen",,"=""""","=""""",0,Scribner,Kindle Edition,454,2023,2023,,2023/12/15,"to-read, tbb-buddy-reads","to-read (#1043), tbb-buddy-reads (#15)",to-read,,,,3,0
220182108,Dreaux: The Ruthless One (Boudreaux Mafia Series Book 1),Nek Mills,"Mills, Nek",,"=""""","=""""",4.0,,Kindle Edition,288,2024,,2026/02/19,2026/01/01,,,read,,,,1,0
123429195,That's Not My Name,Megan Lally,"Lally, Megan",,"=""1728270111""","=""9781728270111""",4.0,Sourcebooks Fire,Paperback,297,2023,2023,2026/02/13,2025/02/12,,,read,,,,1,0
52245211,Hood Luvin' From a White Boy,Sha Jones,"Jones, Sha",,"=""""","=""""",3.0,Sha Jones Presents,Kindle Edition,147,2019,,2026/02/07,2026/02/05,,,read,,,,1,0
17333223,The Goldfinch,Donna Tartt,"Tartt, Donna",,"=""0316055433""","=""9780316055437""",0,"Little, Brown",Hardcover,771,2013,2013,,2026/02/07,to-read,to-read (#1845),to-read,,,,0,0
240072359,Hood Misfit,Aisha Bushra,"Bushra, Aisha",,"=""""","=""""",0,Aisha B. Presents,Kindle Edition,216,2025,,,2026/02/07,to-read,to-read (#1844),to-read,,,,0,0
228892495,A Midnight Romance,M.J. Huxley,"Huxley, M.J.",,"=""""","=""""",0,,Kindle Edition,378,2025,,,2026/02/07,to-read,to-read (#1843),to-read,,,,0,0
40670312,The One (Dark Future #1),John Marrs,"Marrs, John",,"=""""","=""""",0,Hanover Square Press,ebook,418,2018,2016,,2026/02/07,to-read,to-read (#1842),to-read,,,,0,0
236898163,FREE TO FALL (Set me Free Book 3),Genesis Carter,"Carter, Genesis",,"=""""","=""""",0,NA'KIA PRESENTS,Kindle Edition,269,2025,,,2026/02/07,to-read,to-read (#1841),to-read,,,,0,0
243381599,His to Have,AYELLE BURKE,"BURKE, AYELLE",,"=""""","=""9798989321490""",0,Ayelle Burke,Kindle Edition,408,2025,,,2026/02/07,"to-read, tbb-buddy-reads","to-read (#1840), tbb-buddy-reads (#20)",to-read,,,,0,0
123199669,"Deep in My Soul (Jareau Family, #2)",Kimberly   Brown,"Brown, Kimberly",,"=""""","=""""",0,B. Love Publications,Kindle Edition,304,2023,,,2026/02/07,to-read,to-read (#1839),to-read,,,,0,0
199040674,"Strip Me Bare (Jareau Family, #4)",Kimberly   Brown,"Brown, Kimberly",,"=""""","=""""",0,B. Love Publications,Kindle Edition,268,2023,,,2026/02/07,to-read,to-read (#1838),to-read,,,,0,0
203939124,"Nothin' Like You (Jareau Family, #5)",Kimberly   Brown,"Brown, Kimberly",,"=""""","=""""",0,B. Love Publications,Kindle Edition,290,2023,,,2026/02/07,to-read,to-read (#1837),to-read,,,,0,0
220489191,B+J: The Teachers of Hardwood High,Nina High,"High, Nina",,"=""""","=""9798991614726""",0,High on Love,Kindle Edition,180,2024,,,2026/02/07,"to-read, tbb-buddy-reads","to-read (#1836), tbb-buddy-reads (#21)",to-read,,,,0,0
222139748,"Brimstone (Fae & Alchemy, #2)",Callie Hart,"Hart, Callie",,"=""1538774224""","=""9781538774229""",0,Grand Central Publishing,Hardcover,672,2025,2025,,2026/02/07,to-read,to-read (#1835),to-read,,,,0,0
18273928,Purple Reign (Purple City Tales),K'wan,"K'wan, K'wan",,"=""""","=""""",0,Write 2 Eat Concepts ,Kindle Edition,95,2013,2013,,2026/02/07,to-read,to-read (#1834),to-read,,,,0,0
63219023,Jezebel,Megan  Barnard,"Barnard, Megan",,"=""0143137670""","=""9780143137672""",0,Penguin Books,Paperback,288,2023,2023,,2026/02/07,to-read,to-read (#1833),to-read,,,,0,0
245146849,Unbreakable: A journey of survival and truth,Kayla Namio,"Namio, Kayla",,"=""""","=""9798893248661""",0,Franklin Publishers,Kindle Edition,190,2025,,,2026/02/07,to-read,to-read (#1832),to-read,,,,0,0
247231365,Collateral Heart,Charity Shane',"Shane', Charity",,"=""""","=""""",0,KMP,Kindle Edition,294,2026,,,2026/02/07,"to-read, tbb-buddy-reads","to-read (#1831), tbb-buddy-reads (#22)",to-read,,,,0,0
75271859,Fell For The Wrong One,Tay Mo'Nae,"Mo'Nae, Tay",,"=""""","=""""",0,Tay Mo'Nae Presents,Kindle Edition,408,2023,,,2026/02/07,to-read,to-read (#1830),to-read,,,,0,0
208174671,Wrapped Up In His Ruggish Ways,Tay Mo'Nae,"Mo'Nae, Tay",,"=""""","=""""",0,Tay Mo'Nae Presents,Kindle Edition,316,2024,,,2026/02/07,to-read,to-read (#1829),to-read,,,,0,0
50645026,Finessed His Love,Tay Mo'Nae,"Mo'Nae, Tay",,"=""""","=""""",0,Tay Mo'Nae Presents,Kindle Edition,230,2020,,,2026/02/07,to-read,to-read (#1828),to-read,,,,0,0
231083808,The Love Syllabus,Lauren Lacey,"Lacey, Lauren",,"=""""","=""""",0,,Kindle Edition,297,2025,,,2026/02/07,to-read,to-read (#1827),to-read,,,,0,0
122759146,"Stone Heart (Dark Olympus, #0.5)",Katee Robert,"Robert, Katee",,"=""""","=""""",0,Trinkets & Tales LLC,Kindle Edition,81,2023,2022,,2026/02/07,to-read,to-read (#1826),to-read,,,,0,0
57532504,"Twisted Beauty (Twisted Intentions Trilogy, #1)",Summer Cooper,"Cooper, Summer",,"=""""","=""""",0,Hot Summer and Sexy Romance,Kindle Edition,135,2021,2021,,2026/02/07,to-read,to-read (#1825),to-read,,,,0,0
59761253,"Greed (A Sinful Empire Trilogy, #1)",Eva Charles,"Charles, Eva",,"=""1956725008""","=""9781956725001""",0,Quarry Road Publishing,Kindle Edition,422,2022,2022,,2026/02/07,to-read,to-read (#1824),to-read,,,,0,0
60742118,"Immortal (Imogen Gray, #1)",Lauretta Hignett,"Hignett, Lauretta",,"=""""","=""""",0,,Kindle Edition,314,2022,2022,,2026/02/07,to-read,to-read (#1823),to-read,,,,0,0
31356230,Foul Play,Talisa White,"White, Talisa",,"=""""","=""""",0,,Kindle Edition,67,2016,,,2026/02/07,to-read,to-read (#1822),to-read,,,,0,0
61871682,Don't Tease Me (Made Men #1),Renee Rose,"Rose, Renee",,"=""""","=""""",0,Burning Desires,Kindle Edition,238,2022,2022,,2026/02/07,to-read,to-read (#1821),to-read,,,,0,0
201106937,Breezing,Tracy Gray,"Gray, Tracy",,"=""""","=""""",0,B. Love Publications,Kindle Edition,168,2023,,,2026/02/07,to-read,to-read (#1820),to-read,,,,0,0
221070697,The Jordynn Rules,Tracy Gray,"Gray, Tracy",,"=""""","=""""",0,B. Love Publications,Kindle Edition,137,2024,,,2026/02/07,to-read,to-read (#1819),to-read,,,,0,0
221286506,Naughty F.A.N (Naughty November 24 Book 1),Mel Dau,"Dau, Mel",,"=""""","=""""",0,B. Love Publications,Kindle Edition,99,2024,,,2026/02/07,to-read,to-read (#1818),to-read,,,,0,0
239555738,For the Lover in You,Bree Wright,"Wright, Bree",,"=""""","=""""",0,B. Love Publications,Kindle Edition,189,2025,,,2026/02/07,to-read,to-read (#1817),to-read,,,,0,0
86547090,Crushed Velvet and Cashmere,K.L. Hall,"Hall, K.L.",,"=""""","=""""",0,B. Love Publications,Kindle Edition,182,2023,,,2026/02/07,to-read,to-read (#1815),to-read,,,,0,0
122991176,Crushed Velvet and Cashmere 2,K.L. Hall,"Hall, K.L.",,"=""""","=""""",0,B. Love Publications,Kindle Edition,232,2023,,,2026/02/07,to-read,to-read (#1816),to-read,,,,0,0
237401502,A Beautiful Disaster,Talese Nicole,"Nicole, Talese",,"=""""","=""""",0,B. Love Publications,Kindle Edition,206,2025,,,2026/02/07,to-read,to-read (#1814),to-read,,,,0,0
231519333,A Taunting Love,Rayvin Skye,"Skye, Rayvin",,"=""""","=""""",0,B. Love Publications,Kindle Edition,134,2025,,,2026/02/07,to-read,to-read (#1813),to-read,,,,0,0
215087559,Fortunate to Have a Billionaire's Baby (LBR INC Book 1),Nikqua,"Nikqua, Nikqua",,"=""""","=""""",0,B. Love Publications,Kindle Edition,307,2024,,,2026/02/07,to-read,to-read (#1812),to-read,,,,0,0
199546678,Rescue Me,Laquana Brumfield,"Brumfield, Laquana",,"=""""","=""""",0,B. Love Publications,Kindle Edition,178,2023,,,2026/02/07,to-read,to-read (#1811),to-read,,,,0,0
222914135,Sleigh Bae,Torryn Santana,"Santana, Torryn",,"=""""","=""""",0,B. Love Publications,Kindle Edition,99,2024,,,2026/02/07,to-read,to-read (#1810),to-read,,,,0,0
230153786,Priest (BLP Motorcycle Clubs Book 10),Egypt Cynaé,"Cynaé, Egypt",,"=""""","=""""",0,B. Love Publications,Kindle Edition,215,2025,,,2026/02/07,to-read,to-read (#1809),to-read,,,,0,0
235087284,Made to Love Ya,Egypt Cynaé,"Cynaé, Egypt",,"=""""","=""""",0,B. Love Publications,Kindle Edition,239,2025,,,2026/02/07,to-read,to-read (#1808),to-read,,,,0,0
221833329,"Just for One Night (From Vegas to Atlanta with Love, #1)",Egypt Cynaé,"Cynaé, Egypt",,"=""""","=""""",0,B. Love Publications,Kindle Edition,385,2024,,,2026/02/07,to-read,to-read (#1807),to-read,,,,0,0
221980936,From Naughty with Love (Naughty November 24 Book 9),Tisha Andrews,"Andrews, Tisha",,"=""""","=""""",0,B. Love Publications,Kindle Edition,101,2024,,,2026/02/07,to-read,to-read (#1806),to-read,,,,0,0
221352534,Seduced by the Plug,Tatum James,"James, Tatum",,"=""""","=""""",0,B. Love Publications,Kindle Edition,205,2024,,,2026/02/07,to-read,to-read (#1805),to-read,,,,0,0
219292169,Heir to His Heart,Tatum James,"James, Tatum",,"=""""","=""""",0,B. Love Publications,Kindle Edition,198,2024,,,2026/02/07,to-read,to-read (#1804),to-read,,,,0,0
63311389,More Than a Naughty Weekend (Naughty November Book 4),Monae Nicole,"Nicole, Monae",,"=""""","=""""",0,B. Love Publications,Kindle Edition,140,2022,,,2026/02/07,to-read,to-read (#1803),to-read,,,,0,0
123028149,Love Trials,Monae Nicole,"Nicole, Monae",,"=""""","=""""",0,B. Love Publications,Kindle Edition,191,2023,,,2026/02/07,to-read,to-read (#1802),to-read,,,,0,0
63883604,"Naughty, Nice, and Slow (Naughty November Book 13)",Tisha Andrews,"Andrews, Tisha",,"=""""","=""""",0,B. Love Publications,Kindle Edition,133,2022,,,2026/02/07,to-read,to-read (#1801),to-read,,,,0,0
204925504,Loving a Legend,Jaimsss P.,"P., Jaimsss",,"=""""","=""""",0,B. Love Publications,Kindle Edition,269,2024,,,2026/02/07,to-read,to-read (#1800),to-read,,,,0,0
223316248,FAIZE,Jaimsss P.,"P., Jaimsss",,"=""""","=""""",0,B. Love Publications,Kindle Edition,296,2025,,,2026/02/07,to-read,to-read (#1799),to-read,,,,0,0
213723651,... And a Day: A Friends to Lovers Novella,Jaimsss P.,"P., Jaimsss",,"=""""","=""""",0,B. Love Publications,Kindle Edition,104,2024,,,2026/02/07,to-read,to-read (#1798),to-read,,,,0,0
222086521,Naughty Butterflies (Naughty November 24 Book 12),Cyn,"Cyn, Cyn",,"=""""","=""""",0,B. Love Publications,Kindle Edition,96,2024,,,2026/02/07,to-read,to-read (#1797),to-read,,,,0,0
62662777,The Love Dealer,B. Love,"Love, B.",,"=""""","=""""",0,Prolific Pen Pusher,Kindle Edition,118,2022,,,2026/02/07,to-read,to-read (#1796),to-read,,,,0,0
204851771,Beautii is her Name (BLP Fairytales Book 10),Kay Shanee,"Shanee, Kay",,"=""""","=""""",0,B. Love Publications,Kindle Edition,105,2024,,,2026/02/07,to-read,to-read (#1795),to-read,,,,0,0
155902160,A Delicious Touch,Erika  B.,"B., Erika",,"=""""","=""""",0,B. Love Publications,Kindle Edition,189,2023,,,2026/02/07,to-read,to-read (#1794),to-read,,,,0,0
75869044,"Havoc (Masters of Mayhem, #3)",Renee Rocco,"Rocco, Renee",,"=""0578398052""","=""9780578398051""",0,Twisted Kingdom LLC,Kindle Edition,266,2023,,,2026/02/07,to-read,to-read (#1793),to-read,,,,0,0
60461405,"Beauty and the Vampire (Beauty and the Vampire Trilogy, #1)",Demelza Brown,"Brown, Demelza",Em Brown,"=""1950129365""","=""9781950129362""",0,Wind Color Press,Kindle Edition,230,2022,,,2026/02/07,to-read,to-read (#1792),to-read,,,,0,0
58238974,Chase a Check Never Chase a Chick,Lady Legacy,"Legacy, Lady",,"=""""","=""""",0,LADY LEGACY PRESENTS,Kindle Edition,114,2021,,,2026/02/07,to-read,to-read (#1791),to-read,,,,0,0
241685275,"Bruised Hearts (Hearts In Bloom, #1)",Denise B. Henry,"Henry, Denise B.",,"=""""","=""""",0,Manu House Press,Kindle Edition,365,2025,,,2026/02/07,to-read,to-read (#1790),to-read,,,,0,0
244363115,"Dark Web: A psychological horror thriller about an influencer targeted by a mysterious online stalker whose obsession escalates into real-world terror, violence, and deadly consequences.",Prasanth N.M,"N.M, Prasanth",,"=""""","=""""",0,Prasanth Publications,Kindle Edition,206,2025,,,2026/02/07,to-read,to-read (#1789),to-read,,,,0,0
237003905,Letters to the Dead : A Psychological Thriller (Crime Mysteries Book 2),Dinesh Deckker,"Deckker, Dinesh",,"=""""","=""""",0,Dinsu Books,Kindle Edition,89,2025,,,2026/02/07,to-read,to-read (#1788),to-read,,,,0,0
57108401,Scandalous Affairs,Lady Legacy,"Legacy, Lady",,"=""""","=""""",0,LADY LEGACY PRESENTS,Kindle Edition,124,2021,,,2026/02/07,to-read,to-read (#1786),to-read,,,,0,0
205049294,Till this Night,Nuhaa Bardien,"Bardien, Nuhaa",,"=""""","=""""",0,Nuhaa Bardien,Kindle Edition,294,2024,,,2026/02/07,to-read,to-read (#1787),to-read,,,,0,0
238286779,"Finding You, Finding Me",Rayona Lovely Wilson,"Wilson, Rayona Lovely",,"=""""","=""""",0,,Kindle Edition,216,2025,,,2026/02/07,to-read,to-read (#1785),to-read,,,,0,0
58646117,Friends with Benefits (Friend Zone #3),Nicole Blanchard,"Blanchard, Nicole",,"=""1965556388""","=""9781965556382""",0,Evening Star Press,Kindle Edition,300,2021,,,2026/02/07,to-read,to-read (#1784),to-read,,,,0,0
199248709,Traitor (First to Fight #5),Nicole Blanchard,"Blanchard, Nicole",,"=""1965556248""","=""9781965556245""",0,Evening Star Press,Kindle Edition,211,2022,2021,,2026/02/07,to-read,to-read (#1783),to-read,,,,0,0
199248689,Savior (First to Fight #4),Nicole Blanchard,"Blanchard, Nicole",,"=""1965556205""","=""9781965556207""",0,Evening Star Press,Kindle Edition,388,2022,2016,,2026/02/07,to-read,to-read (#1782),to-read,,,,0,0
199248684,Survivor (First to Fight #3),Nicole Blanchard,"Blanchard, Nicole",,"=""1965556191""","=""9781965556191""",0,Evening Star Press,Kindle Edition,318,2022,2016,,2026/02/07,to-read,to-read (#1781),to-read,,,,0,0
199248674,Warrior (First to Fight #2),Nicole Blanchard,"Blanchard, Nicole",,"=""1965556175""","=""9781965556177""",0,Evening Star Press,Kindle Edition,326,2025,,,2026/02/07,to-read,to-read (#1780),to-read,,,,0,0
199248656,Anchor (First to Fight #1),Nicole Blanchard,"Blanchard, Nicole",,"=""1965556167""","=""9781965556160""",0,Evening Star Press,Kindle Edition,294,2022,2015,,2026/02/07,"to-read, tbb-buddy-reads","to-read (#1779), tbb-buddy-reads (#23)",to-read,,,,0,0
199248720,Operator (First to Fight #6),Nicole Blanchard,"Blanchard, Nicole",,"=""1965556299""","=""9781965556290""",0,Evening Star Press,Kindle Edition,328,2022,,,2026/02/07,to-read,to-read (#1778),to-read,,,,0,0
193786202,Aviator (First to Fight #7),Nicole Blanchard,"Blanchard, Nicole",,"=""1965556264""","=""9781965556269""",0,Evening Star Press,Kindle Edition,346,2023,,,2026/02/07,to-read,to-read (#1777),to-read,,,,0,0
54786142,"The Only Good Indians (The Only Good Indians, #1)",Stephen Graham Jones,"Jones, Stephen Graham",,"=""1982136464""","=""9781982136468""",0,S&S/Saga Press,Paperback,310,2021,2020,,2026/02/07,to-read,to-read (#1776),to-read,,,,0,0
25116881,"Secrets (Russkaya Mafiya/Oath Keepers MC, #1)",Sapphire Knight,"Knight, Sapphire",,"=""""","=""""",0,Sapphire Knight,Kindle Edition,224,2015,2015,,2026/02/07,to-read,to-read (#1775),to-read,,,,0,0
231290965,Déjà Vu: A Second Chance Romance,Monica  Cox,"Cox, Monica",,"=""""","=""""",0,B. Love Publications,Kindle Edition,219,2025,,,2026/02/07,to-read,to-read (#1774),to-read,,,,0,0
224953196,The Perfect Accomplice,Parker  Jones,"Jones, Parker",,"=""""","=""""",0,B. Love Publications,Kindle Edition,117,2025,,,2026/02/07,to-read,to-read (#1772),to-read,,,,0,0
60489494,The Love We Make: The Moods of Love,Mya,"Mya, Mya",,"=""""","=""""",0,B. Love Publications,Kindle Edition,84,2022,,,2026/02/07,to-read,to-read (#1773),to-read,,,,0,0
61991113,This Time It's Forever,Kay Shanee,"Shanee, Kay",,"=""""","=""""",0,B. Love Publications,Kindle Edition,0,2022,,,2026/02/07,to-read,to-read (#1770),to-read,,,,0,0
218276158,Studio Love,Parker  Jones,"Jones, Parker",,"=""""","=""""",0,B. Love Publications,Kindle Edition,140,2024,,,2026/02/07,to-read,to-read (#1771),to-read,,,,0,0
231699976,Love Set Me Free,Cyn,"Cyn, Cyn",,"=""""","=""""",0,B. Love Publications,Kindle Edition,177,2025,,,2026/02/07,to-read,to-read (#1769),to-read,,,,0,0
62331740,Summer's Solace,Mya,"Mya, Mya",,"=""""","=""""",0,B. Love Publications,Kindle Edition,0,2022,,,2026/02/07,to-read,to-read (#1768),to-read,,,,0,0
213073009,Professor Zaddy: A Potomac Falls Novel,K.L. Hall,"Hall, K.L.",,"=""""","=""""",0,B. Love Publications,Kindle Edition,196,2024,,,2026/02/07,to-read,to-read (#1767),to-read,,,,0,0
177072592,Because You Don't Know My Name (Potomac Falls),K.L. Hall,"Hall, K.L.",,"=""""","=""""",0,B. Love Publications,Kindle Edition,109,2023,,,2026/02/07,to-read,to-read (#1766),to-read,,,,0,0
222242782,A Love So Wrong,Monae Nicole,"Nicole, Monae",,"=""""","=""""",0,B. Love Publications,Kindle Edition,,2024,,,2026/02/07,to-read,to-read (#1764),to-read,,,,0,0
230943192,Make Me Your Hitta: A Mafia Romance,Ariya Brooks,"Brooks, Ariya",,"=""""","=""""",0,B. Love Publications,Kindle Edition,170,2025,,,2026/02/07,to-read,to-read (#1765),to-read,,,,0,0
228608756,Bully (The Protectors Book 7),B. Love,"Love, B.",,"=""""","=""""",0,Prolific Pen Pusher,Kindle Edition,158,2025,,,2026/02/07,to-read,to-read (#1762),to-read,,,,0,0
236902675,Objection (MPWG Law Firm Book 1),B. Love,"Love, B.",,"=""""","=""""",0,Prolific Pen Pusher,Kindle Edition,182,2025,,,2026/02/07,to-read,to-read (#1763),to-read,,,,0,0
213030111,Freed by Desire,Riley Baxter,"Baxter, Riley",,"=""""","=""""",0,B. Love Publications,Kindle Edition,193,2024,,,2026/02/07,to-read,to-read (#1761),to-read,,,,0,0
58677102,The Day I Met My Soul,Tisha Andrews,"Andrews, Tisha",,"=""""","=""""",0,B. Love Publications,Kindle Edition,114,2021,,,2026/02/07,to-read,to-read (#1759),to-read,,,,0,0
218525676,Doppelgangsta,Torryn Santana,"Santana, Torryn",,"=""""","=""""",0,B. Love Publications,Kindle Edition,112,2024,,,2026/02/07,to-read,to-read (#1760),to-read,,,,0,0
236678456,"If You'll Let Me (The Love Series, #2)",Nicole Monroe,"Monroe, Nicole",,"=""""","=""""",0,,Kindle Edition,381,2025,,,2026/02/07,to-read,to-read (#1757),to-read,,,,0,0
245463458,The Accidental Love: Holiday Novella,Nicole Monroe,"Monroe, Nicole",,"=""""","=""""",0,,Kindle Edition,132,2025,,,2026/02/07,to-read,to-read (#1758),to-read,,,,0,0
231544712,"I'm Yours To Be (The Love Series, #1)",Nicole Monroe,"Monroe, Nicole",,"=""""","=""""",0,,Kindle Edition,204,2025,,,2026/02/07,to-read,to-read (#1756),to-read,,,,0,0
243412165,I Want You (The Love Series Book 3),Nicole Monroe,"Monroe, Nicole",,"=""""","=""""",0,,Kindle Edition,285,2025,,,2026/02/07,to-read,to-read (#1755),to-read,,,,0,0
25131711,"Numbers Game (Numbers Game, #1)",Rebecca Rode,"Rode, Rebecca",,"=""0996153217""","=""9780996153218""",0,Diamond Patch Press,Kindle Edition,354,2015,2015,,2026/02/07,to-read,to-read (#1754),to-read,,,,0,0
211647260,White Lies and Soul Ties : A Standalone Novel,Shortee,"Shortee, Shortee",,"=""""","=""""",0,,Kindle Edition,180,2024,,,2026/02/07,to-read,to-read (#1753),to-read,,,,0,0
218615432,Infatuated With A Forbidden Love,Nikki Rae,"Rae, Nikki",,"=""""","=""""",0,,Kindle Edition,97,2024,,,2026/02/07,to-read,to-read (#1752),to-read,,,,0,0
54207114,A Dope Kind of Love: Dino & Sadie's Story,Chantel,"Chantel, Chantel",,"=""""","=""""",0,,Kindle Edition,208,2020,,,2026/02/07,to-read,to-read (#1751),to-read,,,,0,0
212229883,Jealousy's a Witch (Midlife in Mosswood #2),Louisa West,"West, Louisa",,"=""""","=""""",0,Amazon Digital Services,Kindle Edition,276,2023,,,2026/02/07,to-read,to-read (#1750),to-read,,,,0,0
223308585,When It's Hard To Love A Hustla,LaSalle R.,"R., LaSalle",,"=""""","=""""",0,,Kindle Edition,134,2025,,,2026/02/07,to-read,to-read (#1749),to-read,,,,0,0
241866114,Two Sides of the Same Sentence,Latasia Nadia,"Nadia, Latasia",,"=""""","=""""",0,,Kindle Edition,183,2025,,,2026/02/07,to-read,to-read (#1748),to-read,,,,0,0
53063128,She's in Love with My Street King,Asia,"Asia, Asia",,"=""""","=""""",0,,Kindle Edition,175,2019,,,2026/02/07,to-read,to-read (#1747),to-read,,,,0,0
228911810,Heavenly: Sins Behind The Pulpit,J. Cobbs,"Cobbs, J.",,"=""""","=""""",0,,Kindle Edition,136,2025,,,2026/02/07,to-read,to-read (#1746),to-read,,,,0,0
204941988,Thuggin' In The New Year With An ATL Bully (TP's Thuggin' In The New Year Book 6),Shanni B.,"B., Shanni",,"=""""","=""""",0,,Kindle Edition,100,2024,,,2026/02/07,to-read,to-read (#1745),to-read,,,,0,0
203438284,"A House of Fangs & Deceit (Lunaria Realms, #1)",Alex  Frost,"Frost, Alex",,"=""""","=""9798988189343""",0,Greymalkin Press,Kindle Edition,368,2024,2024,,2026/02/07,to-read,to-read (#1744),to-read,,,,0,0
60907411,"Ruthless Heart (Ruthless, #1)",Roxy Sloane,"Sloane, Roxy",,"=""""","=""""",0,Roxy Sloane Books,Kindle Edition,230,2022,,,2026/02/07,to-read,to-read (#1743),to-read,,,,0,0
55657326,Big Girls Love Dope Boys Too,Tyanna,"Tyanna, Tyanna","Nikki  Rae, Chantel, Asia, TN  Jones","=""""","=""""",0,,Kindle Edition,523,2020,,,2026/02/07,to-read,to-read (#1742),to-read,,,,0,0
224099744,Carrying A Hood Millionaire's Baby,Ni'Andra Nicole,"Nicole, Ni'Andra",,"=""""","=""""",0,,Kindle Edition,189,2025,,,2026/02/07,to-read,to-read (#1741),to-read,,,,0,0
234041205,"The Bond That Burns (Bloodwing Academy, #2)",Briar Boleyn,"Boleyn, Briar",,"=""0778306275""","=""9780778306276""",0,MIRA,Hardcover,448,2025,2024,,2026/02/07,to-read,to-read (#1739),to-read,,,,0,0
211081092,"The Traitor Queen (The Bridge Kingdom, #2)",Danielle L. Jensen,"Jensen, Danielle L.",,"=""0593975219""","=""9780593975213""",0,Del Rey,Paperback,416,2024,2020,,2026/02/07,to-read,to-read (#1740),to-read,,,,0,0
26026013,The Stranger,Harlan Coben,"Coben, Harlan",,"=""0451414136""","=""9780451414137""",0,Dutton,Paperback,464,2016,2015,,2026/02/07,to-read,to-read (#1738),to-read,,,,0,0
211094673,Insidious Obsession (Insidious Obsession #1),Kia Carrington-Russell,"Carrington-Russell, Kia",,"=""""","=""""",0,,Kindle Edition,378,2024,,,2026/02/07,"to-read, tbb-buddy-reads","to-read (#1737), tbb-buddy-reads (#24)",to-read,,,,0,0
55971373,"Dirty Billionaire (The Dirty Billionaire Trilogy, #1)",Meghan March,"March, Meghan",,"=""""","=""""",0,Meghan March LLC,Kindle Edition,186,2015,2015,,2026/02/07,to-read,to-read (#1736),to-read,,,,0,0
57202956,As Long as You Stay Down,K.L. Hall,"Hall, K.L.",,"=""""","=""""",0,K.L. Hall Productions,Kindle Edition,102,2021,,,2026/02/07,to-read,to-read (#1735),to-read,,,,0,0
53680847,Caught Between My Husband and a Hustler,K.L. Hall,"Hall, K.L.",,"=""""","=""""",0,K.L. Hall Productions,Kindle Edition,172,2020,,,2026/02/07,to-read,to-read (#1734),to-read,,,,0,0
18987166,Finding Sarah (Pine Hills Police #1),Terry Odell,"Odell, Terry",,"=""""","=""""",0,,Kindle Edition,331,2013,2007,,2026/02/07,"to-read, tbb-buddy-reads","to-read (#1733), tbb-buddy-reads (#25)",to-read,,,,0,0
59088241,"Crave to Conquer (Myth of Omega, #1)",Zoey Ellis,"Ellis, Zoey",,"=""""","=""""",0,,Kindle Edition,267,2021,2018,,2026/02/07,to-read,to-read (#1732),to-read,,,,0,0
66701594,Beautiful Liar (Westlake Royals #0.5),Jaime  Ellis,"Ellis, Jaime",,"=""""","=""""",0,,Kindle Edition,54,2022,2022,,2026/02/07,to-read,to-read (#1731),to-read,,,,0,0
55737938,"Faze (Rosewood High, #5.5)",Tracy Lorraine,"Lorraine, Tracy",,"=""""","=""""",0,Amazon Digital Services,Kindle Edition,82,2020,,,2026/02/07,to-read,to-read (#1730),to-read,,,,0,0
59312746,A Billion Desires (The Rosetti Crime Family #1),Jessa York,"York, Jessa",,"=""""","=""""",0,,Kindle Edition,200,2021,2021,,2026/02/07,to-read,to-read (#1729),to-read,,,,0,0
199420466,Forbidden Desires: A Second Chance Erotic Romance (Unexpectedly Mine),Reba Bale,"Bale, Reba",,"=""""","=""""",0,,Kindle Edition,169,2023,,,2026/02/07,to-read,to-read (#1727),to-read,,,,0,0
229181256,"Scars of His Wrath (Myth of Omega: Wrath, #1)",Zoey Ellis,"Ellis, Zoey",,"=""""","=""""",0,,Kindle Edition,278,2025,2024,,2026/02/07,to-read,to-read (#1728),to-read,,,,0,0
222845102,"Stolen by the Mafia King (London Mafia Bosses, #3)",Evie  Rose,"Rose, Evie",,"=""191861802X""","=""9781918618020""",0,Pendle Rose,Kindle Edition,96,2024,,,2026/02/07,to-read,to-read (#1726),to-read,,,,0,0
60809096,Falling Princess (Fallen Realm #1),Joline Pearce,"Pearce, Joline",,"=""""","=""9798201594282""",0,,Kindle Edition,430,2022,,,2026/02/07,to-read,to-read (#1725),to-read,,,,0,0
240672087,Wolf's Promise: A Werewolf Fated Mates Romance (Cascadia Guardians Book 3),Ardyn Shaw,"Shaw, Ardyn",,"=""""","=""""",0,,Kindle Edition,211,2025,,,2026/02/07,to-read,to-read (#1724),to-read,,,,0,0
58847729,"The Curse of Broken Shadows (Smoke and Shadow, #1)",Laura   Winter,"Winter, Laura",,"=""""","=""""",0,,Kindle Edition,744,2021,,,2026/02/07,to-read,to-read (#1723),to-read,,,,0,0
57821767,"Spellbound After Midnight (Ever Dark, Ever Deadly #1)",Jenna Collett,"Collett, Jenna",,"=""""","=""""",0,,Kindle Edition,293,2021,2020,,2026/02/07,to-read,to-read (#1722),to-read,,,,0,0
223845760,The Curse of the Arcadian Stone: Vol. 4 The Bridge (Nameless Fay),S.R. Breaker,"Breaker, S.R.",,"=""""","=""""",0,Zeta Indie Publishing,Kindle Edition,150,2025,,,2026/02/07,to-read,to-read (#1721),to-read,,,,0,0
223671105,"Breaking up with a Fae (Court of Shadows, #1)",Tasha Creed,"Creed, Tasha",,"=""""","=""""",0,,Kindle Edition,222,2025,,,2026/02/07,to-read,to-read (#1719),to-read,,,,0,0
230395852,Poison Nights and Twilight Alchemy,Candace Robinson,"Robinson, Candace",S.G.D. Singh,"=""""","=""""",0,,Kindle Edition,283,2025,,,2026/02/07,to-read,to-read (#1720),to-read,,,,0,0
241906737,Moon Bound: An FFM Monster Romance,Autumn Hawthorne,"Hawthorne, Autumn",,"=""""","=""""",0,,Kindle Edition,312,2025,,,2026/02/07,to-read,to-read (#1718),to-read,,,,0,0
219603043,Snowed In With A Rebel Shifter,Tessa   Stone,"Stone, Tessa",,"=""""","=""""",0,,Kindle Edition,156,2025,,,2026/02/07,to-read,to-read (#1717),to-read,,,,0,0
61377157,The Ghost in the Hall (Beyond the Veil #1),K.M.   Avery,"Avery, K.M.",,"=""""","=""""",0,Amazon Digital Services,Kindle Edition,472,2022,2021,,2026/02/07,to-read,to-read (#1716),to-read,,,,0,0
239827370,Read Between the Lies,Jesse Q. Sutanto,"Sutanto, Jesse Q.",Mindy Kaling,"=""1662534655""","=""9781662534652""",0,Mindy's Book Studio,Kindle Edition,284,2026,2026,,2026/02/07,to-read,to-read (#1715),to-read,,,,0,0
218155583,"Detonate (Beneath the Mask, #2)",Luna Mason,"Mason, Luna",,"=""1496757475""","=""9781496757470""",0,Kensington,Paperback,352,2025,,,2026/02/07,to-read,to-read (#1714),to-read,,,,0,0
221229879,Positive Obsession: The Life and Times of Octavia E. Butler,Susana M. Morris,"Morris, Susana M.",,"=""006321184X""","=""9780063211841""",0,Amistad,Kindle Edition,272,2025,2025,,2026/02/07,to-read,to-read (#1713),to-read,,,,0,0
228125697,"Black, White, Colored: The Hidden Story of an Insurrection, a Family, a Southern Town, and Identity in America",Lauretta Malloy Noble,"Noble, Lauretta Malloy",LeeAnet Noble,"=""0063352222""","=""9780063352223""",0,Amistad,Hardcover,240,2025,,,2026/02/07,to-read,to-read (#1712),to-read,,,,0,0
199534697,Black in Blues: How a Color Tells the Story of My People,Imani Perry,"Perry, Imani",,"=""0062977393""","=""9780062977397""",0,Ecco,Hardcover,248,2025,2025,,2026/02/07,to-read,to-read (#1711),to-read,,,,0,0
193544841,Long After We Are Gone,Terah Shelton Harris,"Harris, Terah Shelton",,"=""1728265770""","=""9781728265773""",0,Sourcebooks Landmark,Paperback,432,2024,2024,,2026/02/07,to-read,to-read (#1710),to-read,,,,0,0
203956639,An Academy for Liars,Alexis  Henderson,"Henderson, Alexis",,"=""0593638301""","=""9780593638309""",0,Ace,Hardcover,464,2024,2024,,2026/02/07,to-read,to-read (#1709),to-read,,,,0,0
217262686,"Blood Slaves (The Blood Saga, #1)",Markus Redmond,"Redmond, Markus",,"=""149675316X""","=""9781496753168""",0,Kensington Publishing Corp,Hardcover,400,2025,2025,,2026/02/07,to-read,to-read (#1708),to-read,,,,0,0
222175347,Little Movements,Lauren Morrow,"Morrow, Lauren",,"=""0593736753""","=""9780593736753""",0,Random House,Hardcover,256,2025,2025,,2026/02/07,to-read,to-read (#1707),to-read,,,,0,0
224057573,Our Vicious Oaths,N.E. Davenport,"Davenport, N.E.",,"=""0063397781""","=""9780063397781""",0,Harper Voyager,Paperback,528,2025,2025,,2026/02/07,to-read,to-read (#1706),to-read,,,,0,0
217388021,"Plus Size Player (Curve, #2)",Danielle Allen,"Allen, Danielle",,"=""1250331188""","=""9781250331182""",0,Bramble,Paperback,368,2025,2025,,2026/02/07,to-read,to-read (#1705),to-read,,,,0,0
220687907,Love You to Death,Christina Dotson,"Dotson, Christina",,"=""0593874978""","=""9780593874974""",0,Bantam,Hardcover,320,2025,2025,,2026/02/07,to-read,to-read (#1704),to-read,,,,0,0
243983567,Inharmonious,Tammye Huf,"Huf, Tammye",,"=""""","=""9798874868376""",0,"Blackstone Publishing, Inc.",Hardcover,360,2025,,,2026/02/07,to-read,to-read (#1703),to-read,,,,0,0
231127025,If I Ruled the World,Amy Dubois Barnett,"Barnett, Amy Dubois",,"=""1250378125""","=""9781250378125""",0,Flatiron Books,Hardcover,352,2026,2026,,2026/02/07,to-read,to-read (#1702),to-read,,,,0,0
30237404,"An Extraordinary Union (The Loyal League, #1)",Alyssa Cole,"Cole, Alyssa",,"=""1496707443""","=""9781496707444""",0,Kensington,Paperback,258,2017,2017,,2026/02/07,to-read,to-read (#1701),to-read,,,,0,0
228511328,"Second Chance Romance (Harlot's Bay, #2)",Olivia Dade,"Dade, Olivia",,"=""0063215985""","=""9780063215986""",0,Avon,Kindle Edition,395,2025,2025,,2026/02/07,to-read,to-read (#1700),to-read,,,,0,0
221179148,August Lane,Regina Black,"Black, Regina",,"=""153876752X""","=""9781538767528""",0,Grand Central Publishing,Hardcover,336,2025,2025,,2026/02/07,to-read,to-read (#1699),to-read,,,,0,0
65214502,Janae Sanders' Second Time Around,LaQuette,"LaQuette, LaQuette",,"=""1250773415""","=""9781250773418""",0,St. Martin's Griffin,Paperback,336,2026,,,2026/02/07,to-read,to-read (#1698),to-read,,,,0,0
25760151,"Forbidden (Old West, #1)",Beverly Jenkins,"Jenkins, Beverly",,"=""0062389009""","=""9780062389008""",0,Avon,Mass Market Paperback,370,2016,2016,,2026/02/07,to-read,to-read (#1697),to-read,,,,0,0
208516646,"Cross the Line (Lights Out, #1)",Simone Soltani,"Soltani, Simone",,"=""0593818148""","=""9780593818145""",0,Berkley,Paperback,416,2024,2024,,2026/02/07,to-read,to-read (#1696),to-read,,,,0,0
213861214,The Dating Prohibition,Taj McCoy,"McCoy, Taj",,"=""0778368580""","=""9780778368588""",0,MIRA,Paperback,320,2025,,,2026/02/07,to-read,to-read (#1695),to-read,,,,0,0
63095149,"Full Moon Over Freedom (Milagro Street, #2)",Angelina M. Lopez,"Lopez, Angelina M.",,"=""1335639934""","=""9781335639936""",0,Harlequin,Paperback,400,2023,2023,,2026/02/07,to-read,to-read (#1694),to-read,,,,0,0
61737170,A Little Kissing Between Friends,Chencia C. Higgins,"Higgins, Chencia C.",,"=""133550821X""","=""9781335508218""",0,Carina Adores,Paperback,304,2024,2024,,2026/02/07,to-read,to-read (#1693),to-read,,,,0,0
59074416,Two Little Girls,Laura Jarratt,"Jarratt, Laura",,"=""1728250366""","=""9781728250366""",0,Sourcebooks Landmark,Paperback,288,2022,2022,,2026/02/07,to-read,to-read (#1692),to-read,,,,0,0
60909831,"Mile High (Windy City, #1)",Liz Tomforde,"Tomforde, Liz",,"=""""","=""9798446572199""",0,Hodder,Paperback,603,2022,2022,,2026/02/07,to-read,to-read (#1691),to-read,,,,0,0
40613322,"The Maddest Obsession (Made, #2)",Danielle Lori,"Lori, Danielle",,"=""""","=""""",0,,ebook,333,2019,2019,,2026/02/07,to-read,to-read (#1690),to-read,,,,0,0
232489924,"I Accidentally Hired a Shadow Walker (Accidents Happen, #3)",Jessica Cage,"Cage, Jessica",,"=""1958295698""","=""9781958295694""",0,"Caged Fantasies Publications, LLC",Kindle Edition,402,2025,,,2026/02/06,to-read,to-read (#1689),to-read,,,,0,0
241235263,Safe House: Her Perfect Escape. Their Perfect hunting ground,Toni Larue',"Larue', Toni",,"=""""","=""""",0,,Kindle Edition,255,2025,,,2026/02/06,to-read,to-read (#1687),to-read,,,,0,0
208173011,Undone: Novella,Brandi Nikkale,"Nikkale, Brandi",,"=""""","=""""",0,,Kindle Edition,64,2024,,,2026/02/06,to-read,to-read (#1686),to-read,,,,0,0
201811447,The Memory Concierge,Lauren W. Roach,"Roach, Lauren W.",,"=""""","=""9798989461813""",0,Sunflower Rose Publishing,Kindle Edition,318,2023,,,2026/02/06,to-read,to-read (#1685),to-read,,,,0,0
219521987,Whispers of the Lake,Shanora Williams,"Williams, Shanora",,"=""1496745841""","=""9781496745842""",0,Dafina,Paperback,272,2025,2025,,2026/02/06,to-read,to-read (#1684),to-read,,,,0,0
224097741,A Black Girl and Her Pen: A Collection of Prompted Short Stories,Brandi Nikkale,"Nikkale, Brandi","Ray The Divine, Teedra Patrice, Sho McKinney, DeQuindra Renea","=""""","=""9798308715207""",0,Independently published,Hardcover,312,2025,,,2026/02/06,to-read,to-read (#1683),to-read,,,,0,0
237906865,"Body Count (Mind, Body, & Soul Book 1)",Netra Antionette,"Antionette, Netra",Markd By Tylee,"=""""","=""""",0,,Kindle Edition,199,2025,,,2026/02/05,to-read,to-read (#1682),to-read,,,,0,0
244451537,Welcome To The Heart Of A Maniac: The Saint-Mercier Family Saga,Taniece,"Taniece, Taniece",,"=""""","=""""",0,,Kindle Edition,160,2025,,,2026/02/05,to-read,to-read (#1681),to-read,,,,0,0
244120979,Bleu (Langston Brothers Book 1),Masterpiece,"Masterpiece, Masterpiece",,"=""""","=""""",0,Masterpiece Presents,Kindle Edition,,2025,,,2026/02/05,to-read,to-read (#1680),to-read,,,,0,0
243828210,Missionary With A Menace: An Unhinged Arranged Marriage,Bonnie Blanco,"Blanco, Bonnie",,"=""""","=""""",0,,Kindle Edition,166,2025,,,2026/02/05,to-read,to-read (#1679),to-read,,,,0,0
241914918,On Everything 2,Black Lavish,"Lavish, Black",,"=""""","=""""",0,,Kindle Edition,183,2025,,,2026/02/05,to-read,to-read (#1678),to-read,,,,0,0
232938181,Asha,Granger,"Granger, Granger",,"=""""","=""9798280174344""",0,Independently published,Paperback,298,2025,,,2026/02/05,to-read,to-read (#1677),to-read,,,,0,0
247098856,Gone Off The Preacher’s Daughter: A Standalone Novel,Thee Tasha Marie,"Marie, Thee Tasha",,"=""""","=""""",0,,Kindle Edition,251,2026,,,2026/02/05,to-read,to-read (#1676),to-read,,,,0,0
50895602,Hood Luvin' From A White Boy 2,Sha Jones,"Jones, Sha",,"=""""","=""""",0,Sha Jones Presents,Kindle Edition,119,2019,,,2026/02/05,to-read,to-read (#1674),to-read,,,,0,0
61134083,From A Hood Chick To A Billionaire's Wifey,Sha Jones,"Jones, Sha",,"=""""","=""""",0,,Kindle Edition,150,2022,,,2026/02/05,to-read,to-read (#1675),to-read,,,,0,0
52972101,Hood Luvin' From A White Boy 3,Sha Jones,"Jones, Sha",,"=""""","=""""",0,,Kindle Edition,158,2019,,,2026/02/05,to-read,to-read (#1673),to-read,,,,0,0
241546887,"Certified Pressure 2: An Arranged Marriage, Unhinged (Certified Pressure: An Arranged Marriage, Unhinged)",Sha Jones,"Jones, Sha",,"=""""","=""""",0,,Kindle Edition,303,2025,,,2026/02/05,to-read,to-read (#1672),to-read,,,,0,0
242907703,"Certified Pressure 3: An Arranged Marriage, Unhinged (Certified Pressure: An Arranged Marriage, Unhinged)",Sha Jones,"Jones, Sha",,"=""""","=""""",0,,Kindle Edition,364,2025,,,2026/02/05,to-read,to-read (#1671),to-read,,,,0,0
244248039,"Certified Pressure 4: An Arranged Marriage, Unhinged (Certified Pressure: An Arranged Marriage, Unhinged)",Sha Jones,"Jones, Sha",,"=""""","=""""",0,,Kindle Edition,380,2025,,,2026/02/05,to-read,to-read (#1670),to-read,,,,0,0
236731135,Jaeda (The Dillinger Chronicles Book 4),Kimberly   Brown,"Brown, Kimberly",,"=""""","=""""",0,,Kindle Edition,288,2025,,,2026/02/05,to-read,to-read (#1668),to-read,,,,0,0
227809253,Maceo (The Dillinger Chronicles Book 2),Kimberly   Brown,"Brown, Kimberly",,"=""""","=""""",0,,Kindle Edition,343,2025,,,2026/02/05,to-read,to-read (#1667),to-read,,,,0,0
221468832,"Deuce (Dillinger Chronicles, #1)",Kimberly   Brown,"Brown, Kimberly",,"=""""","=""""",0,,Kindle Edition,344,2024,,,2026/02/05,to-read,to-read (#1666),to-read,,,,0,0
231441027,Smoke (The Dillinger Chronicles Book 3),Kimberly   Brown,"Brown, Kimberly",,"=""""","=""""",0,,Kindle Edition,368,2025,,,2026/02/05,to-read,to-read (#1665),to-read,,,,0,0
136470356,"Nocticadia (Nocticadia, #1)",Keri Lake,"Lake, Keri",,"=""""","=""""",0,,Kindle Edition,682,2023,2023,,2026/02/05,to-read,to-read (#1664),to-read,,,,0,0
246895772,Desire Reclaimed: Bone's Brotherhood Series,Tiya Rayne,"Rayne, Tiya",,"=""""","=""""",0,"Young Ann Publishing, LLC",Kindle Edition,367,2026,,,2026/02/05,to-read,to-read (#1663),to-read,,,,0,0
231052789,Set me Free,Genesis Carter,"Carter, Genesis",,"=""""","=""""",0,Na’Kia Presents,Kindle Edition,408,2025,,,2026/02/05,to-read,to-read (#1662),to-read,,,,0,0
239915810,Meek: Chasing That Gangsta Love : A Standalone,S. Yvonne,"Yvonne, S.",,"=""""","=""""",0,S.Yvonne Presents,Kindle Edition,325,2025,,,2026/02/05,to-read,to-read (#1661),to-read,,,,0,0
150062296,"The Broken Vows (The Windsors, #4)",Catharina Maura,"Maura, Catharina",,"=""""","=""""",0,,Kindle Edition,530,2023,,,2026/02/05,to-read,to-read (#1660),to-read,,,,0,0
104659050,"The Unwanted Marriage (The Windsors, #3)",Catharina Maura,"Maura, Catharina",,"=""""","=""""",0,,Kindle Edition,374,2023,2023,,2026/02/05,to-read,to-read (#1659),to-read,,,,0,0
62316382,"The Wrong Bride (The Windsors, #1)",Catharina Maura,"Maura, Catharina",,"=""""","=""""",0,,Kindle Edition,382,2022,2022,,2026/02/05,"to-read, tbb-buddy-reads","to-read (#1658), tbb-buddy-reads (#26)",to-read,,,,0,0
63095160,"The Temporary Wife (The Windsors, #2)",Catharina Maura,"Maura, Catharina",,"=""""","=""""",0,,Kindle Edition,384,2023,2023,,2026/02/05,to-read,to-read (#1657),to-read,,,,0,0
203150115,I'm On Whatever You On,A.C. Taylor,"Taylor, A.C.",,"=""""","=""""",0,,Kindle Edition,268,2023,,,2026/02/05,to-read,to-read (#1656),to-read,,,,0,0
59802013,Sister Friends Forever,Kimberla Lawson Roby,"Roby, Kimberla Lawson",,"=""1538708957""","=""9781538708958""",0,Grand Central Publishing,Hardcover,336,2022,2022,,2026/02/05,to-read,to-read (#1655),to-read,,,,0,0
61356489,Sun Keep Rising,Kristen R. Lee,"Lee, Kristen R.",,"=""0593309200""","=""9780593309209""",0,Crown Books for Young Readers,Library Binding,240,2023,2023,,2026/02/05,to-read,to-read (#1654),to-read,,,,0,0
62645186,What She Missed: A Lyrical YA Coming-of-Age Story for Black Girls About Summer Friendship and First Love in Texas,Liara Tamani,"Tamani, Liara",,"=""0063093286""","=""9780063093287""",0,Greenwillow Books,Hardcover,320,2023,2023,,2026/02/05,to-read,to-read (#1653),to-read,,,,0,0
127305892,No One Can Know,Kate Alice Marshall,"Marshall, Kate Alice",,"=""1250859913""","=""9781250859914""",0,Flatiron Books,Hardcover,325,2024,2024,,2026/02/05,to-read,to-read (#1652),to-read,,,,0,0
52764760,The Business of Lovers,Eric Jerome Dickey,"Dickey, Eric Jerome",,"=""1524745200""","=""9781524745202""",0,Dutton Books,Hardcover,387,2020,2020,,2026/02/05,to-read,to-read (#1651),to-read,,,,0,0
207299756,"Love After Midnight (Winter Santiaga, #3)",Sister Souljah,"Souljah, Sister",,"=""1982180633""","=""9781982180638""",0,Atria/Emily Bestler Books,Hardcover,432,2024,2024,,2026/02/05,to-read,to-read (#1650),to-read,,,,0,0
52268640,Memphis,Tara M. Stringfellow,"Stringfellow, Tara M.",,"=""0593230485""","=""9780593230480""",0,The Dial Press,Hardcover,272,2022,2022,,2026/02/05,to-read,to-read (#1649),to-read,,,,0,0
203050412,"The Doctor's Child (The Doctor's Wife, #4)",Daniel Hurst,"Hurst, Daniel",,"=""183525604X""","=""9781835256046""",0,Bookouture,Kindle Edition,248,2024,2024,,2026/02/05,to-read,to-read (#1648),to-read,,,,0,0
75651263,The Surgeon,Leslie Wolfe,"Wolfe, Leslie",,"=""1837902704""","=""9781837902705""",0,Bookouture,Kindle Edition,290,2023,2023,,2026/02/05,to-read,to-read (#1647),to-read,,,,0,0
205366300,She a Baddie (The Decadence Series Book 1),Monique Fisher,"Fisher, Monique",,"=""""","=""""",0,,Kindle Edition,129,2024,2024,,2026/02/05,to-read,to-read (#1646),to-read,,,,0,0
60012953,"Soul of the Deep (Skin of the Sea, #2)",Natasha Bowen,"Bowen, Natasha",,"=""0593120981""","=""9780593120989""",0,Random House Books for Young Readers,Hardcover,304,2022,2022,,2026/02/05,to-read,to-read (#1645),to-read,,,,0,0
63120226,Never Never,Colleen Hoover,"Hoover, Colleen",Tarryn Fisher,"=""1335004882""","=""9781335004888""",0,Canary Street Press,Paperback,416,2023,2016,,2026/02/05,to-read,to-read (#1644),to-read,,,,0,0
329482,Baby Momma Drama,Carl Weber,"Weber, Carl",,"=""0758200315""","=""9780758200310""",0,Kensington,Mass Market Paperback,352,2005,2003,,2026/02/05,to-read,to-read (#1643),to-read,,,,0,0
6741815,Big Girls Do Cry,Carl Weber,"Weber, Carl",,"=""0758231814""","=""9780758231819""",0,Kensington Pub Corp,Hardcover,330,2010,,,2026/02/05,to-read,to-read (#1642),to-read,,,,0,0
128871400,Product Of The Street: Union City 2 (Product of the Street: Union City #2),E. Bowser,"Bowser, E.",,"=""""","=""""",0,,Kindle Edition,354,2023,,,2026/02/05,to-read,to-read (#1641),to-read,,,,0,0
248399,"Sweeter Than Honey (Honey Diaries, #1)",Mary B. Morrison,"Morrison, Mary B.",,"=""0758215118""","=""9780758215116""",0,Kensington Pub Corp,Hardcover,264,2007,2007,,2026/02/05,to-read,to-read (#1640),to-read,,,,0,0
59743446,The Accidental Pinup (Buxom Boudoir #1),Danielle  Jackson,"Jackson, Danielle",,"=""0593437330""","=""9780593437339""",0,Berkley,Paperback,304,2022,2022,,2026/02/05,to-read,to-read (#1639),to-read,,,,0,0
180351983,Power Moves: Ignite Your Confidence and Become a Force,Sarah Jakes Roberts,"Roberts, Sarah Jakes",,"=""0785291903""","=""9780785291909""",5.0,Thomas Nelson,Hardcover,224,2024,,2026/02/05,2026/02/05,,,read,,,,1,0
241458703,Woman Down,Colleen Hoover,"Hoover, Colleen",,"=""1542025621""","=""9781542025621""",2.0,Montlake,Kindle Edition,312,2026,2026,2026/02/04,2026/01/11,,,read,,,,1,0
220999004,"Bones at the Crossroads (Blood at the Root, #2)",LaDarrion Williams,"Williams, LaDarrion",,"=""0593711963""","=""9780593711965""",4.0,Labyrinth Road,Hardcover,544,2025,2025,2026/02/03,2025/05/20,,,read,,,,1,0
228262498,Seven Deadly Thorns,Amber  Hamilton,"Hamilton, Amber",,"=""1547616601""","=""9781547616602""",0,Bloomsbury YA,Kindle Edition,369,2025,2025,,2025/11/07,to-read,to-read (#1397),to-read,,,,0,0
186228725,"Loaned Out (One-Hand Reads, #1)",Cassie Donoghue,"Donoghue, Cassie",Torrance Sené,"=""""","=""""",3.0,,Kindle Edition,43,2023,,2026/01/28,2026/01/28,,,read,,,,1,0
53011033,"Entangled in Them (Dirty Twisted Love, #1)",Marissa Farrar,"Farrar, Marissa",,"=""""","=""""",0,Warwick House Press,Kindle Edition,212,2019,2019,,2026/01/25,to-read,to-read (#1638),to-read,,,,1,0
207590216,Who's That Girl?,Eve.,"Eve., Eve.",Kathy Iandoli,"=""1335081151""","=""9781335081155""",3.0,Hanover Square Press,Hardcover,272,2024,2024,2026/01/24,2025/02/04,,,read,,,,1,0
63891858,"Kiss of the Night (Dark-Hunter, #5)",Sherrilyn Kenyon,"Kenyon, Sherrilyn",,"=""""","=""""",0,St. Martin's Press,Kindle Edition,368,2022,2004,,2025/10/24,to-read,to-read (#1637),to-read,,,,2,0
198701013,Blood at the Root,LaDarrion Williams,"Williams, LaDarrion",,"=""0593711955""","=""9780593711958""",5.0,Labyrinth Road,Kindle Edition,421,2024,2024,2026/01/16,2025/11/29,5-star-reads,5-star-reads (#50),read,"Review: Blood at the Root – A Masterclass in Magic and Authenticity<br/>Rating: ⭐⭐⭐⭐⭐️ (5/5)<br/><br/>If you are looking for a story that feels as real as your own backyard while simultaneously blowing your mind with supernatural stakes, this is it.<br/><br/>The Vibes: Unapologetically Us<br/>The first thing that hits you is the authenticity. This isn't a story trying to fit Black characters into a ""traditional"" mold; it’s a story where the personality, the dialogue, and the rhythm of life match our actual reality. The characters felt like people I know—their humor, their protective nature, and that specific ""way we move."" It was refreshing to see an African American experience centered so naturally in a world of magic.<br/><br/>The Plot: Expect the Unexpected<br/>I’m usually pretty good at sniffing out a plot twist a mile away, but LaDarrion Williams played me! The twists and turns in this book are top-tier. Just when I thought I had the mystery of Malik’s past and the secrets of the hidden HBCU (Caster) figured out, the rug was pulled out from under me.<br/><br/>The Drama: High Stakes and Heart<br/>The drama is dialed up to 100, but it never feels forced. Whether it’s the internal friction within the magic school or the larger-than-life external threats, I was hooked from page one. It’s got:<br/><br/>Deep-rooted secrets that keep you turning pages.<br/><br/>Complex relationships that feel earned and messy.<br/><br/>A unique magic system that feels grounded in history. My first 5-star of the year!",,,1,1
228747180,Bullet: A Forbidden Romance (BLP Motorcycle Clubs Book 1),Wynta Tyme,"Tyme, Wynta",,"=""""","=""""",4.0,B. Love Publications,Kindle Edition,112,2025,,2026/01/20,2025/08/10,,,read,,,,1,0
229220984,Miss Mary Mack,Deandre Kralevic,"Kralevic, Deandre",,"=""""","=""""",0,,Kindle Edition,129,2025,,,2026/01/20,to-read,to-read (#1636),to-read,,,,0,0
243109195,"Echoes of Fate (Odidere, #2)",Tobiloba Afolayan,"Afolayan, Tobiloba",,"=""9786986865""","=""9789786986869""",0,Purple loom Publishers,Paperback,183,2025,,,2026/01/20,to-read,to-read (#1635),to-read,,,,0,0
239072468,Crushed: A Novelette (Love Cynics Anonymous),L.M. Bennett,"Bennett, L.M.",,"=""""","=""""",0,L.M. Bennett Books,Kindle Edition,83,2025,,,2026/01/20,to-read,to-read (#1634),to-read,,,,0,0
244244060,Sweetest Temptation,Melanie B.,"B., Melanie",,"=""""","=""""",0,K. Renee Publications,Kindle Edition,304,2025,,,2026/01/19,to-read,to-read (#1633),to-read,,,,0,0
244792202,Reflections of My Desire,Monae Nicole,"Nicole, Monae",,"=""""","=""""",0,B. Love Publications,Kindle Edition,166,2025,,,2026/01/18,to-read,to-read (#1632),to-read,,,,0,0
235364884,A Virgin Surrogate & A Underboss,Taniece,"Taniece, Taniece",,"=""""","=""""",0,"Cole Hart Signature, LLC",Kindle Edition,306,2025,,,2026/01/18,to-read,to-read (#1631),to-read,,,,0,0
231127462,My Husband's Wife,Alice Feeney,"Feeney, Alice",,"=""125033781X""","=""9781250337818""",0,Flatiron Books: Pine & Cedar,Hardcover,310,2026,2026,,2026/01/18,to-read,to-read (#1630),to-read,,,,0,0
230443142,It's Not Her,Mary Kubica,"Kubica, Mary",,"=""0778387992""","=""9780778387992""",0,Park Row,Hardcover,342,2026,2026,,2026/01/18,to-read,to-read (#1629),to-read,,,,0,0
246683980,Missionary With A Menace 3: An Unhinged Arranged Marriage (Missionary With A Menace: An Unhinged Arranged Marriage),Bonnie Blanco,"Blanco, Bonnie",,"=""""","=""""",0,,Kindle Edition,171,2026,,,2026/01/18,to-read,to-read (#1628),to-read,,,,0,0
199912568,All In,Zee Reneé,"Reneé, Zee",,"=""""","=""""",0,,Kindle Edition,608,2023,2023,,2026/01/18,to-read,to-read (#1627),to-read,,,,0,0
244659769,If He Finds Us: A psychological thriller short story (Shocking Standalone Short Story Series Book 1),Daniel Hurst,"Hurst, Daniel",,"=""""","=""""",0,,Kindle Edition,70,2025,,,2026/01/16,to-read,to-read (#1626),to-read,,,,0,0
230890880,'Til I Say When,Natisha Raynor,"Raynor, Natisha",,"=""""","=""""",0,,Kindle Edition,216,2025,,,2026/01/16,to-read,to-read (#1625),to-read,,,,0,0
233937301,Yearning For The Curves of a BBW Boss: A STANDALONE NOVEL,Kim K.,"K., Kim",,"=""""","=""""",0,TIECE PRESENTS,Kindle Edition,455,2025,,,2026/01/15,to-read,to-read (#1624),to-read,,,,0,0
227948522,Seven All Alone,Kirsty McKay,"McKay, Kirsty",,"=""1728268486""","=""9781728268484""",0,Sourcebooks Fire,Paperback,328,2025,2025,,2026/01/14,to-read,to-read (#1623),to-read,,,,0,0
218431656,A Murder in Paris,Matthew   Blake,"Blake, Matthew",,"=""1443470201""","=""9781443470209""",0,HarperCollins Publishers,Hardcover,354,2025,2025,,2026/01/14,to-read,to-read (#1622),to-read,,,,0,0
60913024,"God of Malice (Legacy of Gods, #1)",Rina Kent,"Kent, Rina",,"=""1685451462""","=""9781685451462""",4.0,"Blackthorn Books, LLC",Kindle Edition,468,2022,2022,2026/01/11,2025/06/04,,,read,,,,1,0
217534420,"Rook & Rebel (The Mavericks, #1)",Kate Crew,"Crew, Kate",,"=""""","=""""",0,Amazon Digital Services,Kindle Edition,381,2024,2024,,2026/01/11,to-read,to-read (#1621),to-read,,,,0,0
222376560,The Last Vampire,Romina Garber,"Garber, Romina",,"=""1250863910""","=""9781250863911""",0,Wednesday Books,Hardcover,400,2025,2025,,2026/01/11,to-read,to-read (#1620),to-read,,,,0,0
228644466,Sparks Fly,Zakiya N. Jamal,"Jamal, Zakiya N.",,"=""0593953835""","=""9780593953839""",0,Berkley,Paperback,320,2025,2025,,2026/01/11,to-read,to-read (#1619),to-read,,,,0,0
233006855,"The Grump Next Door (Steele Brothers of Starlight Cove, #1)",Brighton Walsh,"Walsh, Brighton",,"=""1685180485""","=""9781685180485""",0,Bright Publishing LLC,Paperback,368,2025,2025,,2026/01/11,to-read,to-read (#1618),to-read,,,,0,0
239824154,Surrender Your Heart (Surrender Series Book 2),Thee Tasha Marie,"Marie, Thee Tasha",,"=""""","=""""",0,,Kindle Edition,109,2025,,,2026/01/11,to-read,to-read (#1617),to-read,,,,0,0
242885745,The Last Man on Earth: A Survival Romance,Shae Sanders,"Sanders, Shae",,"=""""","=""""",0,,Kindle Edition,448,2025,2025,,2026/01/11,to-read,to-read (#1616),to-read,,,,0,0
242248613,Search My Soul (Taylor Family Saga Book 3),Kami Holt,"Holt, Kami",,"=""""","=""""",0,B. Love Publications,Kindle Edition,614,2025,,,2026/01/11,to-read,to-read (#1615),to-read,,,,0,0
244116423,Autumn & Woods,Thee Tasha Marie,"Marie, Thee Tasha",,"=""""","=""""",0,,Kindle Edition,142,2025,,,2026/01/11,to-read,to-read (#1614),to-read,,,,0,0
60389492,"Tempted by Danger (The Danger Family, #1)",Endiya Carter,"Carter, Endiya",,"=""""","=""""",0,,Kindle Edition,419,2022,,,2026/01/09,to-read,to-read (#1613),to-read,,,,0,0
222761861,I Found My Forever In You,NISHA,"NISHA, NISHA",,"=""""","=""""",0,,Kindle Edition,298,2024,,,2026/01/09,to-read,to-read (#1612),to-read,,,,0,0
221892426,KIDNAPPED BY THE SNOWMAN,M. Monique,"Monique, M.",,"=""""","=""""",0,M. MONIQUE PRESENTS,Kindle Edition,166,2024,,,2024/12/14,to-read,to-read (#704),to-read,,,,0,0
221556121,A GOON FOR CHRISTMAS,M. Monique,"Monique, M.",,"=""""","=""""",0,M. MONIQUE PRESENTS,Kindle Edition,127,2024,,,2024/12/14,to-read,to-read (#703),to-read,,,,0,0
231474463,"Promise Me (Sinful Manor, #2)",Sara Cate,"Cate, Sara",,"=""1464222525""","=""9781464222528""",0,Sourcebooks Casablanca,Paperback,320,2026,2026,,2026/01/05,to-read,to-read (#1611),to-read,,,,0,0
242986390,The Harbinger: Spectral Hunter Series,Morgan  Kessler,"Kessler, Morgan",,"=""""","=""""",3.0,"A Little Vast Studios, LLC",Kindle Edition,276,2025,,2026/01/04,2026/01/02,,,read,"The Harbinger is a solid supernatural thriller that I’m convinced would make an incredible TV show. The atmosphere is moody and the ""FBI agent meets occult ritual"" hook is perfect for a weekend binge-watch. I can easily see this being a hit on screen because the core concept is so visually striking and high-stakes.<br/><br/>However, the reading experience was a bit of a struggle due to the overly detailed descriptions. While the world-building is thorough, the constant, dense prose often slowed the plot down right when things were getting good. It’s a great story, but I found myself wishing the pacing was as fast as the action it was describing.<br/><br/>I received an advance review copy for free, and I am leaving this review voluntarily.",,,1,0
242881512,Source Code: My Beginnings,Bill  Gates,"Gates, Bill",,"=""0593687469""","=""9780593687468""",0,Vintage,Paperback,336,2026,2025,,2026/01/03,to-read,to-read (#1610),to-read,,,,0,0
2679633,"Pleasure Unbound (Demonica, #1)",Larissa Ione,"Ione, Larissa",,"=""044640103X""","=""9780446401036""",0,Forever,Mass Market Paperback,389,2008,2008,,2026/01/03,to-read,to-read (#1609),to-read,,,,0,0
52735921,"Kingdom of the Wicked (Kingdom of the Wicked, #1)",Kerri Maniscalco,"Maniscalco, Kerri",,"=""0316428469""","=""9780316428460""",0,Jimmy Patterson Books,Hardcover,372,2020,2020,,2026/01/03,to-read,to-read (#1608),to-read,,,,0,0
61107833,Willing (The Un #1),Izzy Sweet,"Sweet, Izzy",Sean Moriarty,"=""""","=""""",0,,Kindle Edition,441,2022,,,2026/01/03,to-read,to-read (#1607),to-read,,,,0,0
62033104,"Blood and Potions (Dark Crown Trials, #1)",Maya  Morrison,"Morrison, Maya",S.L. Kingsgate,"=""""","=""""",0,,Kindle Edition,492,2022,,,2026/01/03,to-read,to-read (#1606),to-read,,,,0,0
231624491,I Fucked Somebody’s Wife: Obsidian Heights,Monaye Paris,"Paris, Monaye",,"=""""","=""""",3.0,,Kindle Edition,68,2025,,2026/01/03,2026/01/02,,,read,,,,1,0
52405022,When Love Becomes A Need (When Love Standalone Series Book 1),Tay Mo'Nae,"Mo'Nae, Tay",,"=""""","=""""",0,Tay Mo'Nae Presents,Kindle Edition,168,2020,2020,,2026/01/03,to-read,to-read (#1605),to-read,,,,1,0
208456254,Another Man's Baby,Tatum James,"James, Tatum",,"=""""","=""""",0,B. Love Publications,Kindle Edition,205,2024,,,2026/01/02,to-read,to-read (#1604),to-read,,,,0,0
231243247,The Stepson,D.L.   Fisher,"Fisher, D.L.",,"=""1805731211""","=""9781805731214""",0,Joffe Books psychological thriller and crime,Kindle Edition,244,2025,2024,,2026/01/02,to-read,to-read (#1603),to-read,,,,0,0
40121378,Atomic Habits: An Easy & Proven Way to Build Good Habits & Break Bad Ones,James Clear,"Clear, James",,"=""""","=""""",0,Avery,Kindle Edition,319,2018,2018,,2026/01/02,to-read,to-read (#1602),to-read,,,,0,0
231127037,Skate It Till You Make It,Rufaro Faith Mazarura,"Mazarura, Rufaro Faith",,"=""1250425255""","=""9781250425256""",0,Flatiron Books,Paperback,384,2026,,,2026/01/02,to-read,to-read (#1601),to-read,,,,0,0
243484841,This Vanta Mirror: Spectral Hunter Series,Morgan  Kessler,"Kessler, Morgan",,"=""""","=""""",0,,Kindle Edition,254,2026,,,2026/01/02,to-read,to-read (#1600),to-read,,,,0,0
242997255,Harvest Protocol: Spectral Hunter Series,Morgan  Kessler,"Kessler, Morgan",,"=""""","=""""",0,"A Little Vast Studios, LLC",Kindle Edition,258,2025,,,2026/01/02,to-read,to-read (#1598),to-read,,,,0,0
243162152,Winter's Maw: Spectral Hunter Short Story,Morgan  Kessler,"Kessler, Morgan",,"=""""","=""""",0,A Little Vast Studios,ebook,62,2025,2025,,2026/01/02,to-read,to-read (#1599),to-read,,,,0,0
229030205,Zeus: Love of a god (BLP Motorcycle Clubs Book 5),Mel Dau,"Dau, Mel",,"=""""","=""""",0,B. Love Publications,Kindle Edition,173,2025,,,2026/01/01,to-read,to-read (#1597),to-read,,,,0,0
228527223,Do You Understand? (Understood Book 2),Mel Dau,"Dau, Mel",,"=""""","=""""",0,B. Love Publications,Kindle Edition,185,2025,,,2026/01/01,to-read,to-read (#1596),to-read,,,,0,0
241623505,I'm So Mega,Mel Dau,"Dau, Mel",,"=""""","=""""",0,B. Love Publications,Kindle Edition,182,2025,,,2026/01/01,to-read,to-read (#1595),to-read,,,,0,0
218061628,Cum Again (The Cum Series Book 3),Kay Shanee,"Shanee, Kay",,"=""""","=""""",0,B. Love Publications,Kindle Edition,164,2024,,,2026/01/01,to-read,to-read (#1594),to-read,,,,0,0
239959819,"The Mortal Affairs (The Secret World of Maggie Grey, #4)",Granger,"Granger, Granger",,"=""""","=""""",0,,Kindle Edition,513,2025,,,2026/01/01,to-read,to-read (#1593),to-read,,,,0,0
242022340,Hold Us Together (Masters Brothers Book 3),T'Lyn,"T'Lyn, T'Lyn",,"=""""","=""""",0,,Kindle Edition,311,2025,,,2026/01/01,to-read,to-read (#1592),to-read,,,,0,0
239008380,Loved By A Certified Maniac (Maniac Series Book 2),Nek Mills,"Mills, Nek",,"=""""","=""""",0,,Kindle Edition,232,2025,,,2026/01/01,to-read,to-read (#1591),to-read,,,,0,0
201751727,"Unhinged (Dance With My Demons, #1)",Steph Macca,"Macca, Steph",,"=""""","=""""",0,,Kindle Edition,269,2024,,,2026/01/01,to-read,to-read (#1590),to-read,,,,0,0
235293273,Apricot,Natisha Raynor,"Raynor, Natisha",,"=""""","=""9798285701477""",0,Independently published,Hardcover,154,2025,,,2026/01/01,to-read,to-read (#1589),to-read,,,,0,0
204802999,"Untitled (The Empyrean, #4)",Rebecca Yarros,"Yarros, Rebecca",,"=""""","=""""",0,,Hardcover,,,,,2026/01/01,to-read,to-read (#1588),to-read,,,,0,0
199276876,"Trick Shot (Brother Puckers, #1)",Kayla Grosse,"Grosse, Kayla",,"=""""","=""""",0,Kayla Grosse,Kindle Edition,194,2023,2023,,2026/01/01,to-read,to-read (#1587),to-read,,,,0,0
214172879,Carried Away (Treacherous Twins Book 1),Natisha Raynor,"Raynor, Natisha",,"=""""","=""""",0,,Kindle Edition,170,2024,,,2026/01/01,to-read,to-read (#1586),to-read,,,,0,0
221354439,Man of the Year (The Brown Brothers #1),Connie Easton,"Easton, Connie",,"=""""","=""""",0,Nikki Brown Presents,Kindle Edition,189,2024,2024,,2026/01/01,to-read,to-read (#1585),to-read,,,,0,0
214674552,Take Me Away,Kami Holt,"Holt, Kami",,"=""""","=""""",0,B. Love Publications,Kindle Edition,198,2024,,,2026/01/01,to-read,to-read (#1584),to-read,,,,0,0
213825483,Brixx: A Hood Love Story (The Brooks' Connections Book 3),Lakia,"Lakia, Lakia",,"=""""","=""""",0,"Lakia Presents, LLC",Kindle Edition,142,2024,,,2026/01/01,to-read,to-read (#1583),to-read,,,,0,0
245949991,Play Yo Part: An Unexpected Arranged Marriage,Black Lavish,"Lavish, Black",,"=""""","=""""",4.0,,Kindle Edition,130,2025,,2026/01/01,2026/01/01,,,read,,,,1,0
215365922,Just Our Luck,Denise  Williams,"Williams, Denise",,"=""0593641442""","=""9780593641446""",0,Berkley,Kindle Edition,399,2025,2025,,2026/01/01,to-read,to-read (#1582),to-read,,,,0,0
241952621,SAINT: Love Brothers,Aries Skye,"Skye, Aries",,"=""""","=""""",0,A. Skye Unlimited Publications,Kindle Edition,129,2025,,,2026/01/01,to-read,to-read (#1581),to-read,,,,0,0
223810652,"Between The Lines (WAWG Studios, #1)",Christina C. Jones,"Jones, Christina C.",,"=""1953214495""","=""9781953214492""",0,Warm Hues Creative,Kindle Edition,131,2025,,,2026/01/01,to-read,to-read (#1580),to-read,,,,0,0
238873042,"The Art of Loving You (The Forever Falling, #2)",Natasha Bishop,"Bishop, Natasha",,"=""1638932743""","=""9781638932741""",0,Slowburn,Paperback,432,2026,2026,,2026/01/01,to-read,to-read (#1579),to-read,,,,0,0
241419960,Take A Shot On Me (BAEs OF BAYSIDE),Leigh Carron,"Carron, Leigh",,"=""""","=""""",0,Mountainview Press,Kindle Edition,379,2025,,,2025/12/27,to-read,to-read (#1578),to-read,,,,1,0
244665320,Rich Forever: Zo & Remy (Jennings Mafia Family),D. Scott,"Scott, D.",,"=""""","=""""",4.0,,Kindle Edition,185,2025,,2025/12/27,2025/12/21,,,read,,,,1,0
234809868,"Bluebird Gold (Lost Legends, #1)",Devney Perry,"Perry, Devney",,"=""1662536739""","=""9781662536731""",0,Montlake,Kindle Edition,316,2025,2025,,2025/12/26,to-read,to-read (#1577),to-read,,,,0,0
242436165,Remedy: Love In Scrubs,Shay Davis,"Davis, Shay",,"=""""","=""""",0,,Kindle Edition,120,2025,,,2025/12/25,to-read,to-read (#1576),to-read,,,,0,0
223020731,Cuffed with a Snowman,Untamed,"Untamed, Untamed",,"=""""","=""""",0,Untamed Publishing,Kindle Edition,37,2024,,,2025/12/24,to-read,to-read (#1575),to-read,,,,0,0
220223963,Not Quite Dead Yet,Holly  Jackson,"Jackson, Holly",,"=""059397705X""","=""9780593977057""",4.0,Bantam,Hardcover,400,2025,2025,2025/12/24,2025/05/01,,,read,,,,1,0
235786484,Mine to Break (Dark Obsessive Stalker Romance),Kelani Knox,"Knox, Kelani",,"=""""","=""""",0,Sinners Paradise Press,Kindle Edition,312,2025,,,2025/12/23,to-read,to-read (#1574),to-read,,,,0,0
243385163,Mine to Crave (Dark Obsessive Stalker Romance),Kelani Knox,"Knox, Kelani",,"=""""","=""""",0,,Kindle Edition,307,2025,,,2025/12/23,to-read,to-read (#1573),to-read,,,,0,0
243830981,There's Snow One Else: A Christmas Novella,Nina High,"High, Nina",,"=""""","=""""",0,,Kindle Edition,78,2025,,,2025/12/23,to-read,to-read (#1572),to-read,,,,0,0
244782064,Pecan Pie for Two: A Christmas Romance (Sweet Seasons Holiday Romance Collection),Nina Stewart,"Stewart, Nina",,"=""""","=""""",0,Legacy Literary House,Kindle Edition,142,2025,,,2025/12/23,to-read,to-read (#1571),to-read,,,,0,0
243773585,Union City Kings Affiliated: Affiliates Of Kreed Book 2,E. Bowser,"Bowser, E.",,"=""""","=""""",0,,Kindle Edition,426,2025,,,2025/12/23,to-read,to-read (#1570),to-read,,,,0,0
220962108,"Heartless Vows (Vicious Mafia Kings, #2)",V.T. Bonds,"Bonds, V.T.",,"=""""","=""""",0,,Kindle Edition,433,2025,,,2025/12/23,to-read,to-read (#1569),to-read,,,,0,0
221431520,"Twisted Vows (Vicious Mafia Kings, #3)",V.T. Bonds,"Bonds, V.T.",,"=""""","=""""",0,,Kindle Edition,439,2025,,,2025/12/23,to-read,to-read (#1568),to-read,,,,0,0
221439581,"Brutal Vows (Vicious Mafia Kings, #4)",V.T. Bonds,"Bonds, V.T.",,"=""""","=""""",0,,Kindle Edition,252,2025,,,2025/12/23,to-read,to-read (#1567),to-read,,,,0,0
242545750,The Hood's Finest: Jersey & Mylani,Tacarra,"Tacarra, Tacarra",,"=""""","=""""",0,Urban Dynasty Publications,Kindle Edition,180,2025,,,2025/12/23,to-read,to-read (#1566),to-read,,,,0,0
203270299,Another Ryan Christmas,Sadie Kincaid,"Kincaid, Sadie",,"=""""","=""""",0,Red House Press Ltd,Kindle Edition,48,2023,,,2025/12/23,to-read,to-read (#1565),to-read,,,,0,0
245025824,On Me: Crew's Story (On Everything Book 4),Black Lavish,"Lavish, Black",,"=""""","=""""",0,,Kindle Edition,205,2025,,,2025/12/23,to-read,to-read (#1564),to-read,,,,0,0
228567433,Free to Love You,A.S. Wilson,"Wilson, A.S.",,"=""""","=""""",0,,Kindle Edition,109,2025,,,2025/12/23,to-read,to-read (#1563),to-read,,,,0,0
242141168,Seven Days Of Intimacy,Nakiala Comeaux,"Comeaux, Nakiala",,"=""""","=""""",0,,Kindle Edition,66,2025,,,2025/12/23,to-read,to-read (#1562),to-read,,,,0,0
220554066,My Favorite Secret (Playing Favorites #2),Skyla Summers,"Summers, Skyla",,"=""1764263707""","=""9781764263702""",0,,Kindle Edition,454,2025,,,2025/12/23,to-read,to-read (#1561),to-read,,,,0,0
232607888,"Meet Cute: Count Down to Valentine's Day: 14 sealed YA short stories of first encounters―diners, subways, airports, and future worlds―open one each day to Valentine's (Countdown Novels)",Jennifer L. Armentrout,"Armentrout, Jennifer L.","Katie Cotugno, Jocelyn Davies, Huntley Fitzpatrick, Nina LaCour, Emery Lord, Katharine McGee, Kass Morgan, Julie   Murphy, Meredith Russo, Sara Shepard, Nicola Yoon, Ibi Zoboi","=""0063481146""","=""9780063481145""",0,Clarion Books,Paperback,352,2025,2018,,2025/12/23,to-read,to-read (#1560),to-read,,,,0,0
242327113,The Kill Clause,Lisa Unger,"Unger, Lisa",,"=""1662526954""","=""9781662526954""",0,Amazon Original Stories,Kindle Edition,70,2025,2025,,2025/12/23,to-read,to-read (#1559),to-read,,,,0,0
239008384,Cuffed by a Certified Maniac (Maniac Series Book 1),Nek Mills,"Mills, Nek",,"=""""","=""""",0,,Kindle Edition,248,2025,,,2025/11/11,to-read,to-read (#1440),to-read,,,,0,0
223166742,The Bulgari Cartel: The Inc (Year Of The Mafia Book 2),Mesha Mesh,"Mesh, Mesha",,"=""""","=""""",0,,Kindle Edition,285,2024,,,2025/12/22,to-read,to-read (#1558),to-read,,,,0,0
223435613,THE BELAIRE CARTEL: THE INC,Latoya Nicole,"Nicole, Latoya",,"=""""","=""""",0,MONÉT PRESENTS,Kindle Edition,200,2025,,,2025/12/22,to-read,to-read (#1557),to-read,,,,0,0
223626542,Morelli Cartel: The INC.,Tina J.,"J., Tina",,"=""""","=""""",0,,Kindle Edition,268,2025,,,2025/12/22,to-read,to-read (#1555),to-read,,,,0,0
227864871,The Taleo Cartel: The Inc.,K. Renee,"Renee, K.",,"=""""","=""""",0,,Kindle Edition,180,2025,,,2025/12/22,to-read,to-read (#1554),to-read,,,,0,0
239670668,"Crimsom City: Love, Lies, & Betrayal",Mz Lady P,"P, Mz Lady",,"=""""","=""""",0,,Kindle Edition,153,2025,,,2025/12/22,to-read,to-read (#1556),to-read,,,,0,0
241039981,The Missed Connection,Tia Williams,"Williams, Tia",,"=""1538770261""","=""9781538770269""",0,Grand Central Publishing,Hardcover,326,2026,2026,,2025/12/21,to-read,to-read (#1553),to-read,,,,0,0
110696725,Confessions of a Hustla's Daughter (Mathers Family),Jahquel J.,"J., Jahquel",,"=""""","=""""",0,Urban Chapters Publications,Kindle Edition,242,2023,,,2025/12/21,to-read,to-read (#1552),to-read,,,,0,0
222967493,Christmas With A Prince: A Gangster's BBW Obsession Novella,Mz. Lady P,"P, Mz. Lady",,"=""""","=""""",0,Literary Queen Publications,Kindle Edition,81,2024,,,2025/12/21,to-read,to-read (#1551),to-read,,,,0,0
207376026,Master of Me: The Secret to Controlling Your Narrative,Keke Palmer,"Palmer, Keke",,"=""1250372518""","=""9781250372512""",4.0,Flatiron Books,Hardcover,256,2024,2024,2025/12/02,2025/11/30,,,read,,,,1,0
234147669,The Seven Day Hitch (The Black Wife Effect #3),Taccara Martin,"Martin, Taccara",,"=""""","=""""",0,,Kindle Edition,431,2025,,,2025/12/21,to-read,to-read (#1550),to-read,,,,0,0
223374592,My Filthy Rich Valentine (The Black Wife Effect #2),Taccara Martin,"Martin, Taccara",,"=""""","=""""",0,,Kindle Edition,344,2025,,,2025/12/21,to-read,to-read (#1549),to-read,,,,0,0
63132202,THE RISE AND FALL OF A CRIME GOD 2: PHANTOM AND ZARIA'S STORY,Latoya Nicole,"Nicole, Latoya",,"=""""","=""9798724289368""",0,Independently published,Paperback,211,2020,,,2025/12/21,to-read,to-read (#1548),to-read,,,,0,0
240424526,Half His Age,Jennette McCurdy,"McCurdy, Jennette",,"=""0593723732""","=""9780593723739""",0,Ballantine Books,Hardcover,288,2026,2026,,2025/12/21,to-read,to-read (#1547),to-read,,,,0,0
124943221,"King of Greed (Kings of Sin, #3)",Ana Huang,"Huang, Ana",,"=""""","=""""",5.0,,Kindle Edition,352,2023,2023,2025/12/15,2025/12/01,,,read,,,,1,0
123416093,June First,Jennifer Hartmann,"Hartmann, Jennifer",,"=""1728290546""","=""9781728290546""",0,Bloom Books,Kindle Edition,474,2023,2022,,2025/12/15,to-read,to-read (#1546),to-read,,,,0,0
28755320,The Cabin,Natasha Preston,"Preston, Natasha",,"=""1492618551""","=""9781492618553""",0,Sourcebooks Fire,Paperback,327,2016,2016,,2025/12/15,to-read,to-read (#1544),to-read,,,,0,0
75495009,The Haunting,Natasha Preston,"Preston, Natasha",,"=""0593481518""","=""9780593481516""",0,Delacorte Press,Paperback,354,2023,2023,,2025/12/15,to-read,to-read (#1545),to-read,,,,0,0
58447437,The Fear,Natasha Preston,"Preston, Natasha",,"=""0593125010""","=""9780593125014""",0,Delacorte Press,Paperback,360,2022,2022,,2025/12/15,to-read,to-read (#1543),to-read,,,,0,0
61356542,The Island,Natasha Preston,"Preston, Natasha",,"=""0593481496""","=""9780593481493""",0,Delacorte Press,Paperback,303,2023,2023,,2025/12/15,to-read,to-read (#1542),to-read,,,,0,0
35023972,You Will Be Mine: A Teen Slasher Thriller,Natasha Preston,"Preston, Natasha",,"=""1492654329""","=""9781492654322""",0,Sourcebooks Fire,Paperback,292,2018,2018,,2025/12/15,to-read,to-read (#1541),to-read,,,,0,0
19155234,"The Cellar (The Cellar, #1)",Natasha Preston,"Preston, Natasha",,"=""1492600970""","=""9781492600978""",0,Sourcebooks Fire,Paperback,368,2014,2014,,2025/12/15,to-read,to-read (#1540),to-read,,,,0,0
35522836,No Exit,Taylor  Adams,"Adams, Taylor",,"=""1912106760""","=""9781912106769""",0,Jofie Books,Kindle Edition,287,2017,2017,,2025/12/15,to-read,to-read (#1539),to-read,,,,0,0
122753589,That Sik Luv,Jescie Hall,"Hall, Jescie",,"=""""","=""""",0,,Kindle Edition,566,2023,2023,,2025/12/15,to-read,to-read (#1538),to-read,,,,0,0
7936809,"The Reversal (The Lincoln Lawyer, #3; Harry Bosch Universe, #22)",Michael Connelly,"Connelly, Michael",,"=""0316069485""","=""9780316069489""",0,"Little, Brown and Company",Hardcover,389,2010,2010,,2025/12/15,to-read,to-read (#1537),to-read,,,,0,0
228193915,The Vanishing Cherry Blossom Bookshop,Takuya Asakura,"Asakura, Takuya",Yuka Maeno,"=""0008736898""","=""9780008736897""",0,HarperCollins,Paperback,224,2025,2025,,2025/12/15,to-read,to-read (#1536),to-read,,,,0,0
63902903,The Knight Before Christmas: A Potomac Falls Short (A Potomac Falls Holiday Shorts Book 1),K.L. Hall,"Hall, K.L.",,"=""""","=""""",0,K.L. Hall Productions,Kindle Edition,52,2022,,,2025/12/15,to-read,to-read (#1535),to-read,,,,0,0
70235684,The Art of Scandal,Regina Black,"Black, Regina",,"=""1538722798""","=""9781538722794""",2.0,Grand Central Publishing,Kindle Edition,322,2023,2023,2025/12/10,2025/02/04,,,read,,,,1,0
53287432,Blood to Poison,Mary      Watson,"Watson, Mary",,"=""1526619172""","=""9781526619174""",0,Bloomsbury YA,Paperback,384,2022,2022,,2025/12/10,to-read,to-read (#1534),to-read,,,,0,0
218372271,Audre & Bash Are Just Friends,Tia Williams,"Williams, Tia",,"=""0316511080""","=""9780316511087""",0,"Little, Brown Books for Young Readers",Hardcover,384,2025,2025,,2025/12/07,to-read,to-read (#1533),to-read,,,,0,0
220217814,Sweet Heat,Bolu Babalola,"Babalola, Bolu",,"=""0063306964""","=""9780063306967""",0,William Morrow Paperbacks,Paperback,496,2025,2025,,2025/12/07,to-read,to-read (#1532),to-read,,,,0,0
177058403,Tender Beasts,Liselle Sambury,"Sambury, Liselle",,"=""1665903546""","=""9781665903547""",3.0,Margaret K. McElderry Books,Kindle Edition,512,2024,2024,2025/12/06,2025/06/17,,,read,,,,1,0
228665913,The Day I Lost You,Ruth Mancini,"Mancini, Ruth",,"=""0063340593""","=""9780063340596""",0,Harper Perennial,Paperback,352,2025,2025,,2025/12/06,to-read,to-read (#1531),to-read,,,,0,0
62919174,Their Vicious Games,Joelle Wellington,"Wellington, Joelle",,"=""1665922427""","=""9781665922425""",0,Simon & Schuster Books for Young Readers,Hardcover,416,2023,2023,,2025/12/06,to-read,to-read (#1530),to-read,,,,0,0
222490389,Alchemised,SenLinYu,"SenLinYu, SenLinYu",,"=""0593972708""","=""9780593972700""",0,Del Rey,Hardcover,1030,2025,2025,,2025/12/06,to-read,to-read (#1529),to-read,,,,0,0
199310774,Twenty-four Three (Assassin's Heart #1),K.C. Mills,"Mills, K.C.",,"=""""","=""9798988348955""",4.0,,Kindle Edition,93,2023,,2025/12/03,2025/11/30,,,read,,,,1,0
241152434,Virgo Type Sh*t (BLP Signs of Love Book 1),Mel Dau,"Dau, Mel",,"=""""","=""""",0,B. Love Publications,Kindle Edition,146,2025,,,2025/12/01,to-read,to-read (#1528),to-read,,,,0,0
58817907,Kyr (Soulmates of Somii #1),Nikki Clarke,"Clarke, Nikki",,"=""""","=""""",0,Amazon Digital Services,Kindle Edition,202,2019,2019,,2025/12/01,to-read,to-read (#1527),to-read,,,,0,0
243515143,Sweet Potato Kisses: A Friendsgiving Romance (Sweet Seasons Holiday Romance Collection),Nina Stewart,"Stewart, Nina",,"=""""","=""""",0,Legacy Literary House,Kindle Edition,152,2025,,,2025/12/01,to-read,to-read (#1526),to-read,,,,0,0
235793087,SUPREME : Love Brothers,Aries Skye,"Skye, Aries",,"=""""","=""""",0,A. Skye Unlimited Publications,Kindle Edition,137,2025,,,2025/12/01,to-read,to-read (#1525),to-read,,,,0,0
208962059,"Triumph of the Dragon Champion: Celestial Soul Mates, Inc. (Arcturus Champions, #4)",Ophelia Bell,"Bell, Ophelia",,"=""""","=""""",0,Animus Press,Kindle Edition,296,2024,,,2025/12/01,to-read,to-read (#1524),to-read,,,,0,0
208946041,"Destiny of the Dragon Champions: Celestial Soul Mates, Inc. (Arcturus Champions, #3)",Ophelia Bell,"Bell, Ophelia",,"=""""","=""""",0,Animus Press,Kindle Edition,240,2024,,,2025/12/01,to-read,to-read (#1523),to-read,,,,0,0
208924273,"Heart of the Bear Champion: Celestial Soul Mates, Inc. (Arcturus Champions, #1)",Ophelia Bell,"Bell, Ophelia",,"=""""","=""""",0,Animus Press,Kindle Edition,184,2024,,,2025/12/01,to-read,to-read (#1522),to-read,,,,0,0
208924835,"Bond of the Dragon Champions: Celestial Soul Mates, Inc. (Arcturus Champions, #2)",Ophelia Bell,"Bell, Ophelia",,"=""""","=""""",0,Animus Press,Kindle Edition,224,2024,,,2025/12/01,to-read,to-read (#1521),to-read,,,,0,0
57987337,For My Wolves (Black Valley Wolves #2),Nikki Clarke,"Clarke, Nikki",,"=""""","=""""",0,Nikki Clarke,Kindle Edition,167,2021,2021,,2025/12/01,to-read,to-read (#1520),to-read,,,,0,0
244044688,His Dark Claim (The Eternal Ruin Book 1),LUNA SADS,"SADS, LUNA",,"=""""","=""""",0,Trifold Publishing,Kindle Edition,277,2025,,,2025/12/01,to-read,to-read (#1519),to-read,,,,0,0
63392716,The Holly Dates,Brittainy C. Cherry,"Cherry, Brittainy C.",,"=""""","=""""",0,,Kindle Edition,276,2022,,,2025/12/01,to-read,to-read (#1518),to-read,,,,0,0
228214778,Wrongfully Yours,Connie Easton,"Easton, Connie",,"=""""","=""""",0,,Kindle Edition,,2025,,,2025/12/01,to-read,to-read (#1517),to-read,,,,0,0
216188969,The Crash,Freida McFadden,"McFadden, Freida",,"=""""","=""""",0,Hollywood Upstairs Press,Kindle Edition,388,2025,2025,,2024/07/11,to-read,to-read (#1213),to-read,,,,1,0
46223352,Now That I've Found You,Kristina Forest,"Forest, Kristina",,"=""1250295025""","=""9781250295026""",0,Roaring Brook Press,Hardcover,336,2020,2020,,2025/02/12,"to-read, tbb-buddy-reads","to-read (#951), tbb-buddy-reads (#12)",to-read,,,,0,0
59088365,Honey & Spice,Bolu Babalola,"Babalola, Bolu",,"=""0063141485""","=""9780063141483""",0,William Morrow,Hardcover,368,2022,2022,,2024/03/12,"to-read, tbb-buddy-reads","to-read (#520), tbb-buddy-reads (#11)",to-read,,,,0,0
54860390,The Therapist,B.A. Paris,"Paris, B.A.",,"=""1250274125""","=""9781250274120""",0,St. Martin's Press,Hardcover,298,2021,2021,,2025/12/01,"to-read, tbb-buddy-reads","to-read (#1516), tbb-buddy-reads (#10)",to-read,,,,0,0
61273084,Delicious Monsters,Liselle Sambury,"Sambury, Liselle",,"=""166590349X""","=""9781665903493""",0,Margaret K. McElderry Books,Hardcover,512,2023,2023,,2023/10/13,"to-read, tbb-buddy-reads","to-read (#465), tbb-buddy-reads (#9)",to-read,,,,0,0
203579059,"Sweet Nightmare (The Calder Academy, #1)",Tracy Wolff,"Wolff, Tracy",,"=""1649377010""","=""9781649377012""",0,Entangled: Teen,Hardcover,474,2024,2024,,2025/12/01,"to-read, tbb-buddy-reads","to-read (#1515), tbb-buddy-reads (#8)",to-read,,,,0,0
58756502,Jackal,Erin E. Adams,"Adams, Erin E.",,"=""0593499301""","=""9780593499306""",0,Bantam,Hardcover,336,2022,2022,,2022/08/23,"to-read, tbb-buddy-reads","to-read (#379), tbb-buddy-reads (#7)",to-read,,,,0,0
123429260,"My Fault (Culpable, #1)",Mercedes Ron,"Ron, Mercedes",,"=""1728290732""","=""9781728290737""",0,Bloom Books,Paperback,416,2023,2017,,2025/01/20,"to-read, tbb-buddy-reads","to-read (#807), tbb-buddy-reads (#6)",to-read,,,,0,0
24378015,"Never Never (Never Never, #1)",Colleen Hoover,"Hoover, Colleen",Tarryn Fisher,"=""""","=""""",0,Hoover Ink,Kindle Edition,158,2015,2015,,2025/12/01,"to-read, tbb-buddy-reads","to-read (#1514), tbb-buddy-reads (#5)",to-read,,,,0,0
53312623,"Exodus (The Ravenhood, #2)",Kate  Stewart,"Stewart, Kate",,"=""""","=""9798672214306""",0,Independently published,Paperback,450,2020,2020,,2024/07/10,to-read,to-read (#554),to-read,,,,0,0
57940220,Lure (Third Street Conjure Boys #2),Nikki Clarke,"Clarke, Nikki",,"=""""","=""""",0,Amazon Digital Services,Kindle Edition,203,2021,2021,,2025/11/30,to-read,to-read (#1513),to-read,,,,0,0
22341263,"My Sister's Grave (Tracy Crosswhite, #1)",Robert Dugoni,"Dugoni, Robert",,"=""1477825576""","=""9781477825570""",0,Thomas & Mercer,Paperback,410,2014,2014,,2025/11/30,to-read,to-read (#1512),to-read,,,,0,0
244370462,Christmas With A Menace To Society,Black Berry,"Berry, Black",,"=""""","=""""",0,Masterpiece Presents,Kindle Edition,119,2025,,,2025/11/30,to-read,to-read (#1511),to-read,,,,0,0
209116174,"Tender Cruelty (Dark Olympus, #9)",Katee Robert,"Robert, Katee",,"=""""","=""""",0,,Unknown Binding,304,2025,2025,,2025/11/30,to-read,to-read (#1510),to-read,,,,0,0
226744015,Heartsick,Kristina Forest,"Forest, Kristina",,"=""0593407288""","=""9780593407288""",0,Kokila,Paperback,272,2025,,,2025/11/30,to-read,to-read (#1509),to-read,,,,0,0
242146683,Fallen: Sons of God,Porscha Sterling,"Sterling, Porscha",,"=""1637182511""","=""9781637182512""",3.0,"PS Publishing, LLC",Kindle Edition,266,2025,,2025/11/27,2025/11/25,,,read,"This book read as a strong introduction to the cast and world, focusing more on setup than plot movement. While I hoped for a bit more action, the foundation is promising, and I’m interested to see how the next book builds on this momentum.<br/><br/>I received an advance review copy for free, and I am leaving this review voluntarily.",,,1,0
52775593,"Kings of Quarantine (Brutal Boys of Everlake Prep, #1)",Caroline Peckham,"Peckham, Caroline",Susanne Valenti,"=""""","=""""",0,King's Hollow,Kindle Edition,658,2020,2020,,2025/11/30,to-read,to-read (#1508),to-read,,,,0,0
58900284,"Mafia Mistress (The Kings of Italy, #1)",Mila Finelli,"Finelli, Mila",,"=""""","=""""",0,Dolcezza Press,Kindle Edition,304,2021,2021,,2025/11/30,to-read,to-read (#1507),to-read,,,,0,0
217173680,Sugar Baby Mine,Kayla Riane,"Riane, Kayla",,"=""""","=""""",0,,Kindle Edition,,2024,,,2025/11/30,to-read,to-read (#1506),to-read,,,,0,0
222270594,Stranded With Bae For The Holidays,C.K. Tarver,"Tarver, C.K.",,"=""""","=""""",0,Tina J Presents,Kindle Edition,,2024,,,2025/11/30,to-read,to-read (#1505),to-read,,,,0,0
123210381,Love in Winter Wonderland,Abiola Bello,"Bello, Abiola",,"=""1641295074""","=""9781641295079""",0,Soho Teen,Hardcover,312,2023,2023,,2025/11/30,to-read,to-read (#1504),to-read,,,,0,0
216385747,Reclaim Me: The New Haven Series (Book #4),J.L. Seegars,"Seegars, J.L.",,"=""""","=""""",0,,Kindle Edition,414,2024,,,2025/11/30,to-read,to-read (#1503),to-read,,,,0,0
213685263,6 EIGHT : Gambling With Hearts,Barbie Amor,"Amor, Barbie",Barbie Scott,"=""""","=""""",0,,Kindle Edition,168,2024,,,2025/11/30,to-read,to-read (#1502),to-read,,,,0,0
54302806,DARKE HEARTS: Safe Haven,Grey Huffington,"Huffington, Grey",,"=""""","=""""",0,Grey & Company,Kindle Edition,58,2020,,,2025/11/30,to-read,to-read (#1501),to-read,,,,0,0
55887848,"Holiday with You (Winter Valley, #1)",Claudia Y. Burgoa,"Burgoa, Claudia Y.",Grahame Claire,"=""""","=""9798564676878""",0,Independently published,Paperback,220,2020,2020,,2025/11/30,to-read,to-read (#1500),to-read,,,,0,0
59947625,The Christmas Wish,Lindsey Kelk,"Kelk, Lindsey",,"=""0008544646""","=""9780008544645""",0,HarperCollins,Paperback,352,2022,2022,,2025/11/30,to-read,to-read (#1499),to-read,,,,0,0
63077284,Resting Scrooge Face,Meghan Quinn,"Quinn, Meghan",,"=""166251042X""","=""9781662510427""",0,Amazon Original Stories,Kindle Edition,80,2022,2022,,2025/11/30,to-read,to-read (#1498),to-read,,,,0,0
51197929,The Chalet,Catherine    Cooper,"Cooper, Catherine",,"=""0008400229""","=""9780008400224""",0,HarperCollins Publishers UK,Paperback,390,2020,2020,,2025/11/30,to-read,to-read (#1497),to-read,,,,0,0
122996537,"A Kingdom of Gods and Ruin (A Game of Malice and Greed, #0.5)",Caroline Peckham,"Peckham, Caroline",Susanne Valenti,"=""""","=""""",0,King's Hollow,Kindle Edition,121,2023,,,2025/11/29,to-read,to-read (#1496),to-read,,,,0,0
222795622,What She Saw,Mary Burton,"Burton, Mary",,"=""1662516053""","=""9781662516054""",0,Montlake,Kindle Edition,385,2025,2025,,2025/11/29,to-read,to-read (#1495),to-read,,,,0,0
221604746,The House Saphir,Marissa Meyer,"Meyer, Marissa",,"=""125032095X""","=""9781250320957""",0,Feiwel & Friends,Hardcover,432,2025,2025,,2025/11/29,to-read,to-read (#1494),to-read,,,,0,0
201489094,"Voracious (The Edge of Darkness, #2)",Leigh Rivers,"Rivers, Leigh",,"=""""","=""""",0,,ebook,399,2023,2023,,2025/11/29,to-read,to-read (#1493),to-read,,,,0,0
66089602,"The Blood We Crave: Part One (The Hollow Boys, #3)",Monty Jay,"Jay, Monty",,"=""""","=""""",0,,Kindle Edition,349,2022,,,2025/11/29,to-read,to-read (#1491),to-read,,,,0,0
123018867,"The Blood We Crave: Part Two (The Hollow Boys, #4)",Monty Jay,"Jay, Monty",,"=""""","=""""",0,,Kindle Edition,333,2023,,,2025/11/29,to-read,to-read (#1492),to-read,,,,0,0
208177256,Psychotic Obsession (The Edge of Darkness Trilogy),Leigh Rivers,"Rivers, Leigh",,"=""""","=""""",0,,Kindle Edition,442,2025,2025,,2025/11/29,to-read,to-read (#1490),to-read,,,,0,0
217387894,Love Spells Trouble,Nia Davenport,"Davenport, Nia",,"=""1547612967""","=""9781547612963""",0,Bloomsbury YA,Hardcover,320,2025,2025,,2025/11/29,to-read,to-read (#1489),to-read,,,,0,0
202774960,"Come Out, Come Out",Natalie C. Parker,"Parker, Natalie C.",,"=""0593619390""","=""9780593619391""",0,G.P. Putnam's Sons Books for Young Readers,Hardcover,336,2024,2024,,2025/11/29,to-read,to-read (#1488),to-read,,,,0,0
67615305,"Ho, Ho, Ho-usewife",Jahquel J.,"J., Jahquel",,"=""""","=""""",0,,Kindle Edition,130,2022,,,2025/11/29,to-read,to-read (#1487),to-read,,,,0,0
244439592,HBCU Haunted Halls: A YA Paranormal Campus Mystery,Zaria Blake,"Blake, Zaria",,"=""""","=""""",0,,Kindle Edition,191,2025,,,2025/11/29,to-read,to-read (#1486),to-read,,,,0,0
215999522,"God of War (Legacy of Gods, #6)",Rina Kent,"Kent, Rina",,"=""1464237417""","=""9781464237416""",0,Bloom Books,Paperback,592,2025,2024,,2025/11/28,to-read,to-read (#1485),to-read,,,,0,0
213775782,"God of Fury (Legacy of Gods, #5)",Rina Kent,"Kent, Rina",,"=""1464237409""","=""9781464237409""",0,Bloom Books,Paperback,624,2025,2023,,2025/11/28,to-read,to-read (#1485),to-read,,,,0,0
84145,"Dance with the Devil (Dark-Hunter, #3)",Sherrilyn Kenyon,"Kenyon, Sherrilyn",,"=""0312984839""","=""9780312984830""",4.0,St. Martin's Press,Mass Market Paperback,361,2003,2003,2025/11/26,2025/10/24,,,read,,,,1,0
30041007,"For 100 Days (100, #1)",Lara Adrian,"Adrian, Lara",,"=""""","=""""",0,"Lara Adrian, LLC",Kindle Edition,368,2016,2016,,2025/11/26,to-read,to-read (#1484),to-read,,,,0,0
217387937,Forget Me Not,Stacy Willingham,"Willingham, Stacy",,"=""1250887976""","=""9781250887979""",0,Minotaur Books,Hardcover,325,2025,2025,,2025/11/26,to-read,to-read (#1483),to-read,,,,0,0
59723756,"To Catch a Raven (Women Who Dare, #3)",Beverly Jenkins,"Jenkins, Beverly",,"=""0062861743""","=""9780062861740""",0,Avon,Mass Market Paperback,358,2022,2022,,2025/11/26,to-read,to-read (#1482),to-read,,,,0,0
30694168,"Shadowsong (Wintersong, #2)",S. Jae-Jones,"Jae-Jones, S.",,"=""1250129133""","=""9781250129130""",0,Wednesday Books,Hardcover,379,2018,2018,,2025/11/25,to-read,to-read (#1481),to-read,,,,0,0
210594656,"Black Girls Breathing: Heal from Trauma, Combat Chronic Stress, and Find Your Freedom",Jasmine Marie,"Marie, Jasmine",,"=""1538756625""","=""9781538756621""",0,Balance,Hardcover,240,2024,,,2025/11/24,to-read,to-read (#1480),to-read,,,,0,0
50489991,Sicko,Amo Jones,"Jones, Amo",,"=""1393299636""","=""9781393299639""",0,,ebook,320,2020,2020,,2025/11/24,to-read,to-read (#1479),to-read,,,,0,0
54024746,Quarantine and Chill,Kenya Wright,"Wright, Kenya",,"=""""","=""""",0,,Kindle Edition,402,2020,2020,,2025/11/24,to-read,to-read (#1478),to-read,,,,0,0
44156235,Rhapsody (The Butcher and the Violinist #1),Kenya Wright,"Wright, Kenya",,"=""""","=""""",0,K Wright Press,Kindle Edition,644,2019,2019,,2025/11/24,to-read,to-read (#1477),to-read,,,,0,0
42038748,Dirty Love (The Lion and the Mouse #2),Kenya Wright,"Wright, Kenya",,"=""""","=""""",0,ZachEvans Creative LLC,ebook,370,2018,2018,,2025/11/24,to-read,to-read (#1476),to-read,,,,0,0
13272713,"Fire Baptized (Santeria Habitat, #1)",Kenya Wright,"Wright, Kenya",,"=""0985023007""","=""9780985023003""",0,Dragonfairy Press,Paperback,276,2012,2012,,2025/11/24,to-read,to-read (#1475),to-read,,,,0,0
49227747,Redemption,Kenya Wright,"Wright, Kenya",,"=""""","=""""",0,,Kindle Edition,440,2019,2019,,2025/11/24,to-read,to-read (#1474),to-read,,,,0,0
40632050,Dirty Kisses (The Lion and the Mouse #1),Kenya Wright,"Wright, Kenya",,"=""""","=""""",0,ZachEvans Creative Publishing,ebook,251,2018,2018,,2025/11/24,to-read,to-read (#1473),to-read,,,,0,0
21839603,"Ruthless People (Ruthless People, #1)",J.J. McAvoy,"McAvoy, J.J.",,"=""1612133193""","=""9781612133195""",0,The Writers Coffee Shop,Paperback,511,2014,2014,,2025/11/24,to-read,to-read (#1472),to-read,,,,0,0
39083635,"The Sweetest Oblivion (Made, #1)",Danielle Lori,"Lori, Danielle",,"=""1721284443""","=""9781721284443""",0,CreateSpace,Paperback,384,2018,2018,,2025/11/24,"to-read, tbb-buddy-reads","to-read (#1471), tbb-buddy-reads (#27)",to-read,,,,0,0
51525075,"Bound by Honor (Born in Blood Mafia Chronicles, #1)",Cora Reilly,"Reilly, Cora",,"=""""","=""""",0,,Kindle Edition,273,2014,2014,,2025/11/24,"to-read, tbb-buddy-reads","to-read (#1470), tbb-buddy-reads (#28)",to-read,,,,0,0
53504376,Body Count,Octavia Grant,"Grant, Octavia",,"=""""","=""""",0,,Kindle Edition,52,2020,,,2025/11/24,to-read,to-read (#1469),to-read,,,,0,0
58725016,Elektra,Jennifer Saint,"Saint, Jennifer",,"=""125077361X""","=""9781250773616""",0,Flatiron Books,Hardcover,291,2022,2022,,2025/11/24,to-read,to-read (#1468),to-read,,,,0,0
54860614,Ariadne,Jennifer Saint,"Saint, Jennifer",,"=""125077358X""","=""9781250773586""",0,Flatiron Books,Hardcover,308,2021,2021,,2025/11/24,to-read,to-read (#1467),to-read,,,,0,0
37969723,"The Silence of the Girls (Women of Troy, #1)",Pat Barker,"Barker, Pat",,"=""""","=""""",0,Doubleday Books,Hardcover,325,2018,2018,,2025/11/24,to-read,to-read (#1466),to-read,,,,0,0
128671488,"Beasts of War (Beasts of Prey, #3)",Ayana Gray,"Gray, Ayana",,"=""0593405749""","=""9780593405741""",0,Nancy Paulsen Books,Hardcover,442,2024,2024,,2025/11/24,to-read,to-read (#1465),to-read,,,,0,0
59830488,"Beasts of Ruin (Beasts of Prey, #2)",Ayana Gray,"Gray, Ayana",,"=""0593405714""","=""9780593405710""",0,G.P. Putnam's Sons Books for Young Readers ,Hardcover,461,2022,2022,,2025/11/24,to-read,to-read (#1464),to-read,,,,0,0
56552953,"Beasts of Prey (Beasts of Prey, #1)",Ayana Gray,"Gray, Ayana",,"=""0593405684""","=""9780593405680""",0,Nancy Paulsen Books,Hardcover,474,2021,2021,,2025/11/24,"to-read, tbb-buddy-reads","to-read (#1463), tbb-buddy-reads (#29)",to-read,,,,0,0
61102615,Stone Blind,Natalie Haynes,"Haynes, Natalie",,"=""0063258390""","=""9780063258396""",0,Harper,Hardcover,373,2023,2022,,2025/11/24,to-read,to-read (#1462),to-read,,,,0,0
60034351,Does It Hurt?,H.D. Carlton,"Carlton, H.D.",,"=""""","=""""",3.0,,Kindle Edition,432,2022,2022,2025/11/24,2025/10/14,,,read,,,,1,0
134117072,"All He Ever Needed (Million Dollar Baby, #1)",Tay Mo'Nae,"Mo'Nae, Tay",,"=""""","=""9798391543732""",0,Independently published,Paperback,222,2023,2023,,2024/03/31,to-read,to-read (#528),to-read,,,,1,0
182762109,"This Could Be Us (Skyland, #2)",Kennedy Ryan,"Ryan, Kennedy",,"=""1538706822""","=""9781538706824""",0,Forever,Paperback,416,2024,2024,,2025/02/26,to-read,to-read (#1461),to-read,,,,1,0
228143091,"I, Medusa",Ayana Gray,"Gray, Ayana",,"=""0593733762""","=""9780593733769""",0,Random House,Hardcover,336,2025,2025,,2025/11/19,to-read,to-read (#1460),to-read,,,,0,0
231726923,Breaking Lily: A Dark Psychological Romance,Zaira DuMal,"DuMal, Zaira",,"=""""","=""""",2.0,,Kindle Edition,157,2025,,2025/11/15,2025/11/15,,,read,"Thank you to the author for the ARC in exchange for my honest review.<br/><br/>Breaking Lily is a dark and emotionally heavy story — and I mean dark. I went in expecting a painful journey, but this book delivers wave after wave of trauma with almost no space to breathe. Lily’s experiences are heartbreaking, and while her resilience is clear, the sheer amount of suffering she endures made the story feel more overwhelming than immersive at times.<br/><br/>What ultimately made this a 2-star read for me is the HEA. It doesn’t feel like true healing or safety — more like Lily ended up with the least harmful option rather than a genuinely healthy, secure love. After everything she went through, I wanted a happier ending that felt like actual peace, not just the safest corner of a traumatic world.<br/><br/>Readers who love extremely dark, psychologically intense stories may connect with this more than I did. But for me, the trauma overshadowed the character growth, and the resolution didn’t give Lily the kind of freedom or healing she deserved.",,,1,0
231819058,The Intruder,Freida McFadden,"McFadden, Freida",,"=""1464260915""","=""9781464260919""",3.0,Poisoned Pen Press,Hardcover,279,2025,2025,2025/11/15,2025/06/02,,,read,,,,1,0
241735307,The M.U.T.T. Hotel: A Short,Kyeate,"Kyeate, Kyeate",,"=""""","=""""",0,,Kindle Edition,48,2025,,,2025/11/15,to-read,to-read (#1459),to-read,,,,0,0
228691356,"Problematic Summer Romance (Not in Love, #2)",Ali Hazelwood,"Hazelwood, Ali",,"=""""","=""9798217188123""",0,Berkley,Hardcover,416,2025,2025,,2025/11/15,to-read,to-read (#1458),to-read,,,,0,0
58523152,"Burn Down, Rise Up",Vincent Tirado,"Tirado, Vincent",,"=""1728246008""","=""9781728246000""",3.0,Sourcebooks Fire,Hardcover,352,2022,2022,2025/11/15,2025/11/04,,,read,,,,1,0
241455271,Reckless Forever (Jennings Mafia Family #3),D. Scott,"Scott, D.",,"=""""","=""""",5.0,,Kindle Edition,218,2025,,2025/11/13,2025/11/09,"5-star-reads, soft-girl-comfort","5-star-reads (#46), soft-girl-comfort (#4)",read,,,,1,0
239051133,Trouble Forever (Jennings Mafia Family #1),D. Scott,"Scott, D.",,"=""""","=""""",5.0,,Kindle Edition,193,2025,,2025/11/11,2025/11/09,"5-star-reads, soft-girl-comfort","5-star-reads (#44), soft-girl-comfort (#2)",read,"Mr. Trouble himself? Yeah… he is everything. I’m not even big on Mafia romances, but this one had me hooked from page one. When I say I ate this book up?! Whew. In my book world, Capone Delgato has always been HIM — untouchable, unrivaled. I truly never thought another character would come close… but after reading this? Yeah, that throne is officially being shared.<br/><br/>Babyyy, Trouble lives up to that name! And the fact that it's not just one but three of them? The Delgato brothers understood the assignment and then some.<br/><br/>Quick, addictive, and absolutely a must-read. If you're looking for a book that grabs you and does not let go, this is the one.",,,1,0
240380822,Still Forever (Jennings Mafia Family #2),D. Scott,"Scott, D.",,"=""""","=""""",5.0,,Kindle Edition,,2025,,2025/11/13,2025/11/09,"5-star-reads, soft-girl-comfort","5-star-reads (#45), soft-girl-comfort (#3)",read,"After devouring the first book, I slid straight into this one and tore through it just the same. I love the way the Jennings brothers move, the shared qualities, the individual distinctions, the unity. Their bond is the kind of closeness I wish more melanated families had; they stayed solid, never once turning on each other or letting chaos break their circle.<br/><br/>Now Mr. Jaxon? He was not about to play with KD! The way he stood on business for him, even with his life possibly on the line, had me locked in. And I have to give an honorable mention to Remy — the way she stood by Jaxon, supported him, and stayed honest and intentional. Top tier.<br/><br/>It’s been a long time since I’ve given two back-to-back 5-star ratings in a series. Honestly, it’s only happened one other time. But this series? Yeah… It’s a solid 5 stars straight through. And now I’m running right into Judah’s story with no breaks.",,,1,0
243813868,The Fractured Thread (Color Edition): Where shadows are cursed and bloodlines hold the key,Nyxara Wolfwyn,"Wolfwyn, Nyxara",,"=""""","=""""",0,Independently published,Paperback,354,2025,,,2025/11/13,to-read,to-read (#1457),to-read,,,,0,0
85150686,Murder on the Christmas Express,Alexandra Benedict,"Benedict, Alexandra",,"=""1728284414""","=""9781728284422""",0,Poisoned Pen Press,Kindle Edition,272,2023,2022,,2025/11/13,to-read,to-read (#1456),to-read,,,,0,0
62919847,The Reformatory,Tananarive Due,"Due, Tananarive",,"=""1982188340""","=""9781982188344""",0,S&S/Saga Press,Hardcover,570,2023,2023,,2025/11/13,to-read,to-read (#1455),to-read,,,,0,0
220161475,When the Fireflies Dance,Aisha Hassan,"Hassan, Aisha",,"=""1668043289""","=""9781668043288""",0,Gallery/Scout Press,Hardcover,368,2025,2025,,2025/11/13,to-read,to-read (#1454),to-read,,,,0,0
222023346,"Merry Christmas, You Filthy Animal (Kringletown Christmas, #2)",Meghan Quinn,"Quinn, Meghan",,"=""1464246920""","=""9781464246920""",0,Bloom Books,Paperback,464,2025,2025,,2025/11/13,to-read,to-read (#1453),to-read,,,,0,0
241047330,On Everything,Black Lavish,"Lavish, Black",,"=""""","=""""",0,,Kindle Edition,188,2025,,,2025/11/12,to-read,to-read (#1452),to-read,,,,0,0
242570498,Half Sight Whole Heart,K. Nicole,"Nicole, K.",,"=""""","=""""",0,,Kindle Edition,164,2025,,,2025/11/12,to-read,to-read (#1451),to-read,,,,0,0
241553216,Juke: A DeLuca Brothers Spinoff,Tacarra,"Tacarra, Tacarra",,"=""""","=""""",0,Urban Dynasty Publications,Kindle Edition,223,2025,,,2025/11/12,to-read,to-read (#1450),to-read,,,,0,0
239549306,Absolute Fulfillment,Kennedy B.,"B., Kennedy",,"=""""","=""""",0,KMP,Kindle Edition,250,2025,,,2025/11/12,to-read,to-read (#1449),to-read,,,,0,0
243648682,Hellcat Barbies: Imani,Charity Shane',"Shane', Charity",,"=""""","=""""",0,,Kindle Edition,232,2025,,,2025/11/12,to-read,to-read (#1448),to-read,,,,0,0
198867201,"I Promise You (Scarred Executioners, #2)",Lexie Axelson,"Axelson, Lexie",,"=""""","=""""",0,,Kindle Edition,398,2023,,,2025/11/12,to-read,to-read (#1447),to-read,,,,0,0
217171544,"Shield of Sparrows (Shield of Sparrows, #1)",Devney Perry,"Perry, Devney",,"=""1649378513""","=""9781649378514""",3.0,Entangled: Red Tower Books,Hardcover,528,2025,2025,2025/11/12,2025/10/14,,,read,,,,1,0
206023915,"Collided (Dirty Air, #2)",Lauren Asher,"Asher, Lauren",,"=""1734258721""","=""9781734258721""",0,,Kindle Edition,440,2024,2020,,2025/11/11,to-read,to-read (#1446),to-read,,,,0,0
56250307,"The Darkest Temptation (Made, #3)",Danielle Lori,"Lori, Danielle",,"=""""","=""""",0,,Kindle Edition,410,2020,2020,,2025/11/11,to-read,to-read (#1445),to-read,,,,0,0
213775776,"God of Ruin (Legacy of Gods, #4)",Rina Kent,"Kent, Rina",,"=""1464237328""","=""9781464237324""",0,Bloom Books,Paperback,528,2025,2023,,2025/11/11,to-read,to-read (#1444),to-read,,,,0,0
243019585,Adonis Gates,T'Lyn,"T'Lyn, T'Lyn",,"=""""","=""""",0,,Kindle Edition,263,2025,,,2025/11/11,to-read,to-read (#1443),to-read,,,,0,0
227988349,Sugar Baby,B. Love,"Love, B.",,"=""""","=""""",0,Prolific Pen Pusher,Kindle Edition,176,2025,,,2025/11/11,to-read,to-read (#1442),to-read,,,,0,0
239668703,All Mine: An Urban Nanny Romance (All Or Nothing Book 1),KARALYNNE K,"K, KARALYNNE",,"=""""","=""""",0,,Kindle Edition,328,2025,,,2025/11/11,to-read,to-read (#1441),to-read,,,,0,0
235370429,Attracted to a Savage,D.   Scott,"Scott, D.",,"=""""","=""""",0,,Kindle Edition,76,2025,,,2025/11/11,to-read,to-read (#1439),to-read,,,,0,0
239844725,A Player's Prayer (Mills Brothers Series Book 3),Nek Mills,"Mills, Nek",,"=""""","=""""",0,,Kindle Edition,263,2025,,,2025/11/11,to-read,to-read (#1438),to-read,,,,0,0
239508622,Quiet as Kept,Tracy Gray,"Gray, Tracy",,"=""""","=""""",0,B. Love Publications,Kindle Edition,207,2025,,,2025/11/11,to-read,to-read (#1436),to-read,,,,0,0
240751606,Gotta Jones For Ya: An Unhinged Romance (Knuck & Nyomi Book 1),Thee Tasha Marie,"Marie, Thee Tasha",,"=""""","=""""",0,,Kindle Edition,157,2025,,,2025/11/11,to-read,to-read (#1437),to-read,,,,0,0
241227313,Savage Season,Tara    Ellis,"Ellis, Tara",,"=""""","=""""",0,,Kindle Edition,602,2025,,,2025/11/11,to-read,to-read (#1435),to-read,,,,0,0
242910456,To Love and Protect,Cyn,"Cyn, Cyn",,"=""""","=""""",0,B. Love Publications,Kindle Edition,172,2025,,,2025/11/11,to-read,to-read (#1434),to-read,,,,0,0
239421861,Falling for Lucifer,Cyn,"Cyn, Cyn",,"=""""","=""""",0,B. Love Publications,Kindle Edition,180,2025,,,2025/11/11,to-read,to-read (#1433),to-read,,,,0,0
239827356,Taming a Menace,Tatum James,"James, Tatum",,"=""""","=""""",0,B. Love Publications,Kindle Edition,295,2025,,,2025/11/11,to-read,to-read (#1432),to-read,,,,0,0
239219838,CRASH: Love in Scrubs,C. Monet,"Monet, C.",,"=""""","=""""",0,,Kindle Edition,378,2025,,,2025/11/11,to-read,to-read (#1431),to-read,,,,0,0
239436191,A YN'S Muse For The Summer: An Urban Romance Standalone,NAI,"NAI, NAI",,"=""""","=""""",0,URBAN AINT DEAD,Kindle Edition,137,2025,,,2025/11/11,to-read,to-read (#1430),to-read,,,,0,0
239130375,A Million Boss Kisses: An Urban Romance Standalone (Mafia Love Book 3),Lakia,"Lakia, Lakia",,"=""""","=""""",0,"Lakia Presents, LLC",Kindle Edition,286,2025,,,2025/11/11,to-read,to-read (#1429),to-read,,,,0,0
237700291,"Obsessive Love (KC Queens, #3)",Aubry J.,"J., Aubry",,"=""""","=""""",0,,Kindle Edition,296,2025,,,2025/11/11,to-read,to-read (#1428),to-read,,,,0,0
240463777,Breaking the Rules: A Los Oceania Love Story,Aubreé Pynn,"Pynn, Aubreé",The Editing Boutique,"=""""","=""""",0,"APXCB, LLC",Kindle Edition,278,2025,,,2025/11/11,to-read,to-read (#1426),to-read,,,,0,0
233846233,Obligated (The St. Jean Legacy Book 1),Chae C,"C, Chae",,"=""""","=""""",0,,Kindle Edition,264,2025,,,2025/11/11,to-read,to-read (#1425),to-read,,,,0,0
237984607,War About You (Mills Brothers Series Book 2),Nek Mills,"Mills, Nek",,"=""""","=""""",0,,Kindle Edition,335,2025,,,2025/11/11,to-read,to-read (#1424),to-read,,,,0,0
57800573,Red Lip Theology: For Church Girls Who've Considered Tithing to the Beauty Supply Store When Sunday Morning Isn't Enough,Candice Marie Benbow,"Benbow, Candice Marie",Melissa Harris-Perry,"=""059323846X""","=""9780593238462""",0,Convergent Books,Hardcover,224,2022,,,2025/11/11,to-read,to-read (#1423),to-read,,,,0,0
18505827,In My Skin: My Life On and Off the Basketball Court,Brittney Griner,"Griner, Brittney",Sue Hovey,"=""0062309331""","=""9780062309334""",0,Dey Street Books,Hardcover,224,2014,2014,,2025/11/11,to-read,to-read (#1422),to-read,,,,0,0
60840175,"Sinful Vow (Mafia Misfits, #1)",Asia Monique,"Monique, Asia",,"=""""","=""""",0,Alayla J. Presents,Kindle Edition,268,2022,2022,,2025/11/11,to-read,to-read (#1421),to-read,,,,0,0
61373896,Sinful Redemption (Mafia Misfits #2),Asia Monique,"Monique, Asia",,"=""""","=""""",0,Alayla J. Presents,Kindle Edition,310,2022,,,2025/11/11,to-read,to-read (#1420),to-read,,,,0,0
62096781,Sinful Surrender (Mafia Misfits #3),Asia Monique,"Monique, Asia",,"=""""","=""""",0,Alayla J. Presents,Kindle Edition,207,2022,2022,,2025/11/11,to-read,to-read (#1419),to-read,,,,0,0
62795287,Sinful Desire (Mafia Misfits #4),Asia Monique,"Monique, Asia",,"=""""","=""""",0,Alayla J. Presents,Kindle Edition,212,2022,,,2025/11/11,to-read,to-read (#1418),to-read,,,,0,0
95861285,Sinful Obsession (Mafia Misfits #5),Asia Monique,"Monique, Asia",,"=""""","=""""",0,Alayla J. Presents,Kindle Edition,230,2023,,,2025/11/11,to-read,to-read (#1417),to-read,,,,0,0
195452043,Sinful Enforcer (Mafia Misfits Book 6),Asia Monique,"Monique, Asia",,"=""""","=""""",0,Alayla J. Presents,Kindle Edition,264,2023,,,2025/11/11,to-read,to-read (#1416),to-read,,,,0,0
221644757,Ready to be Loved by You: A Forbidden Love Contemporary Christian Romance,Enewerome,"Enewerome, Enewerome",,"=""""","=""""",0,Enewerome Author,Kindle Edition,259,2024,,,2025/11/11,to-read,to-read (#1415),to-read,,,,0,0
242030959,HEZEKIAH (TNH Book 2),SUNSHINES URBAN NOVELS,"NOVELS, SUNSHINES URBAN",,"=""""","=""""",0,,Kindle Edition,362,2025,,,2025/11/11,to-read,to-read (#1414),to-read,,,,0,0
235621807,The Wife Of A Ghetto Millionaire,Bianca Marie,"Marie, Bianca",,"=""""","=""""",0,"Cole Hart Signature, LLC",Kindle Edition,250,2025,,,2025/11/11,to-read,to-read (#1413),to-read,,,,0,0
221435869,Naughty by Nature (Naughty November 24 Book 2),Ariya Brooks,"Brooks, Ariya",,"=""""","=""""",0,B. Love Publications,Kindle Edition,93,2024,,,2025/11/11,to-read,to-read (#1412),to-read,,,,0,0
239529229,Chef's Kiss at the Chalet,Sookie Snow,"Snow, Sookie",,"=""1761775758""","=""9781761775758""",0,Macmillan,Kindle Edition,263,2025,,,2025/11/11,to-read,to-read (#1411),to-read,,,,0,0
243804674,Heart of a Goon,Jahquel J.,"J., Jahquel",Markd By Tylee,"=""""","=""9798993809700""",0,Urban Chapters Publications,Kindle Edition,455,2025,,,2025/11/11,to-read,to-read (#1410),to-read,,,,0,0
241062809,A Kingpin's Weakness,Black Berry,"Berry, Black",,"=""""","=""""",0,Masterpiece Presents,Kindle Edition,345,2025,,,2025/11/11,to-read,to-read (#1409),to-read,,,,0,0
6567284,"Night Embrace (Dark-Hunter, #2)",Sherrilyn Kenyon,"Kenyon, Sherrilyn",,"=""""","=""""",4.0,St. Martin's Press,Mass Market Paperback,408,2006,2003,2025/11/11,2025/10/24,,,read,,,,1,0
62083198,Lane & Kay: A Criminal Love,K.C. Mills,"Mills, K.C.",,"=""""","=""""",0,,Kindle Edition,159,2022,,,2022/08/28,to-read,to-read (#391),to-read,,,,0,0
229072959,Destry (Rodeo Season #1),K.C. Mills,"Mills, K.C.",,"=""""","=""""",0,,Kindle Edition,111,2025,,,2025/03/18,to-read,to-read (#1019),to-read,,,,0,0
221303983,"He Sees You When You're Sleeping (Naughty or Nice, #1)",Alta Hensley,"Hensley, Alta",,"=""0063433974""","=""9780063433977""",0,Avon a,Kindle Edition,336,2024,2024,,2025/11/10,to-read,to-read (#1408),to-read,,,,0,0
57967847,"The Witchery (The Witchery, #1)",S. Isabelle,"Isabelle, S.",,"=""1338758969""","=""9781338758962""",0,Scholastic,Hardcover,384,2022,2022,,2025/11/10,to-read,to-read (#1407),to-read,,,,0,0
62342514,The Black Girl Survives in This One,Desiree S. Evans,"Evans, Desiree S.","Saraciea J. Fennell, Brittney Morris, L.L. McKinney, Maika Moulite, Maritza Moulite","=""1250871654""","=""9781250871657""",0,Flatiron Books,Hardcover,354,2024,2024,,2025/11/10,to-read,to-read (#1406),to-read,,,,0,0
215805896,Deadstream,Maria Romasco-Moore,"Romasco-Moore, Maria",,"=""0593691881""","=""9780593691885""",0,Viking Books for Young Readers,Paperback,320,2025,2025,,2025/11/10,to-read,to-read (#1405),to-read,,,,0,0
58467213,Survive the Dome,Kosoko Jackson,"Jackson, Kosoko",,"=""1728239087""","=""9781728239088""",0,Sourcebooks Fire,Hardcover,352,2022,2022,,2025/11/10,to-read,to-read (#1404),to-read,,,,0,0
58475093,Implied Consent (Hearts Consent #1),K.C. Mills,"Mills, K.C.",,"=""""","=""""",0,,Kindle Edition,320,2021,,,2025/03/05,to-read,to-read (#1003),to-read,,,,0,0
241502183,Fever: Love in Scrubs,Kimberly Brown,"Brown, Kimberly",,"=""""","=""""",0,,Kindle Edition,277,2025,,,2025/11/09,to-read,to-read (#1403),to-read,,,,0,0
216122927,Counterfeit 2,Charity Shane',"Shane', Charity",,"=""""","=""""",0,KMP,Kindle Edition,259,2024,,,2025/11/08,to-read,to-read (#1402),to-read,,,,0,0
162728103,The Scattered Bones,Nicole Scarano,"Scarano, Nicole",,"=""""","=""""",0,,Kindle Edition,280,2023,,,2025/11/08,to-read,to-read (#1401),to-read,,,,0,0
62994279,"King of Pride (Kings of Sin, #2)",Ana Huang,"Huang, Ana",,"=""""","=""""",5.0,,Kindle Edition,358,2023,2023,2025/11/07,2025/02/14,5-star-reads,5-star-reads (#24),read,,,,1,0
226526537,Don't Make Me Wait (The Graham Family Saga Book 3),Kami Holt,"Holt, Kami",,"=""""","=""""",0,,Kindle Edition,383,2025,,,2025/11/07,to-read,to-read (#1400),to-read,,,,0,0
243606951,"Girl, We Go Together: A Second Chance BBW Romance",C. Wilson,"Wilson, C.",,"=""""","=""""",0,"Cole Hart Signature, LLC",Kindle Edition,354,2025,,,2025/11/07,to-read,to-read (#1399),to-read,,,,0,0
243455841,Loving Amari: A Dark Paranormal Romance (Wintermoon Vampire Tales Book 2),Tessa Stone,"Stone, Tessa",,"=""""","=""""",0,,Kindle Edition,238,2025,,,2025/11/07,to-read,to-read (#1398),to-read,,,,0,0
231887125,Cum Into the Dark,Latoya Nicole,"Nicole, Latoya",,"=""""","=""""",0,MONÉT PRESENTS,Kindle Edition,302,2025,,,2025/11/04,to-read,to-read (#1396),to-read,,,,0,0
237934161,"Concrete & Cadence (Welcome to Stonebridge, #1)",C.M. Barnes,"Barnes, C.M.",,"=""""","=""""",0,,Kindle Edition,297,2025,,,2025/11/04,to-read,to-read (#1395),to-read,,,,0,0
235692147,DR. BELL: NICEVILLE SHORES CHRONICLES THE BEGINNING,M. Monique,"Monique, M.",,"=""""","=""""",0,M MONIQUE PRESENTS,Kindle Edition,262,2025,,,2025/11/04,to-read,to-read (#1394),to-read,,,,0,0
242572610,Summer Secrets 2: With A Hot Girl,Ni'ssan,"Ni'ssan, Ni'ssan",,"=""""","=""""",0,"Grand Penz Publications, LLC",Kindle Edition,284,2025,,,2025/11/03,to-read,to-read (#1393),to-read,,,,0,0
124938332,The Coldest Hoe Ever,Cornelia Smith,"Smith, Cornelia",,"=""""","=""""",0,The Book Plug LLC,Kindle Edition,170,2023,,,2025/11/03,to-read,to-read (#1392),to-read,,,,0,0
127280177,"Blood Justice (Blood Debts, #2)",Terry J. Benton-Walker,"Benton-Walker, Terry J.",,"=""1250825954""","=""9781250825957""",0,Tor Teen,Hardcover,480,2024,2024,,2025/11/01,to-read,to-read (#1391),to-read,,,,0,0
228091245,Losin Control: Half on a baby or two,Ladii Nesha,"Nesha, Ladii",,"=""""","=""""",0,,Kindle Edition,127,2025,,,2025/08/10,to-read,to-read (#1151),to-read,,,,0,0
6944032,"Night Pleasures (Dark-Hunter, #1)",Sherrilyn Kenyon,"Kenyon, Sherrilyn",,"=""0312593554""","=""9780312593551""",5.0,St. Martin's Press,Hardcover,320,2009,2002,2025/10/30,2025/10/24,,,read,,,,1,0
227429747,Cursed Daughters,Oyinkan Braithwaite,"Braithwaite, Oyinkan",,"=""0385551479""","=""9780385551472""",0,Doubleday,Hardcover,364,2025,2025,,2025/10/30,to-read,to-read (#1390),to-read,,,,0,0
205212279,Kings Proposition (King Dynasty Series Book 2),Iesha Bree,"Bree, Iesha",Selena Tosato,"=""""","=""""",0,,Kindle Edition,203,2024,,,2025/10/29,to-read,to-read (#1389),to-read,,,,0,0
213969427,"Saving Hailey (Shadows of Obsession, #2)",I.A. Dice,"Dice, I.A.",,"=""""","=""""",0,,Kindle Edition,419,2024,,,2025/10/29,to-read,to-read (#1388),to-read,,,,0,0
35729,"Lover Eternal (Black Dagger Brotherhood, #2)",J.R. Ward,"Ward, J.R.",,"=""""","=""""",0,Signet,Mass Market Paperback,441,2006,2006,,2025/10/29,to-read,to-read (#1387),to-read,,,,0,0
237638411,Lethal Ties,Lory Wallace,"Wallace, Lory",,"=""""","=""""",0,,Kindle Edition,250,2025,,,2025/10/29,to-read,to-read (#1386),to-read,,,,0,0
198542200,Outdrawn,Deanna Grey,"Grey, Deanna",,"=""""","=""""",0,,Kindle Edition,328,2023,2023,,2025/10/29,to-read,to-read (#1385),to-read,,,,0,0
208301504,"Shadow & Storms (The Legends of Thezmarr, #4)",Helen Scheuerer,"Scheuerer, Helen",,"=""1922903183""","=""9781922903181""",0,Alchemy,Kindle Edition,420,2024,2024,,2025/10/29,to-read,to-read (#1384),to-read,,,,0,0
199057100,"Fate & Furies (The Legends of Thezmarr, #3)",Helen Scheuerer,"Scheuerer, Helen",,"=""1922903175""","=""9781922903174""",0,Alchemy,Kindle Edition,466,2024,2024,,2025/10/29,to-read,to-read (#1383),to-read,,,,0,0
123007281,"Vows & Ruins (The Legends of Thezmarr, #2)",Helen Scheuerer,"Scheuerer, Helen",,"=""1922903051""","=""9781922903051""",0,Alchemy,Kindle Edition,536,2023,2023,,2025/10/29,to-read,to-read (#1382),to-read,,,,0,0
63905241,"Blood & Steel (The Legends of Thezmarr, #1)",Helen Scheuerer,"Scheuerer, Helen",,"=""1922903027""","=""9781922903020""",0,Alchemy,Kindle Edition,550,2023,2023,,2025/10/29,to-read,to-read (#1381),to-read,,,,0,0
220160216,One Dark Night,Hannah Richell,"Richell, Hannah",,"=""1668081334""","=""9781668081334""",0,Atria Books,Paperback,384,2025,2025,,2025/10/28,to-read,to-read (#1380),to-read,,,,0,0
61783760,"That Self-Same Metal (The Forge & Fracture Saga, #1)",Brittany N. Williams,"Williams, Brittany N.",,"=""1419758640""","=""9781419758645""",0,Harry N. Abrams,Hardcover,352,2023,2023,,2025/10/27,to-read,to-read (#1379),to-read,,,,0,0
195853531,"Lore of the Wilds (Lore of the Wilds, #1)",Analeigh Sbrana,"Sbrana, Analeigh",,"=""0063380595""","=""9780063380592""",0,Harper Voyager,Hardcover,339,2024,2024,,2025/10/27,to-read,to-read (#1378),to-read,,,,0,0
54304072,"Wings of Ebony (Wings of Ebony, #1)",J. Elle,"Elle, J.",,"=""1534470670""","=""9781534470675""",0,Denene Millner Books,Hardcover,354,2021,2021,,2025/10/27,to-read,to-read (#1377),to-read,,,,0,0
49757149,The Cousins,Karen M. McManus,"McManus, Karen M.",,"=""0525708014""","=""9780525708018""",0,Delacorte Press,Library Binding,337,2020,2020,,2025/10/27,to-read,to-read (#1376),to-read,,,,0,0
216724320,If We Were a Movie,Zakiya N. Jamal,"Jamal, Zakiya N.",,"=""0063359944""","=""9780063359949""",0,HarperCollins,Hardcover,320,2025,2025,,2025/10/27,to-read,to-read (#1375),to-read,,,,0,0
61313902,Five Survive,Holly  Jackson,"Jackson, Holly",,"=""0755504402""","=""9780755504404""",0,Electric Monkey,Hardcover,391,2022,2022,,2025/10/27,to-read,to-read (#1374),to-read,,,,0,0
54419215,Chlorine Sky,Mahogany L. Browne,"Browne, Mahogany L.",,"=""0593176391""","=""9780593176399""",0,Crown Books for Young Readers,Hardcover,192,2021,2021,,2025/10/27,to-read,to-read (#1373),to-read,,,,0,0
75670213,Bright Red Fruit,Safia Elhillo,"Elhillo, Safia",,"=""059338122X""","=""9780593381229""",0,Make Me a World,Kindle Edition,365,2024,2024,,2025/10/27,to-read,to-read (#1372),to-read,,,,0,0
43801262,"Hustle Harder, Hustle Smarter",50 Cent,"Cent, 50",Curtis  Jackson,"=""0062953826""","=""9780062953827""",0,Amistad,ebook,304,2020,,,2025/10/27,to-read,to-read (#1371),to-read,,,,0,0
202934224,The Day God Saw Me as Black,D. Danyelle Thomas,"Thomas, D. Danyelle",,"=""1955905533""","=""9781955905534""",0,Row House Publishing,Hardcover,240,2024,2024,,2025/10/27,to-read,to-read (#1370),to-read,,,,0,0
154488278,Black Girl You Are Atlas,Renée  Watson,"Watson, Renée",Ekua Holmes,"=""0593461703""","=""9780593461709""",0,Kokila,Hardcover,96,2024,,,2025/10/27,to-read,to-read (#1369),to-read,,,,0,0
199450933,"Pardon My Frenchie (Doggone Delightful, #1)",Farrah Rochon,"Rochon, Farrah",,"=""1538739143""","=""9781538739143""",0,Forever,Paperback,384,2024,2024,,2025/10/27,to-read,to-read (#1368),to-read,,,,0,0
187012471,"Insatiable (The Edge of Darkness, #1)",Leigh Rivers,"Rivers, Leigh",,"=""""","=""""",0,Nielsen,ebook,413,2023,2023,,2025/10/27,to-read,to-read (#1367),to-read,,,,0,0
223966189,Summer's Echo,Robbi Renee,"Renee, Robbi",,"=""1957950838""","=""9781957950839""",0,Black Odyssey Media,Paperback,304,2025,,,2025/10/27,to-read,to-read (#1366),to-read,,,,0,0
242075342,Anything Necessary for Her (Crenshaw Kings #9),Shvonne Latrice,"Latrice, Shvonne",,"=""""","=""""",0,,Kindle Edition,544,2025,,,2025/10/27,to-read,to-read (#1365),to-read,,,,0,0
167958762,"Somebody's Forever (A Grown and Sexy Somebody, #2)",Robbi Renee,"Renee, Robbi",,"=""1954767226""","=""9781954767225""",0,Love Notes by Robbi Renee,Kindle Edition,134,2023,,,2025/10/27,to-read,to-read (#1364),to-read,,,,0,0
199777698,12:01,Bella Jay,"Jay, Bella",,"=""""","=""""",0,,Kindle Edition,318,2023,,,2025/10/27,to-read,to-read (#1363),to-read,,,,0,0
210682491,Somebody's Husband,Robbi Renee,"Renee, Robbi",,"=""1957950587""","=""9781957950587""",0,Black Odyssey Media,Kindle Edition,322,2024,,,2025/10/27,to-read,to-read (#1362),to-read,,,,0,0
54287490,fast,Millie Belizaire,"Belizaire, Millie",,"=""""","=""""",0,,Kindle Edition,420,2020,,,2025/10/27,to-read,to-read (#1361),to-read,,,,0,0
59723626,Colliding With Fate,A.E. Valdez,"Valdez, A.E.",,"=""""","=""""",0,Independently Published,Kindle Edition,465,2022,2022,,2025/10/27,to-read,to-read (#1360),to-read,,,,0,0
239317255,COVE CITY: Volume II,Tatiana Timmons,"Timmons, Tatiana",,"=""""","=""""",0,,Kindle Edition,204,2025,,,2025/10/27,to-read,to-read (#1359),to-read,,,,0,0
237476073,COVE CITY: VOLUME I,Tatiana Timmons,"Timmons, Tatiana",,"=""""","=""""",0,,Kindle Edition,300,2025,,,2025/10/27,to-read,to-read (#1358),to-read,,,,0,0
238191997,DIONYSUS (Demon'ysus Book 2),Tatiana Timmons,"Timmons, Tatiana",,"=""""","=""""",0,,Kindle Edition,190,2025,,,2025/10/27,to-read,to-read (#1357),to-read,,,,0,0
212558325,"From Blood and Ash (Part 1 of 2) [Dramatized Adaptation] (Blood and Ash, #1.1)",Jennifer L. Armentrout,"Armentrout, Jennifer L.","Khaya Fraites, Matthew Bassett, Eric Messner, Dawn Ursula, Julie-Ann Elliott, Wyn Delano, Michael John Casey, Torian Brackett, Katie Boothe, Robb Moreira, Stewart Crank","=""""","=""9798890552778""",0,Graphic Audio LLC,Audiobook,7,2024,,,2025/10/27,to-read,to-read (#1356),to-read,,,,0,0
50485250,To All The Thugs I Loved That Didn't Love Me Back 2,Jahquel J.,"J., Jahquel",,"=""""","=""""",0,,Kindle Edition,215,2020,,,2025/10/27,to-read,to-read (#1355),to-read,,,,0,0
13487615,"Redemption (Dark-Hunter #20.5, Dream-Hunter, #5.5; Were-Hunter, #6.5)",Sherrilyn Kenyon,"Kenyon, Sherrilyn",,"=""""","=""""",0,,ebook,17,2011,2011,,2025/10/27,to-read,to-read (#1354),to-read,,,,0,0
10649555,"The Guardian (Dark-Hunter, #20; Dream-Hunter, #5; Were-Hunter, #6; Hellchaser, #5)",Sherrilyn Kenyon,"Kenyon, Sherrilyn",,"=""0312550057""","=""9780312550059""",0,St. Martin's Press,Mass Market Paperback,345,2011,2011,,2025/10/27,to-read,to-read (#1353),to-read,,,,0,0
9065265,"Retribution (Dark-Hunter, #19)",Sherrilyn Kenyon,"Kenyon, Sherrilyn",,"=""0312546602""","=""9780312546601""",0,St. Martin's Press,Hardcover,369,2011,2011,,2025/10/27,to-read,to-read (#1352),to-read,,,,0,0
7200351,"No Mercy (Dark-Hunter, #18; Were-Hunter, #5)",Sherrilyn Kenyon,"Kenyon, Sherrilyn",,"=""0312546564""","=""9780312546564""",0,St. Martin's Press,Hardcover,343,2010,2010,,2025/10/27,to-read,to-read (#1351),to-read,,,,0,0
3992020,"Dream Warrior (Dark-Hunter, #16; Dream-Hunter, #4)",Sherrilyn Kenyon,"Kenyon, Sherrilyn",,"=""0312938837""","=""9780312938833""",0,St. Martin's Press,Mass Market Paperback,314,2009,2009,,2025/10/27,to-read,to-read (#1349),to-read,,,,0,0
6058042,"Bad Moon Rising (Dark-Hunter, #17; Were-Hunter, #4; Hellchaser, #4)",Sherrilyn Kenyon,"Kenyon, Sherrilyn",,"=""0312369492""","=""9780312369491""",0,St. Martin's Press,Hardcover,352,2009,2009,,2025/10/27,to-read,to-read (#1350),to-read,,,,0,0
3122173,"One Silent Night (Dark-Hunter, #15)",Sherrilyn Kenyon,"Kenyon, Sherrilyn",,"=""0312947062""","=""9780312947064""",0,St. Martin's Press,Mass Market Paperback,310,2008,2008,,2025/10/27,to-read,to-read (#1348),to-read,,,,0,0
2299110,"Acheron (Dark-Hunter, #14)",Sherrilyn Kenyon,"Kenyon, Sherrilyn",,"=""0312362153""","=""9780312362157""",0,St. Martin's Press,Hardcover,723,2008,2008,,2025/10/27,to-read,to-read (#1347),to-read,,,,0,0
1746470,"Dream Chaser (Dark-Hunter, #13; Dream-Hunter, #3)",Sherrilyn Kenyon,"Kenyon, Sherrilyn",,"=""0312938829""","=""9780312938826""",0,St. Martin's Press,Mass Market Paperback,359,2008,2008,,2025/10/27,to-read,to-read (#1346),to-read,,,,0,0
84133,"Devil May Cry (Dark-Hunter, #11)",Sherrilyn Kenyon,"Kenyon, Sherrilyn",,"=""0312369506""","=""9780312369507""",0,St. Martin's Press,Hardcover,320,2007,2007,,2025/10/27,to-read,to-read (#1344),to-read,,,,0,0
490403,"Upon the Midnight Clear (Dark-Hunter, #12; Dream-Hunter, #2)",Sherrilyn Kenyon,"Kenyon, Sherrilyn",,"=""0312947054""","=""9780312947057""",0,St. Martin's Press,Mass Market Paperback,282,2007,2007,,2025/10/27,to-read,to-read (#1345),to-read,,,,0,0
3426508,"Fear the Darkness (Dark-Hunter, #10.5)",Sherrilyn Kenyon,"Kenyon, Sherrilyn",,"=""""","=""""",0,St. Martin's Press,ebook,20,2007,2007,,2025/10/27,to-read,to-read (#1343),to-read,,,,0,0
84132,"The Dream-Hunter (Dark-Hunter, #10; Dream-Hunter, #1)",Sherrilyn Kenyon,"Kenyon, Sherrilyn",,"=""0312938810""","=""9780312938819""",0,St. Martin's Press,Mass Market Paperback,340,2007,2007,,2025/10/27,to-read,to-read (#1342),to-read,,,,0,0
84146,"Dark Side of the Moon (Dark-Hunter, #9; Were-Hunter, #3)",Sherrilyn Kenyon,"Kenyon, Sherrilyn",,"=""0312934343""","=""9780312934347""",0,St. Martin's Press,Mass Market Paperback,353,2006,2006,,2025/10/27,to-read,to-read (#1340),to-read,,,,0,0
28263740,"Until Death We Do Part (Dark-Hunter, #9.5; Were-Hunter, #3.4)",Sherrilyn Kenyon,"Kenyon, Sherrilyn",,"=""""","=""""",0,,Hardcover,85,,2006,,2025/10/27,to-read,to-read (#1341),to-read,,,,0,0
84139,"Unleash the Night (Dark Hunter, #8; Were-Hunter, #2)",Sherrilyn Kenyon,"Kenyon, Sherrilyn",,"=""0312934335""","=""9780312934330""",0,St. Martin's Press,Mass Market Paperback,378,2005,2005,,2025/10/27,to-read,to-read (#1339),to-read,,,,0,0
6875253,Second Chances  (Dark-Hunter #7.1),Sherrilyn Kenyon,"Kenyon, Sherrilyn",,"=""""","=""""",0,Sherrilyn Kenyon,ebook,10,2005,1989,,2025/10/27,to-read,to-read (#1338),to-read,,,,0,0
31938268,"A Hard Day's Night Searcher (Dark-Hunter, #7.2; Deadman's Cross, #3.5)",Sherrilyn Kenyon,"Kenyon, Sherrilyn",,"=""1250109817""","=""9781250109811""",0,St. Martin's Press,Kindle Edition,58,2016,2005,,2025/10/27,to-read,to-read (#1338),to-read,,,,0,0
63883436,"Madame (Salacious Players' Club, #6)",Sara Cate,"Cate, Sara",,"=""""","=""""",4.0,,ebook,492,2023,2023,2025/08/26,2022/12/12,,,read,,,,1,0
242435360,"The Energy Code: 7 Daily Habits That Transform your Mood, Focus & Results",Michaela Kort,"Kort, Michaela",,"=""""","=""""",0,,Kindle Edition,180,2025,,,2025/10/27,to-read,to-read (#1337),to-read,,,,0,0
53414230,Open Water,Caleb Azumah Nelson,"Nelson, Caleb Azumah",,"=""0241448778""","=""9780241448779""",0,VIKIN,Hardcover,145,2021,2021,,2025/10/27,to-read,to-read (#1336),to-read,,,,0,0
20808476,Break My Fall (Broken #1),Chloe Walsh,"Walsh, Chloe",,"=""""","=""""",0,,ebook,310,2014,2014,,2025/10/27,to-read,to-read (#1335),to-read,,,,0,0
211507200,"Deadly Desires (Desires Trilogy, #1)",Ashley  McKnight,"McKnight, Ashley",,"=""""","=""""",0,,Kindle Edition,226,2024,,,2025/10/27,to-read,to-read (#1334),to-read,,,,0,0
60808803,Owned (The Faeborne Brides #1),Siren Crow,"Crow, Siren",,"=""""","=""""",0,,Kindle Edition,408,2022,,,2025/10/27,to-read,to-read (#1333),to-read,,,,0,0
60738555,Ladder of Love: A North Brooke Port Novel,Connie Easton,"Easton, Connie",,"=""""","=""""",0,Nikki Brown Presents,Kindle Edition,163,2022,,,2025/10/27,to-read,to-read (#1332),to-read,,,,0,0
242889423,Tyriq & Teaira,Charity Shane',"Shane', Charity",,"=""""","=""""",0,,Kindle Edition,211,2025,,,2025/10/27,to-read,to-read (#1331),to-read,,,,0,0
242310044,Trust No One,Caleb Crowe,"Crowe, Caleb",,"=""1837566461""","=""9781837566464""",0,Inkubator Books,ebook,330,2025,,,2025/10/27,to-read,to-read (#1330),to-read,,,,0,0
221790642,"What Kind of Mother (Detective Dan Riley, #8)",Anna-Lou Weatherley,"Weatherley, Anna-Lou",,"=""1836184794""","=""9781836184799""",0,Bookouture,Kindle Edition,338,2025,,,2025/10/27,to-read,to-read (#1329),to-read,,,,0,0
242144765,Stop Praying for More When You’re Still Full of Sh*t!: The Raw Truth About Making Space for Your Blessings,Antonio Parkinson,"Parkinson, Antonio",,"=""""","=""""",0,Black Market Creativity,Kindle Edition,106,2025,,,2025/10/27,to-read,to-read (#1328),to-read,,,,0,0
204795443,"The Striker (Gods of the Game, #1)",Ana Huang,"Huang, Ana",,"=""1464223327""","=""9781464223327""",0,Bloom Books,Paperback,592,2024,2024,,2025/10/27,to-read,to-read (#1327),to-read,,,,0,0
228306927,"Coach (Track, #5)",Jason Reynolds,"Reynolds, Jason",,"=""""","=""9798347102372""",0,Atheneum/Caitlyn Dlouhy Books,Hardcover,250,2025,2025,,2025/10/27,to-read,to-read (#1326),to-read,,,,0,0
208457093,"Fall with Me (Playing for Keeps, #4)",Becka Mack,"Mack, Becka",,"=""""","=""""",0,,Kindle Edition,510,2024,2024,,2025/10/25,to-read,to-read (#1325),to-read,,,,0,0
157020041,The Poisons We Drink,Bethany Baptiste,"Baptiste, Bethany",,"=""1728251958""","=""9781728251950""",0,Sourcebooks Fire,Hardcover,467,2024,2024,,2025/10/25,to-read,to-read (#1324),to-read,,,,0,0
145624962,So Let Them Burn (Divine Traitors #1),Kamilah Cole,"Cole, Kamilah",,"=""0316534633""","=""9780316534635""",0,"Little, Brown Books for Young Readers",Hardcover,400,2024,2024,,2025/10/25,to-read,to-read (#1323),to-read,,,,0,0
75673879,"The Prisoner’s Throne (The Stolen Heir Duology, #2)",Holly Black,"Black, Holly",,"=""0316592714""","=""9780316592710""",0,"Little, Brown Books for Young Readers",Hardcover,356,2024,2024,,2025/10/25,to-read,to-read (#1322),to-read,,,,0,0
195430860,"Fate of the Sun King (Artefacts of Ouranos, #3)",Nisha J. Tuli,"Tuli, Nisha J.",,"=""1538767678""","=""9781538767672""",0,Forever,Paperback,538,2024,2024,,2025/10/25,to-read,to-read (#1321),to-read,,,,0,0
216595852,"Blood of Hercules (Villains of Lore, #1)",Jasmine Mas,"Mas, Jasmine",,"=""""","=""9798990413733""",0,HarperVoyager,Paperback,496,2024,2024,,2025/10/25,to-read,to-read (#1320),to-read,,,,0,0
195791703,"Born of Blood and Ash (Flesh and Fire, #4)",Jennifer L. Armentrout,"Armentrout, Jennifer L.",,"=""195756878X""","=""9781957568782""",0,Blue Box Press,Hardcover,723,2024,2024,,2025/10/25,to-read,to-read (#1319),to-read,,,,0,0
112975207,"A Touch of Chaos (Hades x Persephone Saga, #4)",Scarlett St.  Clair,"Clair, Scarlett St.",,"=""1728259762""","=""9781728259765""",0,Bloom Books,Hardcover,575,2024,2024,,2025/10/25,to-read,to-read (#1318),to-read,,,,0,0
210714656,"When the Moon Hatched (Moonfall, #1)",Sarah A. Parker,"Parker, Sarah A.",,"=""0008710228""","=""9780008710224""",0,HarperCollins,Hardcover,576,2024,2024,,2025/10/25,to-read,to-read (#1317),to-read,,,,0,0
227828322,"Uncommon Favor: Basketball, North Philly, My Mother, and the Life Lessons I Learned from All Three",Dawn Staley,"Staley, Dawn",,"=""1668023369""","=""9781668023365""",0,Atria/Black Privilege Publishing,Hardcover,256,2025,,,2025/10/25,to-read,to-read (#1316),to-read,,,,0,0
240583620,Beautiful Nightmare,Katee Robert,"Robert, Katee",,"=""1662534736""","=""9781662534737""",0,Amazon Original Stories,Kindle Edition,52,2025,2025,,2025/10/25,to-read,to-read (#1315),to-read,,,,0,0
74894304,The Woman in Me,Britney Spears,"Spears, Britney",,"=""""","=""""",0,Gallery Books,Kindle Edition,287,2023,2023,,2025/10/25,to-read,to-read (#1314),to-read,,,,0,0
228646213,"Return of the Spider (Alex Cross, #34)",James  Patterson,"Patterson, James",,"=""0316569569""","=""9780316569569""",0,"Little, Brown and Company",Hardcover,416,2025,2025,,2025/10/25,to-read,to-read (#1313),to-read,,,,0,0
241019273,Kassir and Rebel (D-Ville Projects Book 2),Charity Shane',"Shane', Charity",,"=""""","=""""",0,KMP,Kindle Edition,136,2025,,,2025/10/25,to-read,to-read (#1312),to-read,,,,0,0
243112997,The Soft Fall,Egypt Cynaé,"Cynaé, Egypt",,"=""""","=""""",0,B. Love Publications,Kindle Edition,139,2025,,,2025/10/24,to-read,to-read (#1311),to-read,,,,0,0
84135,"Sins of the Night (Dark-Hunter, #7)",Sherrilyn Kenyon,"Kenyon, Sherrilyn",,"=""0312934327""","=""9780312934323""",0,St. Martin's Press,Mass Market Paperback,331,2005,2005,,2025/10/24,to-read,to-read (#1310),to-read,,,,0,0
84154,"Seize the Night (Dark-Hunter, #6)",Sherrilyn Kenyon,"Kenyon, Sherrilyn",,"=""0739448471""","=""9780739448472""",0,St. Martin's Press,Hardcover,289,2005,2004,,2025/10/24,to-read,to-read (#1309),to-read,,,,0,0
84151,"Night Play (Dark-Hunter, #5; Were-Hunter, #1)",Sherrilyn Kenyon,"Kenyon, Sherrilyn",,"=""0312992424""","=""9780312992422""",0,St. Martin's Press,Mass Market Paperback,362,2004,2004,,2025/10/24,to-read,to-read (#1308),to-read,,,,0,0
6875246,"A Dark-Hunter Christmas (Dark-Hunter #2.5; Were-Hunters, #0.6)",Sherrilyn Kenyon,"Kenyon, Sherrilyn",,"=""""","=""""",0,Sherrilyn Kenyon,ebook,25,2002,2002,,2025/10/24,to-read,to-read (#1308),to-read,,,,0,0
197306586,"Collide (Off the Ice, #1)",Bal Khabra,"Khabra, Bal",,"=""""","=""""",2.0,,Kindle Edition,395,2023,2023,2025/10/24,2024/05/06,,,read,,,,1,0
60568471,"Before I Let Go (Skyland, #1)",Kennedy Ryan,"Ryan, Kennedy",,"=""1538706792""","=""9781538706794""",5.0,Forever,Paperback,391,2022,2022,2025/10/23,2024/12/15,5-star-reads,5-star-reads (#20),read,,,,1,0
34974310,The Last Black Unicorn,Tiffany Haddish,"Haddish, Tiffany",,"=""1501181823""","=""9781501181825""",0,Gallery Books,Hardcover,288,2017,2017,,2025/10/21,to-read,to-read (#1307),to-read,,,,0,0
29589074,"Truly, Devious (Truly Devious, #1)",Maureen Johnson,"Johnson, Maureen",,"=""""","=""""",0,HarperCollins,Hardcover,416,2018,2018,,2025/10/20,to-read,to-read (#1306),to-read,,,,0,0
51559209,Nothing More to Tell,Karen M. McManus,"McManus, Karen M.",,"=""0593175905""","=""9780593175903""",0,Delacorte Press,Hardcover,358,2022,2022,,2025/10/20,to-read,to-read (#1305),to-read,,,,0,0
58739572,Wash Day Diaries,Jamila Rowser,"Rowser, Jamila","Robyn Smith, Bex Glendining, Kazimir Lee","=""1797205455""","=""9781797205458""",0,Chronicle Books,Paperback,192,2022,2022,,2025/10/19,to-read,to-read (#1304),to-read,,,,0,0
220481347,"Burning Daylight (Defying the Stars, #1)",Emily McIntire,"McIntire, Emily",,"=""1464221723""","=""9781464221729""",0,Bloom Books,Paperback,526,2025,2025,,2025/10/18,to-read,to-read (#1303),to-read,,,,0,0
221733727,The Tenant,Freida McFadden,"McFadden, Freida",,"=""1464238812""","=""9781464238819""",3.0,Poisoned Pen Press,Hardcover,368,2025,2025,2025/10/17,2025/03/29,,,read,,,,1,0
228065363,The Fix,Mia Sheridan,"Sheridan, Mia",,"=""1662529643""","=""9781662529641""",0,Montlake,Kindle Edition,377,2025,2025,,2025/10/15,"to-read, tbb-buddy-reads","to-read (#1302), tbb-buddy-reads (#30)",to-read,,,,0,0
198666978,"Falling for Gage (Pelion Lake, #3)",Mia Sheridan,"Sheridan, Mia",,"=""172829911X""","=""9781728299112""",0,Bloom Books,Paperback,384,2024,2024,,2025/10/15,to-read,to-read (#1301),to-read,,,,0,0
242402034,Glock: A Hood Love Story,Jenica J.,"J., Jenica",,"=""""","=""""",0,,Kindle Edition,243,2025,,,2025/10/14,to-read,to-read (#1300),to-read,,,,0,0
242287881,Invisible Bars,Alecia J,"J, Alecia",,"=""""","=""""",0,,Kindle Edition,806,2025,,,2025/10/14,to-read,to-read (#1299),to-read,,,,0,0
236300487,Bound By A Thug's Obsession,Tynessa,"Tynessa, Tynessa",,"=""""","=""""",0,,Kindle Edition,191,2025,,,2025/10/14,to-read,to-read (#1298),to-read,,,,0,0
215805832,"Dear Manny (Dear Martin, #3)",Nic Stone,"Stone, Nic",,"=""0593308018""","=""9780593308011""",3.0,Crown Books for Young Readers,Hardcover,224,2025,2025,2025/10/14,2025/04/06,,,read,,,,1,0
242699054,Heightened Assurance,Kennedy B.,"B., Kennedy",,"=""""","=""""",0,KMP,Kindle Edition,219,2025,,,2025/10/14,to-read,to-read (#1297),to-read,,,,0,0
220908957,The Leaving Room,Amber McBride,"McBride, Amber",,"=""1250908086""","=""9781250908087""",0,Feiwel & Friends,Hardcover,224,2025,2025,,2025/10/14,to-read,to-read (#1296),to-read,,,,0,0
224050883,"Savage Revenge (Savage Sins, #1)",Kate     Oliver,"Oliver, Kate",,"=""""","=""""",0,,Kindle Edition,396,2025,2025,,2025/10/14,to-read,to-read (#1295),to-read,,,,0,0
75302266,"A Study in Drowning (A Study in Drowning, #1)",Ava Reid,"Reid, Ava",,"=""0063211505""","=""9780063211506""",0,HarperTeen,Hardcover,378,2023,2023,,2025/10/14,to-read,to-read (#1294),to-read,,,,0,0
228820602,A Touch of Fate,Cora Reilly,"Reilly, Cora",,"=""""","=""""",0,,ebook,,2025,2025,,2025/10/14,to-read,to-read (#1293),to-read,,,,0,0
222284050,"Witch of the Wolves (Witch of the Wolves, #1)",Kaylee Archer,"Archer, Kaylee",,"=""1250393078""","=""9781250393074""",0,St. Martin's Press,Paperback,352,2025,2025,,2025/10/14,to-read,to-read (#1292),to-read,,,,0,0
215094060,Treacherous Twins: Justice,Natisha Raynor,"Raynor, Natisha",,"=""""","=""""",0,,Kindle Edition,240,2024,,,2025/10/14,to-read,to-read (#1291),to-read,,,,0,0
241270569,Royce: Forever An Atkins (Atkins Family Saga #1),Connie Easton,"Easton, Connie",,"=""""","=""""",0,,Kindle Edition,283,2025,2025,,2025/10/14,to-read,to-read (#1290),to-read,,,,0,0
215945978,Mama: An Urban Novel,K. Nicole,"Nicole, K.",,"=""""","=""""",0,,Kindle Edition,194,2024,,,2025/10/14,to-read,to-read (#1289),to-read,,,,0,0
228392341,All the Smoke,T'Lyn,"T'Lyn, T'Lyn","Myles Washington, Lauryn Nichols","=""""","=""""",0,Podium Audio,Audible Audio,,2025,,,2025/10/14,to-read,to-read (#1288),to-read,,,,0,0
214206897,Secure in the Arms of a Thug 2,Tatum James,"James, Tatum",,"=""""","=""""",0,B. Love Publications,Kindle Edition,206,2024,,,2025/10/14,to-read,to-read (#1287),to-read,,,,0,0
237061833,This is a Safe Space,Lucinda Berry,"Berry, Lucinda",,"=""""","=""""",0,Simon & Schuster Audio Originals,Audible Audio,,2025,,,2025/10/14,to-read,to-read (#1286),to-read,,,,0,0
235851352,The Christmas Ring,Karen Kingsbury,"Kingsbury, Karen",,"=""1400354765""","=""9781400354764""",0,Thomas Nelson,Hardcover,208,2025,,,2025/10/14,to-read,to-read (#1285),to-read,,,,0,0
235315414,Unveil (Frayed Satin #1),Greer Rivers,"Rivers, Greer",,"=""""","=""9798998894503""",0,"Blue Ghost Publishing, LLC",Paperback,392,2025,,,2025/10/14,to-read,to-read (#1284),to-read,,,,0,0
230889827,"The Ascended (Aesymarean Duet, #1)",Bree Grenwich,"Grenwich, Bree",Parker Lennox,"=""""","=""9798991112871""",0,Onyx Publishing,Hardcover,754,2025,2025,,2025/10/14,to-read,to-read (#1283),to-read,,,,0,0
222377093,"The Damned (Coven of Bones, #3)",Harper L. Woods,"Woods, Harper L.",,"=""1250365236""","=""9781250365231""",0,Bramble Books,Hardcover,323,2025,2025,,2025/10/14,to-read,to-read (#1282),to-read,,,,0,0
222376762,Never Over,Clare Gilmore,"Gilmore, Clare",,"=""1250383099""","=""9781250383099""",0,St. Martin's Griffin,Paperback,340,2025,2025,,2025/10/14,to-read,to-read (#1281),to-read,,,,0,0
224082605,Some Kind of Famous,Ava  Wilder,"Wilder, Ava",,"=""""","=""""",0,Dell,Paperback,432,2025,2025,,2025/10/14,to-read,to-read (#1280),to-read,,,,0,0
223296202,"Never Ever After (Never Ever After, #1)",Sue Lynn Tan,"Tan, Sue Lynn",,"=""0316576204""","=""9780316576208""",0,"Little, Brown Books for Young Readers",Hardcover,368,2025,2025,,2025/10/14,to-read,to-read (#1279),to-read,,,,0,0
224004815,Boom Town,Nic Stone,"Stone, Nic",,"=""1668056275""","=""9781668056271""",0,Simon & Schuster,Hardcover,288,2025,2025,,2025/10/14,to-read,to-read (#1278),to-read,,,,0,0
223641012,"Revolve (Off the Ice, #3)",Bal Khabra,"Khabra, Bal",,"=""059381830X""","=""9780593818305""",0,Berkley,Paperback,416,2025,2025,,2025/10/14,to-read,to-read (#1277),to-read,,,,0,0
214183001,"The Wrath of the Fallen (Gods & Monsters, #4)",Amber V. Nicole,"Nicole, Amber V.",,"=""1035414600""","=""9781035414604""",0,Headline Eternal,Kindle Edition,673,2025,2025,,2025/10/14,to-read,to-read (#1276),to-read,,,,0,0
228691222,Remain,Nicholas Sparks,"Sparks, Nicholas",M. Night Shyamalan,"=""""","=""9798217154043""",0,Random House,Hardcover,335,2025,2025,,2025/10/14,to-read,to-read (#1275),to-read,,,,0,0
222706197,"Alchemy of Secrets (Alchemy of Secrets, #1)",Stephanie Garber,"Garber, Stephanie",,"=""125078915X""","=""9781250789150""",0,Flatiron Books,Hardcover,324,2025,2025,,2025/10/14,to-read,to-read (#1274),to-read,,,,0,0
127441416,The Diary of a Young Girl,Anne Frank,"Frank, Anne",,"=""""","=""""",0,Bantam Books,Mass Market Paperback,256,1994,1947,,2025/10/14,to-read,to-read (#1273),to-read,,,,0,0
238630305,Forbidden Kisses From A Menace (Forbidden Kisses From A Menace Series Book 1),T. Michelle,"Michelle, T.",,"=""""","=""""",0,,Kindle Edition,163,2025,,,2025/10/14,to-read,to-read (#1272),to-read,,,,0,0
239685251,Forbidden Kisses From A Menace 2 (Forbidden Kisses From A Menace Series),T. Michelle,"Michelle, T.",,"=""""","=""""",0,,Kindle Edition,162,2025,,,2025/10/14,to-read,to-read (#1271),to-read,,,,0,0
241276029,Forbidden Kisses From A Menace 3 (Forbidden Kisses From A Menace Series),T. Michelle,"Michelle, T.",,"=""""","=""""",0,,Kindle Edition,159,2025,,,2025/10/14,to-read,to-read (#1270),to-read,,,,0,0
58367727,Dead Girls Can't Tell Secrets,Chelsea Ichaso,"Ichaso, Chelsea",,"=""172825597X""","=""9781728255972""",0,Sourcebooks Fire,Paperback,336,2022,2022,,2025/10/14,to-read,to-read (#1269),to-read,,,,0,0
231233749,"Down Cemetery Road (The Oxford Investigations, #1)",Mick Herron,"Herron, Mick",Emma Thompson,"=""1641298030""","=""9781641298032""",0,Soho Crime,Paperback,384,2025,2003,,2025/10/14,to-read,to-read (#1268),to-read,,,,0,0
241634675,The Girl Who Trusted Ghosts (The Unbelievables),K.C. Tansley,"Tansley, K.C.",,"=""194302412X""","=""9781943024124""",0,Beckett Publishing Group LLC,Paperback,340,2025,,,2025/10/14,to-read,to-read (#1267),to-read,,,,0,0
235303871,Right Before My Eyes,Angela Diane,"Diane, Angela",,"=""""","=""""",0,,Kindle Edition,341,2025,,,2025/10/14,to-read,to-read (#1266),to-read,,,,0,0
238226952,The Book Witch,Meg Shaffer,"Shaffer, Meg",,"=""0593983580""","=""9780593983584""",0,Ballantine Books,Hardcover,301,2026,2026,,2025/10/14,to-read,to-read (#1265),to-read,,,,0,0
232555316,"Krampus Kruk (Dark Christmas Daddies, #1)",Serena Pier,"Pier, Serena",,"=""""","=""""",0,Serena Pier LLC,Kindle Edition,129,2025,2025,,2025/10/14,to-read,to-read (#1264),to-read,,,,0,0
223428403,"The Defender (Gods of the Game, #2)",Ana Huang,"Huang, Ana",,"=""1464223335""","=""9781464223334""",0,Bloom Books,Paperback,464,2025,2025,,2025/10/14,to-read,to-read (#1263),to-read,,,,0,0
241791463,"If You Claim Me (Toronto Terror, #5)",Helena Hunting,"Hunting, Helena",,"=""1998657183""","=""9781998657186""",0,Helena Hunting,Paperback,454,2025,,,2025/10/14,to-read,to-read (#1262),to-read,,,,0,0
219578799,"Bonds of Hercules (Villains of Lore, #2)",Jasmine Mas,"Mas, Jasmine",,"=""1335146989""","=""9781335146984""",0,Canary Street Press,Hardcover,544,2025,2025,,2025/10/14,to-read,to-read (#1261),to-read,,,,0,0
236115792,Big Nobody,Alex Kadis,"Kadis, Alex",,"=""""","=""9798217153794""",0,Random House,Hardcover,320,2026,2026,,2025/10/14,to-read,to-read (#1260),to-read,,,,0,0
227861196,As Long as You're Mine,Nekesa Afia,"Afia, Nekesa",,"=""1662524099""","=""9781662524097""",0,Lake Union Publishing,Kindle Edition,265,2025,,,2025/10/14,to-read,to-read (#1259),to-read,,,,0,0
221725928,"The Last Morning (The Secrets of Chapel Roads, #1)",Camden Baird,"Baird, Camden",,"=""1662530242""","=""9781662530241""",0,Thomas & Mercer,Kindle Edition,286,2025,2025,,2025/10/14,to-read,to-read (#1258),to-read,,,,0,0
229747814,Fixed Asset (Downrange #1),Riley Edwards,"Edwards, Riley",,"=""166253275X""","=""9781662532757""",0,Montlake,Kindle Edition,251,2025,,,2025/10/14,to-read,to-read (#1257),to-read,,,,0,0
232794560,The Exes,Leodora Darlington,"Darlington, Leodora",,"=""""","=""9798217043859""",0,Dutton,Hardcover,384,2026,,,2025/10/14,to-read,to-read (#1256),to-read,,,,0,0
223363619,Only for the Holidays,Abiola Bello,"Bello, Abiola",,"=""1641297549""","=""9781641297547""",0,Soho Teen,Paperback,336,2025,2023,,2025/10/14,to-read,to-read (#1255),to-read,,,,0,0
203938051,"Fallen Gods (Fallen Gods, #1)",Rachel Van Dyken,"Dyken, Rachel Van",,"=""1649374674""","=""9781649374677""",0,Entangled: Red Tower Books,Hardcover,395,2025,2025,,2025/10/14,to-read,to-read (#1254),to-read,,,,0,0
60460704,Lone Women,Victor LaValle,"LaValle, Victor",,"=""052551208X""","=""9780525512080""",0,One World,Hardcover,275,2023,2023,,2025/10/14,to-read,to-read (#1253),to-read,,,,0,0
208428823,American Ghoul,Michelle McGill-Vargas,"McGill-Vargas, Michelle",,"=""""","=""9798212224567""",0,"Blackstone Publishing, Inc.",Hardcover,304,2024,2024,,2025/10/14,to-read,to-read (#1252),to-read,,,,0,0
382450,Fevre Dream,George R.R. Martin,"Martin, George R.R.",,"=""""","=""""",0,Bantam,Paperback,334,2004,1982,,2025/10/14,to-read,to-read (#1251),to-read,,,,0,0
49398072,When No One Is Watching,Alyssa Cole,"Cole, Alyssa",,"=""0062982656""","=""9780062982650""",0,William Morrow Paperbacks,Paperback,352,2020,2020,,2025/10/14,to-read,to-read (#1250),to-read,,,,0,0
60321523,A History of Fear,Luke Dumas,"Dumas, Luke",,"=""1982199024""","=""9781982199029""",0,Atria Books,Hardcover,368,2022,2022,,2025/10/14,to-read,to-read (#1249),to-read,,,,0,0
214195323,Nowhere,Allison  Gunn,"Gunn, Allison",,"=""1668046679""","=""9781668046678""",0,Atria Books,Kindle Edition,304,2025,2025,,2025/10/14,to-read,to-read (#1248),to-read,,,,0,0
56029579,Come with Me,Ronald Malfi,"Malfi, Ronald",,"=""178909738X""","=""9781789097382""",0,Titan Books,Kindle Edition,407,2021,2021,,2025/10/14,to-read,to-read (#1247),to-read,,,,0,0
174670078,Just a Girl,Alyssa Cole,"Cole, Alyssa",,"=""1662512023""","=""9781662512025""",0,Amazon Original Stories,Kindle Edition,127,2023,2023,,2025/10/14,to-read,to-read (#1246),to-read,,,,0,0
216075822,I Can Fix Her,Rae  Wilde,"Wilde, Rae",,"=""1960988514""","=""9781960988515""",0,CLASH Books,Paperback,152,2025,2025,,2025/10/14,to-read,to-read (#1245),to-read,,,,0,0
220175439,The Ghosts of Gwendolyn Montgomery,Clarence A. Haynes,"Haynes, Clarence A.",,"=""1538768518""","=""9781538768518""",0,Legacy Lit,Hardcover,240,2025,2025,,2025/10/14,to-read,to-read (#1244),to-read,,,,0,0
61392546,The Murder Weekend,Jilly Gagnon,"Gagnon, Jilly",,"=""1035400383""","=""9781035400386""",0,Headline Accent,Kindle Edition,346,2022,2022,,2025/10/14,to-read,to-read (#1243),to-read,,,,0,0
217980246,"Bound in Blood (Broken Bloodlines, #3)",Sadie Kincaid,"Kincaid, Sadie",,"=""""","=""""",0,Red House Press Ltd,Kindle Edition,414,2025,,,2025/10/14,to-read,to-read (#1242),to-read,,,,0,0
219625342,Legendary Promises 3,Jazz E,"E, Jazz",,"=""""","=""""",0,S.Yvonne Presents,Kindle Edition,280,2024,,,2025/10/14,to-read,to-read (#1241),to-read,,,,0,0
216154728,Legendary Promises 2,Jazz E,"E, Jazz",,"=""""","=""""",0,S.Yvonne Presents,Kindle Edition,188,2024,,,2025/10/14,to-read,to-read (#1240),to-read,,,,0,0
199355293,"A Staten Island Love Story 3: Welcome to Shaolin (A Staten Island Love Story, #3)",Jahquel J.,"J., Jahquel",,"=""""","=""""",0,Urban Chapters Publications,Kindle Edition,292,2023,,,2025/10/14,to-read,to-read (#1239),to-read,,,,0,0
198341016,"A Staten Island Love Story 2: Welcome to Shaolin (A Staten Island Love Story, #2)",Jahquel J.,"J., Jahquel",,"=""""","=""""",0,,Kindle Edition,286,2023,,,2025/10/14,to-read,to-read (#1238),to-read,,,,0,0
40065317,The Invited,Jennifer  McMahon,"McMahon, Jennifer",,"=""0385541384""","=""9780385541381""",0,Doubleday ,Hardcover,353,2019,2019,,2025/10/14,to-read,to-read (#1237),to-read,,,,0,0
63264519,Dead of Winter,Darcy Coates,"Coates, Darcy",,"=""1728270251""","=""9781728270258""",0,Poisoned Pen Press,Paperback,352,2023,2023,,2025/10/14,to-read,to-read (#1236),to-read,,,,0,0
64623481,The September House,Carissa Orlando,"Orlando, Carissa",,"=""0593548612""","=""9780593548615""",0,Berkley,Hardcover,344,2023,2023,,2025/10/14,to-read,to-read (#1235),to-read,,,,0,0
241811865,The Room Next Door,Wendy   Walker,"Walker, Wendy","Julia  Whelan, Elizabeth Evans, Bebe Wood, Full Cast","=""""","=""""",0,Audible Originals,Audible Audio,,2025,,,2025/10/14,to-read,to-read (#1234),to-read,,,,0,0
23309634,Before We Were Strangers,Renee Carlino,"Carlino, Renee",,"=""""","=""""",0,Atria Books,Paperback,310,2015,2015,,2025/10/14,to-read,to-read (#1233),to-read,,,,0,0
52578297,"The Midnight Library (The Midnight World, #1)",Matt Haig,"Haig, Matt",,"=""0525559477""","=""9780525559474""",0,Viking,Hardcover,288,2020,2020,,2025/10/14,to-read,to-read (#1232),to-read,,,,0,0
53137938,The Things We Leave Unfinished,Rebecca Yarros,"Yarros, Rebecca",,"=""1682815668""","=""9781682815663""",0,Entangled: Amara,Paperback,448,2021,2021,,2025/10/14,to-read,to-read (#1231),to-read,,,,0,0
209741142,"Anathema (The Eating Woods, #1)",Keri Lake,"Lake, Keri",,"=""""","=""""",0,,Unknown Binding,690,2024,2024,,2025/10/14,to-read,to-read (#1230),to-read,,,,0,0
215493617,"The Secret Crush Book Club (Peach Blossom, #3)",Karmen Lee,"Lee, Karmen",,"=""1335507221""","=""9781335507228""",0,Afterglow Books by Harlequin,Paperback,288,2025,2025,,2025/10/14,to-read,to-read (#1229),to-read,,,,0,0
123167182,The Lost Bookshop,Evie  Woods,"Woods, Evie",,"=""0008609217""","=""9780008609214""",0,One More Chapter/HarperCollins,Paperback,435,2023,2023,,2025/10/14,to-read,to-read (#1228),to-read,,,,0,0
60305890,The Banned Bookshop of Maggie Banks,Shauna Robinson,"Robinson, Shauna",,"=""172824644X""","=""9781728246444""",0,Sourcebooks Landmark,Paperback,308,2022,2022,,2025/10/14,to-read,to-read (#1227),to-read,,,,0,0
214788773,Legendary Promises,Jazz E,"E, Jazz",,"=""""","=""""",0,S.Yvonne Presents,Kindle Edition,188,2024,,,2025/10/14,to-read,to-read (#1226),to-read,,,,0,0
239390828,The Business of Being Me (I Should Be Smarter By Now),Issa Rae,"Rae, Issa",,"=""1542036925""","=""9781542036924""",0,Amazon Original Stories,Kindle Edition,22,2025,,,2025/10/14,to-read,to-read (#1225),to-read,,,,0,0
240915237,Cross Your Mind: A sweet and spicy celebrity romance with satisfying twists (Little x Trilogy Book 1),Natalie  Morgan,"Morgan, Natalie",,"=""1919179720""","=""9781919179728""",0,London Loves Press,Kindle Edition,330,2025,,,2025/10/14,to-read,to-read (#1224),to-read,,,,0,0
57040863,Monstrous,Jessica   Lewis,"Lewis, Jessica",,"=""0593434811""","=""9780593434819""",4.0,Delacorte Press,Paperback,432,2023,2023,2025/10/13,2025/10/07,,,read,,,,1,0
127306075,Dear Black Girls: How to Be True to You,A'ja Wilson,"Wilson, A'ja",,"=""125029004X""","=""9781250290045""",5.0,Flatiron Books: A Moment of Lift Book,Hardcover,192,2024,2024,2025/10/13,2025/02/04,5-star-reads,5-star-reads (#27),read,,,,1,0
53159888,The Marathon Don't Stop: The Life and Times of Nipsey Hussle,Rob Kenner,"Kenner, Rob",,"=""1797104934""","=""9781797104935""",0,Simon  Schuster Audio,Audiobook,0,2020,2020,,2025/08/27,to-read,to-read (#1223),to-read,,,,1,0
60784432,"Blood Debts (Blood Debts, #1)",Terry J. Benton-Walker,"Benton-Walker, Terry J.",,"=""125082592X""","=""9781250825926""",3.0,Tor Teen,Hardcover,416,2023,2023,2025/10/08,2025/06/17,,,read,,,,1,0
239522451,Juelz: The Rise & The Hustle,Paris Iman,"Iman, Paris",,"=""173545897X""","=""9781735458977""",0,,Kindle Edition,325,2025,,,2025/10/07,to-read,to-read (#1222),to-read,,,,0,0
201242757,You Like It Darker,Stephen  King,"King, Stephen",,"=""1668037718""","=""9781668037713""",0,Scribner,Hardcover,512,2024,2024,,2025/10/06,to-read,to-read (#1221),to-read,,,,0,0
219385951,Gone Before Goodbye,Reese Witherspoon,"Witherspoon, Reese",Harlan Coben,"=""1538774704""","=""9781538774700""",0,Grand Central Publishing,Hardcover,340,2025,2025,,2025/10/06,to-read,to-read (#1220),to-read,,,,0,0
213658857,Mutual Obsession,Charisse Carr,"Carr, Charisse",,"=""""","=""""",4.0,,Kindle Edition,117,2024,,2025/10/06,2025/10/06,,,read,,,,1,0
55521046,softly.,Grey Huffington,"Huffington, Grey",,"=""""","=""""",0,Grey + Company,Kindle Edition,33,2020,,,2025/10/06,to-read,to-read (#1219),to-read,,,,0,0
60177373,Fairy Tale,Stephen  King,"King, Stephen",,"=""1668002175""","=""9781668002179""",4.0,Scribner,Hardcover,607,2022,2022,2025/10/06,2025/02/14,,,read,,,,1,0
42603984,Ace of Spades,Faridah Àbíké-Íyímídé,"Àbíké-Íyímídé, Faridah",,"=""1474967531""","=""9781474967532""",3.0,Usborne ,Paperback,470,2021,2021,2025/10/06,2025/09/28,,,read,"It took a little bit of time for me to truly get into Ace of Spades. The beginning felt slow, but once the ball started rolling with the anonymous ""Aces,"" I was reeled in. The story had a lot of twists and turns... they just kept coming, which made it a compelling thriller. I thought the social commentary was expertly woven into the plot. However, out of all the shocks, there was one twist that completely broke my heart. It was a truly devastating moment that hit me hard and left a lingering feeling. While I appreciate the author's ambitious plot and the powerful themes of institutionalized racism, the slow initial pace and the emotional intensity of that one particular development kept me from giving it a higher rating. Overall, I thought it was a solid, thought-provoking read!",,,1,0
216288560,The Chaos Weaver (Threads of Chaos #1),Aubrey Winters,"Winters, Aubrey",,"=""""","=""""",0,,Kindle Edition,308,2025,2025,,2025/10/01,to-read,to-read (#1218),to-read,,,,1,0
220506269,The Secret Library of Hanna Reeves,Christine Nolfi,"Nolfi, Christine",,"=""1662514085""","=""9781662514081""",0,Lake Union Publishing,Paperback,303,2025,2025,,2025/10/02,to-read,to-read (#1217),to-read,,,,0,0
57873333,Savvy Sheldon Feels Good as Hell,Taj McCoy,"McCoy, Taj",,"=""0778311848""","=""9780778311843""",0,MIRA,Paperback,320,2022,2022,,2025/10/01,to-read,to-read (#1216),to-read,,,,0,0
215567441,Lovin' A Duval County Felon,Tacarra,"Tacarra, Tacarra",,"=""""","=""""",4.0,Urban Dynasty Publications,Kindle Edition,187,2024,,2025/10/01,2025/09/25,,,read,,,,1,0
219539889,Room for Rent,Noelle W. Ihli,"Ihli, Noelle W.",,"=""""","=""""",2.0,Dynamite Books,Kindle Edition,342,2024,2023,2025/09/30,2025/02/12,,,read,,,,1,0
56898303,We Are Not Like Them,Christine Pride,"Pride, Christine",Jo Piazza,"=""1982181036""","=""9781982181031""",2.0,Atria Books,Hardcover,336,2021,2021,2025/09/25,2025/09/09,,,read,,,,1,0
213698991,Courtesy Of Duval County (Duval County Felon Book 1),Tacarra,"Tacarra, Tacarra",,"=""""","=""""",4.0,Urban Dynasty Publications,Kindle Edition,114,2024,,2025/09/25,2025/09/24,,,read,,,,1,0
62057697,"Twisted Love (Twisted, #1)",Ana Huang,"Huang, Ana",,"=""1728274869""","=""9781728274867""",3.0,Bloom Books,Paperback,343,2022,2021,2025/09/24,2022/12/08,,,read,,,,1,0
61350167,whose love story is it anyway?,Grey Huffington,"Huffington, Grey",,"=""""","=""""",0,Grey + Company,Kindle Edition,96,2022,,,2025/09/24,to-read,to-read (#1215),to-read,,,,0,0
222866562,"Bad for Business (Pembroke Hills, #2)",Kat Singleton,"Singleton, Kat",,"=""""","=""""",0,,Kindle Edition,333,2025,2025,,2025/09/24,to-read,to-read (#1214),to-read,,,,0,0
237745038,Ready for a Storm (Storm Series #1),Josephine Jordin,"Jordin, Josephine",,"=""""","=""9798218708696""",0,Smoldering Rose Publications,Paperback,419,2025,,,2025/09/15,to-read,to-read (#1212),to-read,,,,0,0
234501861,Estate: To my once darling child,J. Andrew Shelley,"Shelley, J. Andrew",,"=""1735497428""","=""9781735497426""",0,TENZL,Kindle Edition,256,2025,2025,,2025/09/15,to-read,to-read (#1211),to-read,,,,0,0
234198140,Hope In the Nick of Time,Deedee Cummings,"Cummings, Deedee",,"=""1951218558""","=""9781951218553""",0,"Make A Way Media, LLC",Paperback,40,2025,,,2025/09/15,to-read,to-read (#1210),to-read,,,,0,0
224004260,"Sister Wife: A Memoir of Faith, Family, and Finding Freedom",Christine Brown Woolley,"Woolley, Christine Brown",,"=""1668078260""","=""9781668078266""",0,Gallery Books,Hardcover,320,2025,,,2025/09/15,to-read,to-read (#1209),to-read,,,,0,0
85054787,"A Tangled Web (Dangerous Secrets, #1)",Rose Francis,"Francis, Rose",,"=""""","=""""",0,Poison Arrow Publishing,Kindle Edition,,2021,2013,,2025/09/15,to-read,to-read (#1208),to-read,,,,0,0
194240383,You Know How Sticky It Gets,Aisha Bushra,"Bushra, Aisha",,"=""""","=""""",0,Aisha Bushra,Kindle Edition,154,2023,,,2025/09/15,to-read,to-read (#1207),to-read,,,,0,0
221049740,Where the Darkness Goes,Kiersten Modglin,"Modglin, Kiersten",,"=""""","=""""",0,Kiersten Modglin,Kindle Edition,362,2024,2024,,2025/09/15,to-read,to-read (#1206),to-read,,,,0,0
58875679,"Pretty Girls Make Graves (Dark Academia, #1)",Steffanie Holmes,"Holmes, Steffanie",,"=""1991150490""","=""9781991150493""",0,Bacchanalia House ,Kindle Edition,370,2021,2021,,2025/09/15,to-read,to-read (#1205),to-read,,,,0,0
200756213,Sweet Revenge (Blackmore University #3),Cora Kent,"Kent, Cora",,"=""""","=""""",0,,Kindle Edition,308,2023,,,2025/09/15,to-read,to-read (#1204),to-read,,,,0,0
220385111,Forever After Never (Pine Harbour #1),L.J. Florence,"Florence, L.J.",,"=""""","=""""",0,L.J. Florence,Kindle Edition,299,2024,,,2025/09/15,to-read,to-read (#1203),to-read,,,,0,0
224078169,Sweet Sinners,N.D. Roldan,"Roldan, N.D.",,"=""""","=""""",0,D&D Literary Press,Kindle Edition,371,2025,2025,,2025/09/15,to-read,to-read (#1202),to-read,,,,0,0
221002402,"The First Family (Drew Collins, #2)",Granger,"Granger, Granger",,"=""""","=""""",0,,Kindle Edition,680,2024,2024,,2025/09/15,to-read,to-read (#1201),to-read,,,,0,0
228039828,"When a Wolf Loves the Moon (Drew Collins, #3)",Granger,"Granger, Granger",,"=""""","=""""",0,,Kindle Edition,487,2025,,,2025/09/15,to-read,to-read (#1200),to-read,,,,0,0
62611306,"The Love Script (Love in the Spotlight, #1)",Toni Shiloh,"Shiloh, Toni",,"=""0764241508""","=""9781493442164""",0,Bethany House Publishers,Kindle Edition,384,2023,2023,,2025/09/15,to-read,to-read (#1199),to-read,,,,0,0
59365213,"Blood Like Fate (Blood Like Magic, #2)",Liselle Sambury,"Sambury, Liselle",,"=""1534465316""","=""9781534465312""",0,Margaret K. McElderry Books,Hardcover,480,2022,2022,,2025/09/15,to-read,to-read (#1198),to-read,,,,0,0
214619719,"Love Arranged (Lakefront Billionaires, #3)",Lauren Asher,"Asher, Lauren",,"=""1964990009""","=""9781964990002""",3.0,,Kindle Edition,562,2025,2025,2025/09/13,2024/10/23,,,read,,,,1,0
216968938,Blood in the Water,Tiffany D. Jackson,"Jackson, Tiffany D.",,"=""1338849913""","=""9781338849912""",3.0,Scholastic Press,Hardcover,255,2025,2025,2025/09/07,2025/08/10,,,read,,,,1,0
45892228,"Crave (Crave, #1)",Tracy Wolff,"Wolff, Tracy",,"=""1640638954""","=""9781640638952""",4.0,Entangled: Teen,Hardcover,575,2020,2020,2025/09/05,2025/02/12,,,read,,,,1,0
241067167,The Nanny and The Don,Tatum James,"James, Tatum",,"=""""","=""""",0,B. Love Publications,Kindle Edition,204,2025,,,2025/09/05,to-read,to-read (#1196),to-read,,,,0,0
232353332,O and Em : A BBW Hood Billionaire Romance (The Virgin BBW Surrogate Book 5),Tiece,"Tiece, Tiece",,"=""""","=""""",0,TIECE PRESENTS,Kindle Edition,284,2025,,,2025/08/28,to-read,to-read (#1195),to-read,,,,1,0
239716881,Sua (The Break Up Book 2),Breona Jai,"Jai, Breona",,"=""""","=""""",2.0,Eight Year Publishing LLC,Kindle Edition,110,2025,,2025/08/30,2025/08/30,,,read,,,,1,0
240906598,Suleem and Yahzi (D-Ville Projects #1),K.C. Mills,"Mills, K.C.",,"=""1963451465""","=""9781963451467""",0,,Kindle Edition,167,2025,,,2025/08/30,to-read,to-read (#1194),to-read,,,,0,0
220921867,"The Housemaid's Wedding (The Housemaid, #2.5)",Freida McFadden,"McFadden, Freida",,"=""""","=""""",2.0,Hollywood Upstairs Press,Kindle Edition,76,2024,2024,2025/08/30,2024/11/22,,,read,,,,1,0
59816818,The Weight of Blood,Tiffany D. Jackson,"Jackson, Tiffany D.",,"=""0063029146""","=""9780063029149""",2.0,Quill Tree Books,Hardcover,416,2022,2022,2025/08/29,2025/06/17,,,read,,,,1,0
61039834,"Make Me Lose (Bayshore, #1)",Ember Leigh,"Leigh, Ember",,"=""""","=""""",0,,ebook,264,2022,2019,,2025/08/29,to-read,to-read (#1193),to-read,,,,0,0
238373502,"Sweet Deception (Irish Kings, #4)",Renee Parker,"Parker, Renee",,"=""""","=""""",0,RoseHarbor Publishing,Kindle Edition,288,2025,,,2025/08/28,to-read,to-read (#1192),to-read,,,,0,0
205837684,The Last Party,A.R. Torre,"Torre, A.R.",,"=""1662519583""","=""9781662519581""",0,Thomas & Mercer,Kindle Edition,349,2024,2024,,2025/08/28,to-read,to-read (#1191),to-read,,,,0,0
221132704,"The Secret Investigator of Astor Street (Piper Sail Mysteries, #2)",Stephanie Morrill,"Morrill, Stephanie",,"=""031017581X""","=""9780310175810""",0,Blink,Hardcover,384,2025,,,2025/08/28,to-read,to-read (#1190),to-read,,,,0,0
221132520,"The Lost Girl of Astor Street (Piper Sail Mystery, #1)",Stephanie Morrill,"Morrill, Stephanie",,"=""0310175801""","=""9780310175803""",0,Blink,Paperback,352,2025,2017,,2025/08/28,to-read,to-read (#1189),to-read,,,,0,0
228318540,Sir: A Father's Day Novella,Unique,"Unique, Unique",,"=""""","=""""",0,,Kindle Edition,,2025,,,2025/08/27,to-read,to-read (#1188),to-read,,,,0,0
44654627,"One of Us Is Next (One of Us Is Lying, #2)",Karen M. McManus,"McManus, Karen M.",,"=""0525707964""","=""9780525707967""",0,Delacorte Press for Young Readers,Hardcover,377,2020,2020,,2025/08/27,to-read,to-read (#1187),to-read,,,,0,0
228635372,Luvin' An Atlanta Boss (The Stockley Family Book 8),Unique,"Unique, Unique",,"=""""","=""""",0,,Kindle Edition,164,2025,,,2025/08/25,to-read,to-read (#1186),to-read,,,,0,0
228635362,Luvin' An Atlanta Boss 2 (The Stockley Family Book 9),Unique,"Unique, Unique",,"=""""","=""""",0,,Kindle Edition,182,2025,,,2025/08/25,to-read,to-read (#1185),to-read,,,,0,0
60898324,Found Love In The Trenches With A Thug: A Standalone Hood Romance Novel,Chan,"Chan, Chan",,"=""""","=""""",0,Tiece Presents LLC,Kindle Edition,226,2022,,,2025/08/25,to-read,to-read (#1184),to-read,,,,0,0
61264910,Illusions of Fire,Nisha Sharma,"Sharma, Nisha",,"=""1454947772""","=""9781454947776""",0,Union Square & Co,Hardcover,368,2025,2025,,2025/08/24,to-read,to-read (#1183),to-read,,,,0,0
59608834,Your Purpose Is Calling: Your Difference Is Your Destiny,Dharius Daniels,"Daniels, Dharius",,"=""0310364795""","=""9780310364795""",5.0,Zondervan,Hardcover,240,2022,,2025/08/22,2024/04/08,,,read,,,,1,0
216247526,Happy Land,Dolen Perkins-Valdez,"Perkins-Valdez, Dolen",,"=""0593337727""","=""9780593337721""",0,Berkley,Hardcover,368,2025,2025,,2025/08/21,to-read,to-read (#1182),to-read,,,,0,0
56304423,White Smoke,Tiffany D. Jackson,"Jackson, Tiffany D.",,"=""006302909X""","=""9780063029095""",3.0,Quill Tree Books,Hardcover,373,2021,2021,2025/08/21,2025/08/19,,,read,,,,1,0
55926761,Blackout,Dhonielle Clayton,"Clayton, Dhonielle","Tiffany D. Jackson, Nic Stone, Angie Thomas, Ashley Woodfolk, Nicola Yoon","=""0063088096""","=""9780063088092""",0,Quill Tree Books,Hardcover,256,2021,2021,,2025/08/21,to-read,to-read (#1181),to-read,,,,0,0
59070309,The Black Queen,Jumata Emill,"Emill, Jumata",,"=""0593568567""","=""9780593568569""",0,Writers House,Kindle Edition,400,2023,2023,,2025/08/21,to-read,to-read (#1180),to-read,,,,0,0
75283912,"I Feed Her to the Beast and the Beast Is Me (I Feed Her to the Beast, #1)",Jamison Shea,"Shea, Jamison",,"=""1250909562""","=""9781250909565""",0,Henry Holt and Co. (BYR),Kindle Edition,339,2023,2023,,2025/08/21,to-read,to-read (#1178),to-read,,,,0,0
29640815,Allegedly,Tiffany D. Jackson,"Jackson, Tiffany D.",,"=""0062422669""","=""9780062422668""",5.0,Katherine Tegan Books,Kindle Edition,400,2017,2017,2025/08/19,2025/08/13,5-star-reads,5-star-reads (#5),read,,,,1,0
199269583,"The Spellshop (Spellshop, #1)",Sarah Beth Durst,"Durst, Sarah Beth",,"=""1250324610""","=""9781250324610""",0,Bramble,Kindle Edition,384,2024,2024,,2025/06/25,to-read,to-read (#1177),to-read,,,,1,0
231130650,Enticed by Desire,April Cross,"Cross, April",Drake Storm,"=""""","=""""",3.0,,Kindle Edition,187,2025,,2025/08/16,2025/08/10,,,read,,,,1,0
127555313,Too Late,Colleen Hoover,"Hoover, Colleen",,"=""1538756617""","=""9781538756614""",4.0,Grand Central Publishing,Kindle Edition,357,2023,2016,2025/08/12,2024/07/11,,,read,,,,1,0
51184296,Bamboozled by Jesus: How God Tricked Me into the Life of My Dreams,Yvonne Orji,"Orji, Yvonne",,"=""1250247039""","=""9781250247032""",4.0,Flatiron Books,Hardcover,320,2021,2021,2025/08/11,2022/08/20,,,read,,,,1,0
61239911,"Concrete Rose (The Hate U Give, #0)",Angie Thomas,"Thomas, Angie",,"=""""","=""""",5.0,Balzer + Bray,Kindle Edition,362,2021,2021,2025/08/10,2021/04/13,,,read,,,,1,0
220239073,The Game Is Afoot (Mavis Miller #2),Elise Bryant,"Bryant, Elise",,"=""0593640802""","=""9780593640807""",0,Berkley,Paperback,368,2025,2025,,2025/08/10,to-read,to-read (#1176),to-read,,,,0,0
221206053,"The Red Letter (The Orphanage by the Lake, #2)",Daniel G.  Miller,"Miller, Daniel G.",,"=""1464246394""","=""9781464246395""",0,Poisoned Pen Press,Paperback,352,2025,2025,,2025/08/10,to-read,to-read (#1175),to-read,,,,0,0
220999068,We Won't All Survive,Kate Alice Marshall,"Marshall, Kate Alice",,"=""0593691830""","=""9780593691830""",0,Viking Books for Young Readers,Paperback,330,2025,2025,,2025/08/10,to-read,to-read (#1174),to-read,,,,0,0
220160921,You Belong Here,Megan Miranda,"Miranda, Megan",,"=""1668080974""","=""9781668080979""",0,Marysue Rucci Books,Hardcover,341,2025,2025,,2025/08/10,to-read,to-read (#1173),to-read,,,,0,0
53288434,The Lost Apothecary,Sarah Penner,"Penner, Sarah",,"=""0778311015""","=""9780778311010""",0,Park Row,Hardcover,301,2021,2021,,2025/08/10,to-read,to-read (#1172),to-read,,,,0,0
219850879,History Lessons (A Daphne Ouverture Mystery),Zoe B. Wallbrook,"Wallbrook, Zoe B.",,"=""164129552X""","=""9781641295529""",0,Soho Crime,Hardcover,384,2025,2025,,2025/08/10,to-read,to-read (#1171),to-read,,,,0,0
215805849,No Ordinary Love,Myah Ariel,"Ariel, Myah",,"=""0593640616""","=""9780593640616""",0,Berkley,Paperback,320,2025,2025,,2025/08/10,to-read,to-read (#1170),to-read,,,,0,0
54698575,"Make a Scene (Lovestruck, #1)",Mimi   Grace,"Grace, Mimi",,"=""1999108256""","=""9781999108250""",0,,Kindle Edition,230,2020,2020,,2025/08/10,to-read,to-read (#1169),to-read,,,,0,0
150310166,"When You Are Mine (The Bennett Series, 1)",Kennedy Ryan,"Ryan, Kennedy",,"=""1538766906""","=""9781538766903""",0,Forever,Paperback,320,2023,2014,,2025/08/10,to-read,to-read (#1168),to-read,,,,0,0
217030101,Losing Sight,Tati Richardson,"Richardson, Tati",,"=""1955905819""","=""9781955905817""",0,Generous Press,Paperback,320,2025,2025,,2025/08/10,to-read,to-read (#1167),to-read,,,,0,0
55648820,Seven Days in June,Tia Williams,"Williams, Tia",,"=""""","=""""",0,Grand Central Publishing,Hardcover,336,2021,2021,,2025/08/10,to-read,to-read (#1166),to-read,,,,0,0
211454968,"Talk to Me (Switchboard Duet, #1)",Heather Long,"Long, Heather",,"=""""","=""""",0,,Kindle Edition,306,2024,2024,,2025/08/10,to-read,to-read (#1165),to-read,,,,0,0
62900560,"Corpse Roads (Sabre Security, #1)",J.    Rose,"Rose, J.",,"=""1739234308""","=""9781739234300""",0,Amazon Digital Services,Kindle Edition,460,2022,,,2025/08/10,to-read,to-read (#1164),to-read,,,,0,0
62721477,A Worthy Love (Rise & Fall Series Book 4),A.E. Valdez,"Valdez, A.E.",,"=""""","=""""",0,,Kindle Edition,500,2022,,,2025/08/10,to-read,to-read (#1163),to-read,,,,0,0
232847021,Standing In The Sun (The 8th Wonder Book 4),Evelyn Latrice,"Latrice, Evelyn",,"=""""","=""""",0,,Kindle Edition,314,2025,,,2025/08/10,to-read,to-read (#1162),to-read,,,,0,0
50053318,Work Husband: Some Lines Shouldn't Be Crossed,Octavia Grant,"Grant, Octavia",,"=""""","=""""",0,"M-DOC Creations Publications, LLC",Kindle Edition,52,2019,,,2025/08/10,to-read,to-read (#1161),to-read,,,,0,0
197889378,The Expiration Date,Kimberly   Brown,"Brown, Kimberly",,"=""""","=""""",0,,Kindle Edition,230,2023,,,2025/08/10,to-read,to-read (#1160),to-read,,,,0,0
218660746,Zoo Boyz: Street Chaos,Tatiana Timmons,"Timmons, Tatiana",,"=""""","=""""",0,,Kindle Edition,223,2024,,,2025/08/10,to-read,to-read (#1159),to-read,,,,0,0
233870232,Claimed By A Blue Eyed Menace,Thee Tasha Marie,"Marie, Thee Tasha",,"=""""","=""""",0,,Kindle Edition,274,2025,,,2025/08/10,to-read,to-read (#1158),to-read,,,,0,0
235307330,Unexpected Pass,A. Blossom,"Blossom, A.",,"=""""","=""""",0,B. Love Publications,Kindle Edition,246,2025,,,2025/08/10,to-read,to-read (#1157),to-read,,,,0,0
222922000,ZU-TOPIA (Zoo Boyz: Street Chaos Book 5),Tatiana Timmons,"Timmons, Tatiana",,"=""""","=""""",0,,Kindle Edition,175,2024,,,2025/08/10,to-read,to-read (#1156),to-read,,,,0,0
217560554,Red Rose Cupcake (Lunchtime Chronicles),Imani Jay,"Jay, Imani",Lunchtime Chronicles,"=""""","=""""",0,,Kindle Edition,148,2024,,,2025/08/10,to-read,to-read (#1155),to-read,,,,0,0
230854827,When It's Real,Nicole Jackson,"Jackson, Nicole",,"=""""","=""""",0,Nicole Jackson Presents,Kindle Edition,292,2025,,,2025/08/10,to-read,to-read (#1154),to-read,,,,0,0
223636790,Nobody Loves Me Like You Do,Tacarra,"Tacarra, Tacarra",,"=""""","=""""",0,Urban Dynasty Publications,Kindle Edition,303,2025,,,2025/08/10,to-read,to-read (#1153),to-read,,,,0,0
223536671,Never Faking About You,Aubry J.,"J., Aubry",,"=""""","=""""",0,,Kindle Edition,330,2025,,,2025/08/10,to-read,to-read (#1152),to-read,,,,0,0
230408722,Act II: All or Nothing (Act I & II Book 2),Kaylyn .,"., Kaylyn",,"=""""","=""""",0,,Kindle Edition,479,2025,,,2025/08/10,to-read,to-read (#1150),to-read,,,,0,0
214388231,Losin' Control,Ladii Nesha,"Nesha, Ladii",,"=""""","=""""",0,,Kindle Edition,587,2024,,,2025/08/10,to-read,to-read (#1149),to-read,,,,0,0
228923484,Keys To My City: A Milly Grove Introduction (Mills Brothers Series Book 1),Nek Mills,"Mills, Nek",,"=""""","=""""",0,,Kindle Edition,206,2025,,,2025/08/10,to-read,to-read (#1148),to-read,,,,0,0
238746196,Falling Into Gravity (The 8th Wonder Book 5),Evelyn Latrice,"Latrice, Evelyn",,"=""""","=""""",0,,Kindle Edition,408,2025,,,2025/08/10,to-read,to-read (#1147),to-read,,,,0,0
133938981,"Filthy Rich Fae (Filthy Rich Fae, #1)",Geneva Lee,"Lee, Geneva",,"=""1649375778""","=""9781649375773""",0,Entangled: Amara,Paperback,364,2024,2024,,2025/08/10,to-read,to-read (#1146),to-read,,,,0,0
205906579,"The Dawn of the Cursed Queen (Gods & Monsters, #3)",Amber V. Nicole,"Nicole, Amber V.",,"=""1035414570""","=""9781035414574""",0,Headline Eternal,Kindle Edition,689,2024,2024,,2025/08/10,to-read,to-read (#1145),to-read,,,,0,0
219730813,"What Hunts Inside the Shadows (Of Flesh & Bone, #2)",Harper L. Woods,"Woods, Harper L.",,"=""1250401178""","=""9781250401175""",0,Bramble,Kindle Edition,459,2024,2022,,2025/08/10,to-read,to-read (#1144),to-read,,,,0,0
217038069,"Love Arranged (Lakefront Billionaires, #3)",Lauren Asher,"Asher, Lauren",,"=""1728292158""","=""9781728292151""",0,Bloom Books,Paperback,560,2025,2025,,2025/08/10,to-read,to-read (#1143),to-read,,,,0,0
217388100,"The Enchanted Greenhouse (Spellshop, #2)",Sarah Beth Durst,"Durst, Sarah Beth",,"=""1250333989""","=""9781250333988""",0,Bramble,Hardcover,375,2025,2025,,2025/08/10,to-read,to-read (#1142),to-read,,,,0,0
55747432,The Mixtape,Brittainy C. Cherry,"Cherry, Brittainy C.",,"=""1542018358""","=""9781542018357""",0,Montlake,Kindle Edition,333,2021,2021,,2025/08/09,to-read,to-read (#1141),to-read,,,,0,0
231445062,Sundays At The Salon.. (Sunday Crown Sessions Book 1),Netra Antionette,"Antionette, Netra",,"=""""","=""""",0,,Kindle Edition,26,2025,,,2025/08/09,to-read,to-read (#1140),to-read,,,,0,0
219449776,The Neighbor (The Red Series),Tanisha Stewart,"Stewart, Tanisha",Carrie Bledsoe,"=""""","=""""",0,,Kindle Edition,174,2025,,,2025/08/09,to-read,to-read (#1139),to-read,,,,0,0
58763686,"Haunting Adeline (Cat and Mouse, #1)",H.D. Carlton,"Carlton, H.D.",,"=""""","=""""",0,,Kindle Edition,629,2021,2021,,2024/12/22,to-read,to-read (#724),to-read,,,,0,0
50623864,The Invisible Life of Addie LaRue,V.E. Schwab,"Schwab, V.E.",Victoria Schwab,"=""0765387565""","=""9780765387561""",0,Tor Books,Hardcover,448,2020,2020,,2025/02/12,to-read,to-read (#914),to-read,,,,0,0
61681786,"Final Offer (Dreamland Billionaires, #3)",Lauren Asher,"Asher, Lauren",,"=""172827222X""","=""9781728272221""",0,Bloom Books,Paperback,583,2023,2023,,2024/10/23,to-read,to-read (#640),to-read,,,,0,0
53734048,On Us,Nina.,"Nina., Nina.",,"=""""","=""""",0,,Kindle Edition,263,2020,,,2025/05/08,to-read,to-read (#1054),to-read,,,,0,0
38916295,Syx and the City 1 & 2 (Situationships),Grey Huffington,"Huffington, Grey",,"=""1983775746""","=""9781983775741""",3.0,CreateSpace Independent Publishing Platform,Paperback,150,2018,,2025/08/07,2025/08/05,,,read,,,,1,0
236226582,The Escape Game (The Escape Game #1),Marissa Meyer,"Meyer, Marissa",Tamara Moss,"=""""","=""9798217006120""",0,G.P. Putnam's Sons Books for Young Readers,Hardcover,403,2026,2026,,2025/08/06,to-read,to-read (#1138),to-read,,,,0,0
226747071,We Fell Apart,E. Lockhart,"Lockhart, E.",,"=""0593899164""","=""9780593899168""",0,Delacorte Press,Hardcover,320,2025,2025,,2025/08/06,to-read,to-read (#1137),to-read,,,,0,0
221770751,The Last Resort,Erin Entrada Kelly,"Kelly, Erin Entrada",,"=""1546132430""","=""9781546132431""",0,Scholastic Press,Hardcover,240,2025,2025,,2025/08/06,to-read,to-read (#1136),to-read,,,,0,0
219542921,Stay Away from Him,Andrew DeYoung,"DeYoung, Andrew",,"=""172829813X""","=""9781728298139""",0,Poisoned Pen Press,Paperback,323,2025,2025,,2025/08/06,to-read,to-read (#1135),to-read,,,,0,0
238357338,"Maneater (The Mavens, #1)",Morgan  Elizabeth,"Elizabeth, Morgan",,"=""""","=""9798992629521""",0,,Unknown Binding,,2025,,,2025/08/06,to-read,to-read (#1134),to-read,,,,0,0
223112221,Always the Quiet Ones,Jamie Lee Sogn,"Sogn, Jamie Lee",,"=""1662520042""","=""9781662520044""",0,Lake Union Publishing,Kindle Edition,238,2025,,,2025/08/06,to-read,to-read (#1133),to-read,,,,0,0
222516163,"See No Evil (Detective Karen Hart, #11)",D.S. Butler,"Butler, D.S.",,"=""1662512325""","=""9781662512322""",0,Thomas & Mercer,Kindle Edition,394,2025,2025,,2025/08/06,to-read,to-read (#1132),to-read,,,,0,0
224082453,"Come Through Your Door (County Kerry Mystery, #4)",Carlene O'Connor,"O'Connor, Carlene",,"=""1496755324""","=""9781496755322""",0,Kensington,Hardcover,384,2025,2025,,2025/08/06,to-read,to-read (#1131),to-read,,,,0,0
231126973,"Inside Man (Head Cases, #2)",John  McMahon,"McMahon, John",,"=""1250348323""","=""9781250348326""",0,Minotaur Books,Hardcover,390,2026,2026,,2025/08/06,to-read,to-read (#1130),to-read,,,,0,0
222139807,"Kiss Her Goodbye (Frankie Elkin, #4)",Lisa Gardner,"Gardner, Lisa",,"=""1538765101""","=""9781538765104""",0,Grand Central Publishing,Hardcover,416,2025,2025,,2025/08/06,to-read,to-read (#1129),to-read,,,,0,0
199465087,The Cursed (Coven of Bones #2),Harper L. Woods,"Woods, Harper L.",,"=""1250344298""","=""9781250344298""",0,Bramble,Kindle Edition,296,2023,2023,,2025/08/06,to-read,to-read (#1128),to-read,,,,0,0
75396525,"The Coven (Coven of Bones, #1)",Harper L. Woods,"Woods, Harper L.",,"=""""","=""""",0,,Kindle Edition,298,2023,2023,,2025/08/06,to-read,to-read (#1127),to-read,,,,0,0
52516406,She Drives Me Crazy,Kelly Quindlen,"Quindlen, Kelly",,"=""1250209161""","=""9781250209160""",3.0,Roaring Brook Press,ebook,288,2021,2021,2025/08/06,2025/08/03,,,read,,,,1,0
37766057,Syx and the City (Situationships Book 1),Grey Huffington,"Huffington, Grey",,"=""""","=""""",4.0,Huffington House,Kindle Edition,82,2017,,2025/08/05,2025/08/05,,,read,,,,1,0
223165183,So Special: Fanatic Love,Mel Dau,"Dau, Mel",,"=""""","=""""",0,B. Love Publications,Kindle Edition,244,2024,,,2025/08/05,to-read,to-read (#1126),to-read,,,,0,0
223108767,Shadowed Obsession,Evelyn    Leigh,"Leigh, Evelyn",,"=""""","=""""",0,Get Leighed,Kindle Edition,349,2025,,,2025/08/05,to-read,to-read (#1125),to-read,,,,0,0
161094877,Drown In It,T'Lyn,"T'Lyn, T'Lyn",,"=""""","=""""",0,KMP,Kindle Edition,108,2023,,,2025/08/05,to-read,to-read (#1124),to-read,,,,0,0
239042754,Read the Room,Mel Dau,"Dau, Mel",,"=""""","=""""",0,B. Love Publications,Kindle Edition,188,2025,,,2025/08/05,to-read,to-read (#1123),to-read,,,,0,0
235863142,The Only Shot that Mattered,Cyn,"Cyn, Cyn",,"=""""","=""""",0,B. Love Publications,Kindle Edition,185,2025,,,2025/08/05,to-read,to-read (#1122),to-read,,,,0,0
231396679,Open My Heart (Armani Sisters Book 3),T'Lyn,"T'Lyn, T'Lyn",,"=""""","=""""",4.0,,Kindle Edition,268,2025,,2025/08/05,2025/08/03,,,read,,,,1,0
55828863,"Embrace the Darkness (Maura Quinn, #1)",Ashley N. Rostek,"Rostek, Ashley N.",,"=""""","=""""",0,,Kindle Edition,435,2020,2020,,2024/12/21,to-read,to-read (#1121),to-read,,,,1,0
236954950,Carrying A Big Dawg's Legacy: His BBW Surrogate,Bonnie Blanco,"Blanco, Bonnie",,"=""""","=""""",0,,Kindle Edition,167,2025,,,2025/08/03,to-read,to-read (#1120),to-read,,,,1,0
220704465,Khaotic Ties,Tacarra,"Tacarra, Tacarra",,"=""""","=""""",3.0,Urban Dynasty Publications,Kindle Edition,207,2024,,2025/08/02,2025/08/01,,,read,,,,1,0
228261759,ALMOST (Armani Sisters Book 2),T'Lyn,"T'Lyn, T'Lyn",,"=""""","=""""",5.0,,Kindle Edition,250,2025,,2025/08/01,2025/07/30,"soft-girl-comfort, 5-star-reads","soft-girl-comfort (#1), 5-star-reads (#41)",read,,,,1,0
223223180,Won't Keep You Waiting (Armani Sisters Book 1),T'Lyn,"T'Lyn, T'Lyn",,"=""""","=""""",5.0,,Kindle Edition,243,2025,,2025/07/30,2025/07/29,5-star-reads,5-star-reads (#38),read,,,,1,0
210553252,The Curvy Reporter Gets Punished (The Spanking Therapy Clinic),Josie Bale,"Bale, Josie",,"=""""","=""""",2.0,,Kindle Edition,59,2024,,2025/07/29,2025/07/29,,,read,,,,1,0
154488346,The Spy and I (My Spy #1),Tiana Smith,"Smith, Tiana",,"=""0593550307""","=""9780593550304""",0,Berkley,Paperback,352,2024,2024,,2025/07/29,to-read,to-read (#1119),to-read,,,,0,0
199674320,Promise Kept (The Promises Series Book 2),K'wan,"K'wan, K'wan",,"=""1799961419""","=""9781799961413""",3.0,Blackstone Publishing,Kindle Edition,359,2024,,2025/07/29,2025/07/16,,,read,,,,1,0
223504649,When Hearts Remember (The Orchid #5),Victoria Lum,"Lum, Victoria",,"=""""","=""9798990016965""",0,Eternal Hearts Publishing,Kindle Edition,438,2025,,,2025/07/29,to-read,to-read (#1118),to-read,,,,0,0
220637398,"Gloves Off (Vancouver Storm, #4)",Stephanie  Archer,"Archer, Stephanie",,"=""""","=""""",0,,Kindle Edition,464,2025,2025,,2025/07/29,to-read,to-read (#1117),to-read,,,,0,0
217927423,"Ride with Me (Lights Out, #2)",Simone Soltani,"Soltani, Simone",,"=""0593818164""","=""9780593818169""",0,Berkley,Paperback,448,2025,2025,,2025/07/28,to-read,to-read (#1116),to-read,,,,0,0
57359837,Lotus,Jennifer Hartmann,"Hartmann, Jennifer",,"=""""","=""""",0,,Kindle Edition,344,2021,2021,,2025/07/28,to-read,to-read (#1115),to-read,,,,0,0
195967140,The Teacher,Freida McFadden,"McFadden, Freida",,"=""1728296218""","=""9781728296210""",2.0,Poisoned Pen Press,Paperback,379,2024,2024,2025/07/28,2024/02/18,,,read,,,,1,0
203652553,"The Fake Boyfriend Fiasco (The Midnight Heat Collection, #1)",Talia Hibbert,"Hibbert, Talia",,"=""""","=""""",0,Nixon House,Kindle Edition,210,2023,2018,,2025/07/28,to-read,to-read (#1114),to-read,,,,0,0
62562943,You Bet Your Heart,Danielle   Parker,"Parker, Danielle",,"=""0593565274""","=""9780593565278""",0,Joy Revolution,Hardcover,320,2023,2023,,2025/07/28,to-read,to-read (#1113),to-read,,,,0,0
235693371,The Sex Retreat - Magaluf: First Time Accidental Swingers,Lucy Xane,"Xane, Lucy",,"=""""","=""""",2.0,,Kindle Edition,94,2025,,2025/07/26,2025/07/24,,,read,,,,1,0
57963881,"The Roommate Risk (The Midnight Heat Collection, #2)",Talia Hibbert,"Hibbert, Talia",,"=""""","=""""",0,Nixon House,Kindle Edition,352,2021,2018,,2024/10/12,to-read,to-read (#1112),to-read,,,,1,0
216754602,I Rescued My Son's Ex... She Thanked Me in the Closet: A Ex's Dad Age Gap Short (Dirty Damsels Book 1),Axel Rivers,"Rivers, Axel",,"=""""","=""""",1.0,,Kindle Edition,22,2024,,2025/07/24,2025/07/24,,,read,,,,1,0
214151316,"Oathbound (The Legendborn Cycle, #3)",Tracy Deonn,"Deonn, Tracy",,"=""1665951907""","=""9781665951906""",4.0,Simon & Schuster Books for Young Readers,Hardcover,656,2025,2025,2025/07/24,2025/02/08,,,read,,,,1,0
239215760,Safest With You,Jen Elle,"Elle, Jen",,"=""""","=""""",0,KMP,Kindle Edition,283,2025,,,2025/07/24,to-read,to-read (#1111),to-read,,,,0,0
55359022,A Promised Land,Barack Obama,"Obama, Barack",,"=""1524763160""","=""9781524763169""",0,Crown Publishing Group,Hardcover,701,2020,2020,,2025/07/24,to-read,to-read (#1110),to-read,,,,0,0
53968496,"The Prison Healer (The Prison Healer, #1)",Lynette Noni,"Noni, Lynette",,"=""0358434556""","=""9780358434559""",0,HarperCollins,Hardcover,416,2021,2021,,2025/02/12,to-read,to-read (#1109),to-read,,,,3,0
6982581,Moth to a Flame,Ashley  Antoinette,"Antoinette, Ashley",,"=""1601622635""","=""9781601622631""",5.0,Urban Books,Paperback,288,2010,2009,2025/07/23,2021/04/13,5-star-reads,5-star-reads (#3),read,,,,1,0
236932419,Are You Going to Love Me: A Waynesville Love Story,Aubreé Pynn,"Pynn, Aubreé",The Editing Boutique,"=""""","=""""",0,"APXCB, LLC",Kindle Edition,581,2025,,,2025/07/21,to-read,to-read (#1108),to-read,,,,0,0
215623950,Scheming For Love : “When a boss chick falls in love with her side piece”,Blake Karrington,"Karrington, Blake",,"=""""","=""""",0,,Kindle Edition,350,2024,,,2024/10/12,to-read,to-read (#642),to-read,,,,1,0
230854570,Cutthroat,Octavia Grant,"Grant, Octavia",,"=""""","=""""",0,,Kindle Edition,178,2025,2025,,2025/07/18,to-read,to-read (#1107),to-read,,,,0,0
220263058,"Trust Me Always (Boys of Avix, #3)",Meagan Brandy,"Brandy, Meagan",,"=""1464221936""","=""9781464221934""",0,Bloom Books,Paperback,400,2025,2025,,2025/07/18,to-read,to-read (#1106),to-read,,,,0,0
59808196,When Haru Was Here,Dustin Thao,"Thao, Dustin",,"=""1250762065""","=""9781250762061""",0,Wednesday Books,Hardcover,304,2024,2024,,2025/07/17,to-read,to-read (#1105),to-read,,,,0,0
217506549,The Ghostwriter,Julie   Clark,"Clark, Julie",,"=""1464221286""","=""9781464221286""",0,Sourcebooks Landmark,Hardcover,328,2025,2025,,2025/07/15,to-read,to-read (#1104),to-read,,,,0,0
220161226,Aftertaste,Daria  Lavelle,"Lavelle, Daria",,"=""1668061597""","=""9781668061596""",0,Simon & Schuster,Hardcover,400,2025,2025,,2025/07/15,to-read,to-read (#1103),to-read,,,,0,0
217388258,The Locked Ward,Sarah Pekkanen,"Pekkanen, Sarah",,"=""1250349516""","=""9781250349514""",0,St. Martin's Press,Hardcover,307,2025,2025,,2025/07/15,to-read,to-read (#1102),to-read,,,,0,0
220239075,These Summer Storms,Sarah MacLean,"MacLean, Sarah",,"=""0593972252""","=""9780593972250""",0,Ballantine Books,Hardcover,384,2025,2025,,2025/07/15,to-read,to-read (#1101),to-read,,,,0,0
219417908,The Final Rose,Amy Oliveira,"Oliveira, Amy",,"=""""","=""""",0,,Kindle Edition,262,2024,,,2025/07/15,to-read,to-read (#1100),to-read,,,,0,0
220458657,The Bewitching,Silvia Moreno-Garcia,"Moreno-Garcia, Silvia",,"=""0593874323""","=""9780593874325""",0,Del Rey,Hardcover,357,2025,2025,,2025/07/15,to-read,to-read (#1099),to-read,,,,0,0
219848373,"The Irresistible Urge to Fall for Your Enemy (Dearly Beloathed, #1)",Brigitte Knightley,"Knightley, Brigitte",,"=""0593819454""","=""9780593819456""",0,Ace,Hardcover,370,2025,2025,,2025/07/15,to-read,to-read (#1098),to-read,,,,0,0
216862163,The Black Wife Effect (The Black Wife Effect #1),Taccara Martin,"Martin, Taccara",,"=""""","=""""",5.0,,Kindle Edition,232,2024,,2025/07/13,2025/07/12,5-star-reads,5-star-reads (#35),read,,,,1,0
53255184,"The Master Series Box Set One (Bought By the Billionaire, #1 - #6)",Simone Leigh,"Leigh, Simone",,"=""""","=""""",2.0,Coffee Break Erotica,Kindle Edition,124,2016,2016,2025/07/11,2025/07/11,,,read,,,,1,0
220161497,"Only Between Us (Oakwood Bay, #2)",Ellie K. Wilde,"Wilde, Ellie K.",,"=""1668093839""","=""9781668093832""",0,Atria Books,Paperback,416,2025,2025,,2025/07/11,to-read,to-read (#1097),to-read,,,,0,0
59344312,Verity,Colleen Hoover,"Hoover, Colleen",,"=""""","=""""",2.0,Grand Central Publishing,ebook,336,2021,2018,2025/07/11,2022/08/23,,,read,,,,1,0
230102542,The Virgin BBW Surrogate 4: A Hood Billionaire Romance,Tiece,"Tiece, Tiece",,"=""""","=""""",3.0,TIECE PRESENTS,Kindle Edition,298,2025,,2025/07/09,2025/07/08,,,read,,,,1,0
237137148,Quasim III: King Inferno (Season Four: Inferno Gods Book 3),Jahquel J.,"J., Jahquel",Markd By Tylee,"=""""","=""9798992268065""",5.0,,Kindle Edition,472,2025,,2025/07/09,2025/07/02,5-star-reads,5-star-reads (#43),read,,,,1,0
220987386,"Onyx Storm (Part 2 of 2) [Dramatized Adaptation] (The Empyrean, #3)",Rebecca Yarros,"Yarros, Rebecca","Khaya Fraites, Gabriel Michael, Taylor Coan, Jessica Schly, Lamont Ridgell, Robb Moreira, Danny Gavigan, Megan Poppy, Laura C. Harris, Su Ling Chan, Torian Brackett, Henry W. Kramer, James J. Johnson, Belsheber Rusape, K'Lai Rivera, Rayner Gabriel","=""""","=""9798890559777""",4.0,GraphicAudio LLC,Audiobook,9,2025,,2025/07/07,2025/07/04,,,read,,,,1,0
220955364,"Onyx Storm (Part 1 of 2) [Dramatized Adaptation] (The Empyrean, #3)",Rebecca Yarros,"Yarros, Rebecca","Khaya Fraites, Gabriel Michael, Robb Moreira, Taylor Coan, Lamont Ridgell, Laura C. Harris, Torian Brackett, Rayner Gabriel, Troy Allan, Megan Poppy, K'Lai Rivera, Henry W. Kramer, Danny Gavigan, Jessica Schly","=""""","=""9798890559753""",3.0,GraphicAudio LLC,Audiobook,9,2025,,2025/07/04,2025/07/02,,,read,,,,1,0
228978500,"Quasim II: King Inferno (Season Four: Inferno Gods, #2)",Jahquel J.,"J., Jahquel",Markd By Tylee,"=""""","=""9798992268034""",5.0,urban chapters publications,Kindle Edition,353,2025,,2025/07/02,2025/07/01,5-star-reads,5-star-reads (#42),read,,,,1,0
223776836,"Quasim: King Inferno (Season Four: Inferno Gods, #1)",Jahquel J.,"J., Jahquel",Markd By Tylee,"=""""","=""9798992268003""",5.0,,Kindle Edition,375,2025,,2025/07/01,2025/01/20,5-star-reads,5-star-reads (#39),read,,,,1,0
52855111,This Is My America,Kim  Johnson,"Johnson, Kim",,"=""0593118782""","=""9780593118788""",4.0,Random House Children's Books,ebook,416,2020,2020,2025/06/30,2021/04/13,,,read,,,,1,0
53065750,"The Silent Wife (Will Trent, #10)",Karin Slaughter,"Slaughter, Karin",,"=""0062858106""","=""9780062858108""",0,William Morrow,Hardcover,496,2020,2020,,2025/06/29,to-read,to-read (#1096),to-read,,,,0,0
216942078,It's You Every Time,Charlene  Thomas,"Thomas, Charlene",,"=""1546111794""","=""9781546111795""",0,Scholastic Press,Kindle Edition,308,2025,,,2025/06/29,to-read,to-read (#1095),to-read,,,,0,0
222786412,Capri 3.5 (Season Three: Delgato Family: Capri),Jahquel J.,"J., Jahquel",Joseph Editorial Services,"=""""","=""""",5.0,,Kindle Edition,380,2024,,2025/06/27,2025/01/01,5-star-reads,5-star-reads (#37),read,,,,1,0
60254209,Anywhere You Run,Wanda M. Morris,"Morris, Wanda M.",,"=""0063082500""","=""9780063082502""",4.0,William Morrow Paperbacks,Paperback,400,2022,2022,2025/06/26,2025/05/29,,,read,,,,1,0
231940853,"Friction (Reverie, #1)",Christina C. Jones,"Jones, Christina C.",,"=""""","=""""",3.0,Warm Hues Creative,Kindle Edition,120,2025,,2025/06/23,2025/06/21,,,read,,,,1,0
205762591,My Woman His Wife,Anna  J.,"J., Anna",,"=""1645566692""","=""9781645566694""",0,Urban Renaissance,Paperback,288,2024,2004,,2025/02/11,to-read,to-read (#911),to-read,,,,0,0
195660534,Dead Girls Walking,Sami Ellis,"Ellis, Sami",,"=""1419766767""","=""9781419766763""",0,Harry N. Abrams,Hardcover,368,2024,2024,,2025/06/17,to-read,to-read (#1094),to-read,,,,0,0
65646931,Everyone's Thinking It,Aleema Omotoni,"Omotoni, Aleema",,"=""0063225670""","=""9780063225671""",0,HarperCollins,Hardcover,368,2023,2023,,2025/06/17,to-read,to-read (#1093),to-read,,,,0,0
150352486,Out of Body: A Thrilling YA Body-Swap Tale of Friendship and Identity,Nia  Davenport,"Davenport, Nia",,"=""0063255715""","=""9780063255715""",0,HarperCollins,Hardcover,272,2024,2024,,2025/06/17,to-read,to-read (#1092),to-read,,,,0,0
49189727,"Hidden (The Texas Murder Files, #1)",Laura Griffin,"Griffin, Laura",,"=""0593197321""","=""9780593197325""",0,Berkley,Mass Market Paperback,328,2020,2020,,2025/06/17,to-read,to-read (#1091),to-read,,,,0,0
123239396,"When I Was Your Age: Life Lessons, Funny Stories & Questionable Parenting Advice from a Professional Clown",Kenan Thompson,"Thompson, Kenan",,"=""0063348063""","=""9780063348066""",0,Harper,Hardcover,240,2023,2023,,2025/06/17,to-read,to-read (#1090),to-read,,,,0,0
21412229,The Misadventures of Awkward Black Girl,Issa Rae,"Rae, Issa",,"=""1476749051""","=""9781476749051""",0,37 Ink,Hardcover,224,2015,2015,,2025/06/17,to-read,to-read (#1089),to-read,,,,0,0
50622390,Just as I Am,Cicely Tyson,"Tyson, Cicely",Michelle Burford,"=""0062931067""","=""9780062931061""",0,HarperCollins Publishers,Hardcover,432,2021,2021,,2025/06/17,to-read,to-read (#1088),to-read,,,,0,0
123279501,"Worthy: An Impactful Biography with a Powerful Message, Empower Yourself Today",Jada Pinkett Smith,"Smith, Jada Pinkett",,"=""0063320681""","=""9780063320680""",0,Dey Street Books,Hardcover,416,2023,2023,,2025/06/17,to-read,to-read (#1087),to-read,,,,0,0
72364204,Adversity for Sale: Ya Gotta Believe,Jeezy,"Jeezy, Jeezy",,"=""1400236258""","=""9781400236251""",0,HarperCollins Leadership,Hardcover,272,2023,,,2025/06/17,to-read,to-read (#1086),to-read,,,,0,0
57905388,You Got Anything Stronger?,Gabrielle Union,"Union, Gabrielle",Kevin Carr O'Leary,"=""0062979930""","=""9780062979933""",0,HarperCollins Publishers,Hardcover,242,2021,2021,,2025/06/17,to-read,to-read (#1085),to-read,,,,0,0
60704334,The Book of Jose,Fat Joe,"Joe, Fat",,"=""0593230647""","=""9780593230640""",0,Roc Lit 101,Hardcover,304,2022,,,2025/06/17,to-read,to-read (#1084),to-read,,,,0,0
61812425,Paris: A Memoir for Young Women in the Age of Influencers,Paris Hilton,"Hilton, Paris",,"=""0063224623""","=""9780063224629""",0,Dey Street Books,Hardcover,336,2023,2023,,2025/06/17,to-read,to-read (#1083),to-read,,,,0,0
59573746,Walking in My Joy: In These Streets,Jenifer Lewis,"Lewis, Jenifer",,"=""0063079658""","=""9780063079656""",0,Amistad,Hardcover,256,2022,2022,,2025/06/17,to-read,to-read (#1082),to-read,,,,0,0
18053913,"Mine to Take (Mine, #1)",Cynthia Eden,"Eden, Cynthia",,"=""""","=""""",0,Cynthia Eden,ebook,169,2013,2013,,2025/06/17,to-read,to-read (#1081),to-read,,,,0,0
210395729,Our Infinite Fates,Laura   Steven,"Steven, Laura",,"=""1250333881""","=""9781250333889""",0,Wednesday Books,Hardcover,352,2025,2025,,2025/06/17,to-read,to-read (#1080),to-read,,,,0,0
62160780,Seducing the Babysitter,Vivian Blake,"Blake, Vivian",,"=""""","=""""",3.0,Weathered Pages,Kindle Edition,57,2022,,2025/06/17,2025/06/17,,,read,,,,1,0
59365195,"Bloodmarked (The Legendborn Cycle, #2)",Tracy Deonn,"Deonn, Tracy",,"=""1534441638""","=""9781534441637""",5.0,Simon & Schuster Books for Young Readers,Hardcover,576,2022,2022,2025/06/17,2025/05/14,,,read,,,,1,0
222069359,Capri 3 (Season Three: Delgato Family: Capri),Jahquel J.,"J., Jahquel",Joseph Editorial Services,"=""""","=""""",4.0,,Kindle Edition,205,2024,,2025/06/16,2025/02/05,,,read,,,,1,0
220545867,"Learn My Lesson (Wicked Villains, #2)",Katee Robert,"Robert, Katee",,"=""1464228000""","=""9781464228001""",0,Sourcebooks Casablanca,Paperback,368,2025,2019,,2025/06/15,to-read,to-read (#1079),to-read,,,,0,0
231336795,Hear My Heart,Tay Mo'Nae,"Mo'Nae, Tay",,"=""""","=""""",4.0,Tay Mo'Nae Presents,Kindle Edition,314,2025,,2025/06/12,2025/06/11,,,read,,,,1,0
61356487,Chaos Theory,Nic Stone,"Stone, Nic",,"=""0593307704""","=""9780593307700""",3.0,Crown Books for Young Readers,Hardcover,288,2023,2023,2025/06/10,2025/02/12,,,read,,,,1,0
221436340,Capri 2.5 (Season Three: Delgato Family: Capri),Jahquel J.,"J., Jahquel",Joseph Editorial Services,"=""""","=""""",4.0,,Kindle Edition,186,2024,,2025/06/09,2025/01/01,,,read,,,,1,0
230824619,Death Row,Freida McFadden,"McFadden, Freida",,"=""1662532261""","=""9781662532269""",3.0,Amazon Original Stories,Kindle Edition,74,2025,2025,2025/06/08,2025/05/08,,,read,,,,1,0
62296512,Her Good Side,Rebekah Weatherspoon,"Weatherspoon, Rebekah",,"=""059346530X""","=""9780593465301""",4.0,Razorbill,Hardcover,304,2023,2023,2025/06/08,2024/02/25,,,read,,,,1,0
199392451,Pen Pal,J.T. Geissinger,"Geissinger, J.T.",,"=""1250346681""","=""9781250346681""",0,Tor Trade,Paperback,384,2024,2022,,2025/06/04,to-read,to-read (#1078),to-read,,,,0,0
221548847,Hot for Hostage (Accidentally Yours #1),Maggie  Evans,"Evans, Maggie",,"=""""","=""""",0,,Kindle Edition,438,2025,2025,,2025/06/04,to-read,to-read (#1077),to-read,,,,0,0
229053090,The Pastor's Wife,LynDee Walker,"Walker, LynDee",,"=""1836189060""","=""9781836189060""",0,Bookouture,Kindle Edition,384,2025,2025,,2025/06/04,to-read,to-read (#1076),to-read,,,,0,0
221320937,Capri 2 (Season Three: Delgato Family: Capri),Jahquel J.,"J., Jahquel",Joseph Editorial Services,"=""""","=""""",4.0,,Kindle Edition,180,2024,,2025/06/04,2025/01/01,,,read,,,,1,0
57746525,"Flagrant (St. Louis Cyclones, #1)",Alexandria  House,"House, Alexandria",,"=""""","=""""",0,Alexandria House,Kindle Edition,194,2021,2021,,2025/06/02,to-read,to-read (#1075),to-read,,,,0,0
228566115,Ecstasy Like This 2,India T. Norfleet,"Norfleet, India T.",,"=""""","=""""",3.0,Erotic Servings Publishing,Kindle Edition,208,2025,,2025/05/31,2025/05/20,,,read,,,,1,0
127281124,Brooklyn,Tracy Brown,"Brown, Tracy",,"=""1250834953""","=""9781250834959""",0,Griffin,Paperback,320,2024,,,2023/12/15,to-read,to-read (#1074),to-read,,,,1,0
60714999,"The Serpent and the Wings of Night (Crowns of Nyaxia, #1)",Carissa Broadbent,"Broadbent, Carissa",,"=""""","=""""",0,Independently Published,Kindle Edition,504,2022,2022,,2025/05/29,to-read,to-read (#1073),to-read,,,,0,0
214152442,Gold Coast Dilemma,Nana Malone,"Malone, Nana",,"=""166806118X""","=""9781668061183""",0,Gallery Books,Paperback,384,2025,2025,,2025/05/29,to-read,to-read (#1072),to-read,,,,0,0
62601376,Wish You Weren't Here,Erin Baldwin,"Baldwin, Erin",,"=""0593622693""","=""9780593622698""",0,Viking Books for Young Readers,Hardcover,304,2024,2024,,2025/05/29,to-read,to-read (#1071),to-read,,,,0,0
62039227,You're Not Supposed to Die Tonight,Kalynn  Bayron,"Bayron, Kalynn",,"=""1547611545""","=""9781547611546""",0,Bloomsbury YA,Hardcover,230,2023,2023,,2025/05/29,to-read,to-read (#1070),to-read,,,,0,0
213879514,"The Never List (Never List, #1)",Jade Presley,"Presley, Jade",,"=""1649377525""","=""9781649377524""",0,Entangled: Red Tower Books,Hardcover,417,2025,2025,,2025/05/26,to-read,to-read (#1069),to-read,,,,0,0
50892338,"Legendborn (The Legendborn Cycle, #1)",Tracy Deonn,"Deonn, Tracy",,"=""1534441603""","=""9781534441606""",5.0,Margaret K. McElderry Books,Hardcover,502,2020,2020,2025/05/21,2022/02/07,5-star-reads,5-star-reads (#7),read,"5/5 Stars – Black Girl Magic Meets Arthurian Legend in the Best Way<br/><br/>Legendborn by Tracy Deonn is a stunning reimagining of fantasy that unapologetically centers a Black girl’s experience in a world where she was never supposed to belong—but absolutely does. From the very first page, this book radiates with power, grief, and resilience wrapped in a story that honors ancestral strength and the richness of Southern Black culture.<br/><br/>Deonn weaves African American history and generational trauma into a narrative that is as magical as it is grounded. The protagonist doesn’t just face supernatural threats—she navigates spaces shaped by privilege, gatekeeping, and erasure, all while carrying the weight of her own loss. Her Blackness isn’t an afterthought—it’s a source of magic, identity, and resistance.<br/><br/>This is the kind of fantasy so many of us have been waiting for: where the magic isn’t just in spells and swords, but in heritage, memory, and the unbreakable ties to the ancestors who walked before us. Legendborn is more than a novel—it’s a reclamation. Bold, brilliant, and beautifully melanated. This title stands as my absolute favorite fantasy novel. ",,,1,0
230891667,Giving Good Love to a Bad Boy,Tatum James,"James, Tatum",,"=""""","=""""",0,B. Love Publications,Kindle Edition,219,2025,,,2025/05/20,to-read,to-read (#1068),to-read,,,,0,0
220548681,Capri 1.5 (Season Three: Delgato Family: Capri),Jahquel J.,"J., Jahquel",Joseph Editorial Services,"=""""","=""""",5.0,,Kindle Edition,180,2024,,2025/05/20,2025/01/01,5-star-reads,5-star-reads (#36),read,,,,1,0
62990658,For the Fans,Nyla K.,"K., Nyla",,"=""""","=""""",0,,Kindle Edition,546,2023,2023,,2025/05/19,to-read,to-read (#1067),to-read,,,,0,0
221985058,Ecstasy Like This,India T. Norfleet,"Norfleet, India T.",,"=""""","=""""",4.0,Erotic Servings Publishing,Kindle Edition,157,2024,,2025/05/19,2025/05/19,,,read,,,,1,0
220417858,Capri (Season Three: Delgato Family: Capri),Jahquel J.,"J., Jahquel",Joseph Editorial Services,"=""""","=""""",4.0,,Kindle Edition,173,2024,,2025/05/19,2025/01/01,,,read,,,,1,0
63318188,"The C*ck Down the Block (The Cocky Kingmans, #1)",Amy Award,"Award, Amy",,"=""""","=""""",4.0,Coffee Break Publishing,Kindle Edition,334,2023,2023,2025/05/19,2025/04/13,,,read,,,,1,0
220160814,Don't Let Him In,Lisa Jewell,"Jewell, Lisa",,"=""1668033879""","=""9781668033876""",0,Atria Books,Hardcover,361,2025,2025,,2025/05/18,to-read,to-read (#1066),to-read,,,,0,0
34810320,Sadie,Courtney Summers,"Summers, Courtney",,"=""1250105714""","=""9781250105714""",3.0,Wednesday Books,Hardcover,308,2018,2018,2025/05/15,2025/05/11,,,read,,,,1,0
233661887,Velvet Secrets,T'Lyn,"T'Lyn, T'Lyn",,"=""""","=""""",0,,Kindle Edition,49,2025,,,2025/05/15,to-read,to-read (#1065),to-read,,,,0,0
230593587,Going Deep,Merrie B.,"B., Merrie",,"=""""","=""""",0,,Kindle Edition,51,2025,,,2025/05/15,to-read,to-read (#1064),to-read,,,,0,0
233772477,Sweet Control (Sugared and Spiced Book 4),Lady Marie,"Marie, Lady",,"=""""","=""""",0,Lady Marie,Kindle Edition,128,2025,,,2025/05/15,to-read,to-read (#1063),to-read,,,,0,0
216156650,"Rewind It Back (Windy City, #5)",Liz Tomforde,"Tomforde, Liz",,"=""""","=""""",0,,Kindle Edition,404,2025,2025,,2025/05/15,to-read,to-read (#1062),to-read,,,,0,0
59492900,"Promise Broken (Promises, #1)",K'wan,"K'wan, K'wan",,"=""1799961397""","=""9781799961390""",3.0,Blackstone ,Paperback,276,2022,,2025/05/15,2025/04/30,,,read,,,,1,0
224412530,Black Girl Gone: A Twisty Psychological Thriller,N'Dia Rae,"Rae, N'Dia",C.N. Mabry,"=""""","=""""",4.0,,Kindle Edition,330,2025,,2025/05/12,2025/04/14,,,read,,,,1,0
86121173,"King of Wrath (Kings of Sin, #1)",Ana Huang,"Huang, Ana",,"=""1728289726""","=""9781728289724""",5.0,Bloom Books,Paperback,407,2023,2022,2025/05/09,2025/02/08,5-star-reads,5-star-reads (#22),read,,,,1,0
206571264,Coming Home,Brittney Griner,"Griner, Brittney",Michelle Burford,"=""0593801342""","=""9780593801345""",5.0,Knopf,Hardcover,320,2024,2024,2025/05/08,2025/02/28,5-star-reads,5-star-reads (#32),read,,,,1,0
223396433,His Plug Snatched My Heart: Standalone,Lady Lissa,"Lissa, Lady",,"=""""","=""""",3.0,Legendary Pens Publications,Kindle Edition,367,2025,,2025/05/08,2025/05/05,,,read,,,,1,0
215200571,Dead Med,Freida McFadden,"McFadden, Freida",,"=""""","=""9798329347371""",0,Independently published,Paperback,472,2024,,,2025/05/08,to-read,to-read (#1060),to-read,,,,0,0
199524321,Church Girl,Naima Simone,"Simone, Naima",,"=""""","=""""",0,Harlequin,Kindle Edition,288,2024,2024,,2025/05/08,to-read,to-read (#1059),to-read,,,,0,0
58545703,"Hooked (Never After, #1)",Emily McIntire,"McIntire, Emily",,"=""173750832X""","=""9781737508328""",0,"McIntire Publishing, Co.",Kindle Edition,312,2021,2021,,2025/05/08,to-read,to-read (#1058),to-read,,,,0,0
59009928,"There Are No Saints (Sinners, #1)",Sophie Lark,"Lark, Sophie",,"=""""","=""""",0,,ebook,258,2021,2021,,2025/05/08,to-read,to-read (#1057),to-read,,,,0,0
232267495,f*ck with ya boy (Friends and Lovers Book 3),Nicole Falls,"Falls, Nicole",,"=""""","=""""",0,,Kindle Edition,104,2025,,,2025/05/08,to-read,to-read (#1056),to-read,,,,0,0
158768736,Take a Chance,Miyeko May,"May, Miyeko",,"=""""","=""9798988372615""",0,,Kindle Edition,70,2023,,,2025/05/08,to-read,to-read (#1055),to-read,,,,0,0
215109788,"Rose in Chains (The Evermore Trilogy, #1)",Julie  Soto,"Soto, Julie",,"=""0008711690""","=""9780008711696""",0,Magpie,Kindle Edition,464,2025,2025,,2025/05/08,to-read,to-read (#1053),to-read,,,,0,0
220956786,Adrift (Wrecked #1),Ellie Pond,"Pond, Ellie",,"=""""","=""""",0,,Kindle Edition,370,2025,,,2025/05/06,to-read,to-read (#1052),to-read,,,,0,0
61933940,"Captivated by Danger (The Danger Family, #2)",Endiya Carter,"Carter, Endiya",,"=""""","=""""",0,,Kindle Edition,454,2022,,,2025/05/06,to-read,to-read (#1051),to-read,,,,0,0
58323839,All I've Wanted All I've Needed,A.E. Valdez,"Valdez, A.E.",,"=""""","=""""",0,,Kindle Edition,266,2021,,,2025/05/06,to-read,to-read (#1050),to-read,,,,0,0
200254250,"Goldfinch (The Plated Prisoner, #6)",Raven Kennedy,"Kennedy, Raven",,"=""""","=""""",4.0,,Kindle Edition,706,2024,2024,2025/05/05,2024/03/11,,,read,,,,1,0
181109983,The House of Hidden Meanings,RuPaul,"RuPaul, RuPaul",,"=""0063263904""","=""9780063263901""",4.0,Dey Street Books,Hardcover,256,2024,2024,2025/05/03,2025/05/01,,,read,,,,1,0
182484360,The Reappearance of Rachel Price,Holly  Jackson,"Jackson, Holly",,"=""0593374207""","=""9780593374207""",0,Delacorte Press,Hardcover,438,2024,2024,,2024/11/14,to-read,to-read (#1049),to-read,,,,1,0
30969755,The Cheerleaders,Kara Thomas,"Thomas, Kara",,"=""1524718327""","=""9781524718329""",4.0,Delacorte Press,Hardcover,384,2018,2018,2025/04/29,2025/04/28,,,read,,,,1,0
53522062,The Hate You Give,Angie Thomas,"Thomas, Angie",,"=""""","=""""",5.0,,Hardcover,444,,2017,2025/04/27,2025/04/27,,,read,,,,1,0
88564046,Thicker than Water: A Memoir,Kerry Washington,"Washington, Kerry",,"=""0316497398""","=""9780316497398""",0,"Little, Brown Spark",Hardcover,320,2023,2023,,2023/12/31,to-read,to-read (#1048),to-read,,,,1,0
52516332,Clap When You Land,Elizabeth Acevedo,"Acevedo, Elizabeth",,"=""0062882767""","=""9780062882769""",5.0,HarperTeen ,Hardcover,432,2020,2020,2025/04/26,2021/04/13,5-star-reads,5-star-reads (#9),read,,,,1,0
65678550,The Heaven & Earth Grocery Store,James   McBride,"McBride, James",,"=""0593422945""","=""9780593422946""",0,Riverhead Books,Hardcover,400,2023,2023,,2025/04/25,to-read,to-read (#1047),to-read,,,,0,0
127305853,The Women,Kristin Hannah,"Hannah, Kristin",,"=""1250178630""","=""9781250178633""",0,St. Martin's Press,Hardcover,471,2024,2024,,2025/04/25,to-read,to-read (#1046),to-read,,,,0,0
63249759,Invisible Son,Kim  Johnson,"Johnson, Kim",,"=""0593482115""","=""9780593482117""",5.0,Random House Books for Young Readers,Library Binding,416,2023,2023,2025/04/25,2025/01/27,5-star-reads,5-star-reads (#14),read,,,,1,0
231398419,Candid Moments,Charity Shane',"Shane', Charity",,"=""""","=""""",0,Charity Shane',ebook,,2025,,,2025/04/24,to-read,to-read (#1045),to-read,,,,0,0
57693172,A Flicker in the Dark,Stacy Willingham,"Willingham, Stacy",,"=""1250803829""","=""9781250803825""",3.0,Minotaur Books,Hardcover,357,2022,2022,2025/04/23,2022/02/07,,,read,,,,1,0
230840452,"Hoop Session (KC Queens, #1)",Aubry J.,"J., Aubry",,"=""""","=""""",0,,Kindle Edition,318,2025,,,2025/04/23,to-read,to-read (#1044),to-read,,,,0,0
218495892,Cappadonna 3.5 (Season two: Delgato Family: Cappadonna),Jahquel J.,"J., Jahquel",Joseph Editorial Services,"=""""","=""""",5.0,,Kindle Edition,187,2024,,2025/04/21,2025/01/01,,,read,,,,1,0
61314205,Gold,Raven Kennedy,"Kennedy, Raven",,"=""""","=""""",4.0,,Kindle Edition,674,2023,2023,2024/05/31,2024/03/11,,,read,,,,2,0
202333404,A Matter of Principal,Troinetta Nichole,"Nichole, Troinetta",,"=""""","=""""",0,,Kindle Edition,303,2024,,,2025/04/18,to-read,to-read (#1042),to-read,,,,0,0
203237161,Passion Project,London Sperry,"Sperry, London",,"=""0143138561""","=""9780143138563""",0,Penguin Books,Paperback,368,2025,2025,,2025/04/18,to-read,to-read (#1041),to-read,,,,0,0
60217777,"Rebel Witch (The Crimson Moth, #2)",Kristen Ciccarelli,"Ciccarelli, Kristen",,"=""""","=""""",0,Wednesday Books,Hardcover,458,2025,2025,,2025/04/18,to-read,to-read (#1040),to-read,,,,0,0
231547889,Truce of the Matter,Charity Shane',"Shane', Charity",,"=""""","=""""",0,KMP,Kindle Edition,277,2025,2025,,2025/04/18,to-read,to-read (#1039),to-read,,,,0,0
218171630,The Girl I Was,Jeneva Rose,"Rose, Jeneva",,"=""0778387488""","=""9780778387480""",0,MIRA,Hardcover,304,2025,2021,,2025/04/18,to-read,to-read (#1038),to-read,,,,0,0
199335111,"Caught Up (Windy City, #3)",Liz Tomforde,"Tomforde, Liz",,"=""139972858X""","=""9781399728584""",0,Hodder & Stoughton,Kindle Edition,408,2023,2023,,2025/04/17,to-read,to-read (#1037),to-read,,,,0,0
52772181,"A Crown So Cursed (Nightmare-Verse, #3)",L.L. McKinney,"McKinney, L.L.",,"=""""","=""""",0,Imprint,Audible Audio,,2023,2023,,2025/04/17,to-read,to-read (#1036),to-read,,,,0,0
218233368,Cappadonna 3 (Season two: Delgato Family: Cappadonna),Jahquel J.,"J., Jahquel",Joseph Editorial Services,"=""""","=""""",4.0,,Kindle Edition,182,2024,,2025/04/17,2025/01/01,,,read,,,,1,0
32822135,"Archer's Voice (Pelion Lake, #1)",Mia Sheridan,"Sheridan, Mia",,"=""1538727374""","=""9781538727379""",5.0,Forever,ebook,377,2016,2014,2025/04/16,2025/04/15,5-star-reads,5-star-reads (#49),read,,,,1,0
59235850,Everything to Me: A BBW Romance,Manny V.,"V., Manny",,"=""""","=""""",0,,Kindle Edition,209,2021,,,2025/04/15,to-read,to-read (#1035),to-read,,,,0,0
228569777,"In Good Company (Pembroke Hills, #1)",Kat Singleton,"Singleton, Kat",,"=""1958292184""","=""9781958292181""",0,"Kat Singleton, LLC",Paperback,386,2025,2025,,2025/04/15,to-read,to-read (#1034),to-read,,,,0,0
208509383,Course of Temptation,Fai Monroe,"Monroe, Fai",,"=""""","=""""",4.0,,Kindle Edition,83,2024,,2025/04/13,2025/04/13,,,read,,,,1,0
217930972,Cappadonna 2.5 (Season two: Delgato Family: Cappadonna),Jahquel J.,"J., Jahquel",Joseph Editorial Services,"=""""","=""""",4.0,,Kindle Edition,179,2024,,2025/04/13,2025/01/01,,,read,,,,1,0
223955925,Calm Me (Tasty Temptations Book 1),Egypt Cynaé,"Cynaé, Egypt",,"=""""","=""""",3.0,B. Love Publications,Kindle Edition,133,2025,,2025/04/11,2025/04/11,,,read,,,,1,0
217703251,Cappadonna 2 (Season two: Delgato Family: Cappadonna),Jahquel J.,"J., Jahquel",Joseph Editorial Services,"=""""","=""""",5.0,,Kindle Edition,180,2024,,2025/04/11,2025/01/01,,,read,,,,1,0
216930510,Cappadonna (Season two: Delgato Family: Cappadonna),Jahquel J.,"J., Jahquel",Joseph Editorial Services,"=""""","=""""",4.0,,Kindle Edition,316,2024,,2025/04/08,2025/01/01,,,read,,,,1,0
219427435,"Play Along (Windy City, #4)",Liz Tomforde,"Tomforde, Liz",,"=""""","=""""",0,Golden Boy Publishing LLC,Kindle Edition,384,2024,2024,,2025/04/08,to-read,to-read (#1033),to-read,,,,0,0
214907249,"Fearless (The Powerless Trilogy, #3)",Lauren  Roberts,"Roberts, Lauren",,"=""""","=""""",0,Simon & Schuster Children's UK,Kindle Edition,608,2025,2025,,2025/04/08,to-read,to-read (#1032),to-read,,,,0,0
227961363,Loyalty on Trial (The Streets & Shadows Series Book 1),Jaiyah Symone,"Symone, Jaiyah",,"=""""","=""""",0,,Kindle Edition,284,2025,,2025/04/07,2025/04/01,,,read,,,,1,0
127280429,Darling Girls,Sally Hepworth,"Hepworth, Sally",,"=""125028452X""","=""9781250284525""",3.0,St. Martin's Press,Hardcover,359,2024,2024,2025/04/07,2025/04/04,,,read,,,,1,0
38359036,"The Tattooist of Auschwitz (The Tattooist of Auschwitz, #1)",Heather   Morris,"Morris, Heather",,"=""006287067X""","=""9780062870674""",4.0,Harper,Hardcover,272,2018,2018,2025/04/03,2025/03/23,,,read,,,,1,0
216152060,"Capone III (Season one: Delgato Family, #3)",Jahquel J.,"J., Jahquel",Joseph Editorial Services,"=""""","=""""",5.0,,Kindle Edition,324,2024,,2025/04/03,2025/01/01,,,read,,,,1,0
217394492,"Nobody’s Fool (Detective Sami Kierce, #2)",Harlan Coben,"Coben, Harlan",,"=""1538756358""","=""9781538756355""",0,Grand Central Publishing,Hardcover,341,2025,2025,,2025/03/29,to-read,to-read (#1031),to-read,,,,0,0
214151565,Count My Lies,Sophie Stava,"Stava, Sophie",,"=""1668079348""","=""9781668079348""",0,Gallery/Scout Press,Hardcover,336,2025,2025,,2025/03/29,to-read,to-read (#1030),to-read,,,,0,0
56516460,"They All Had A Reason (They All Had A Reason, #1)",Michele  Leathers,"Leathers, Michele",,"=""""","=""""",0,EMAR,Kindle Edition,181,2021,2021,,2025/03/29,to-read,to-read (#1029),to-read,,,,0,0
205835321,"Powerful (The Powerless Trilogy, #1.5)",Lauren  Roberts,"Roberts, Lauren",,"=""1665966882""","=""9781665966887""",0,Simon & Schuster Books for Young Readers,Hardcover,221,2024,2024,,2025/03/29,to-read,to-read (#1028),to-read,,,,0,0
217220749,Black. Fat. Femme: Revealing the Power of Visibly Queer Voices in Media and Learning to Love Yourself,Jonathan P. Higgins,"Higgins, Jonathan P.",,"=""1394296363""","=""9781394296361""",0,Wiley,Hardcover,240,2025,,,2025/03/29,to-read,to-read (#1027),to-read,,,,0,0
186631952,"Reckless (The Powerless Trilogy, #2)",Lauren  Roberts,"Roberts, Lauren",,"=""1665955430""","=""9781665955430""",0,Simon & Schuster Books for Young Readers,Hardcover,383,2024,2024,,2025/03/29,to-read,to-read (#1026),to-read,,,,0,0
212376504,You Killed Me First,John Marrs,"Marrs, John",,"=""1662506503""","=""9781662506505""",0,Thomas & Mercer,Kindle Edition,368,2025,2025,,2025/03/29,to-read,to-read (#1025),to-read,,,,0,0
203285427,"Bright Lights & Summer Nights (Black Tie Billionaires, #3)",Kat Singleton,"Singleton, Kat",,"=""""","=""""",0,,Kindle Edition,362,2024,2024,,2025/03/29,to-read,to-read (#1024),to-read,,,,0,0
214097163,"Capone II (Season one: Delgato Family, #2)",Jahquel J.,"J., Jahquel",,"=""""","=""""",5.0,,Kindle Edition,297,2024,,2025/03/28,2024/12/15,5-star-reads,5-star-reads (#34),read,,,,1,0
210516784,Wicked King (Kings of Temptation #4),Sienna  Cross,"Cross, Sienna",,"=""""","=""""",0,Mystic Rose Press,Kindle Edition,368,2024,,,2025/03/26,to-read,to-read (#1023),to-read,,,,0,0
212806619,Deep End,Ali Hazelwood,"Hazelwood, Ali",,"=""0593641051""","=""9780593641057""",2.0,Berkley,Hardcover,446,2025,2025,2025/03/25,2025/02/08,,,read,,,,1,0
176443330,Daughter of Mine,Megan Miranda,"Miranda, Megan",,"=""""","=""""",0,Marysue Rucci Books,Hardcover,355,2024,2024,,2025/03/25,to-read,to-read (#1022),to-read,,,,0,0
213229462,"Capone (Season One: Delgato Family, #1)",Jahquel J.,"J., Jahquel",,"=""""","=""""",5.0,,Kindle Edition,277,2024,,2025/03/24,2024/12/15,5-star-reads,5-star-reads (#33),read,,,,1,0
211003854,The Nightingale,Kristin Hannah,"Hannah, Kristin",,"=""1250370116""","=""9781250370112""",0,St. Martin's Press,Hardcover,448,2025,2015,,2025/03/24,to-read,to-read (#1021),to-read,,,,0,0
214331246,Sunrise on the Reaping (The Hunger Games),Suzanne Collins,"Collins, Suzanne",,"=""1546171460""","=""9781546171461""",0,Scholastic Press,Hardcover,387,2025,2025,,2025/03/18,to-read,to-read (#1020),to-read,,,,0,0
229105911,Titus: Rodeo Season,Charity Shane',"Shane', Charity",,"=""""","=""""",0,KMP,Kindle Edition,85,2025,,,2025/03/18,to-read,to-read (#1018),to-read,,,,0,0
94925689,"Turn Me Out (Erotic Love Language, #2)",BriAnn Danae,"Danae, BriAnn",,"=""""","=""""",4.0,Beyond The Book Publications,Kindle Edition,86,2023,,2025/03/11,2025/03/10,,,read,,,,1,0
52838315,Greenlights,Matthew McConaughey,"McConaughey, Matthew",,"=""0593139135""","=""9780593139134""",0,Crown,Hardcover,289,2020,2020,,2025/03/05,to-read,to-read (#1017),to-read,,,,1,0
110391,"The Duke and I (Bridgertons, #1)",Julia Quinn,"Quinn, Julia",,"=""0380800829""","=""9780380800827""",4.0,Avon Books,Mass Market Paperback,384,2006,2000,2025/03/10,2025/03/06,,,read,,,,1,0
62911134,"Talk To Me Nicely (Erotic Love Language, #1)",BriAnn Danae,"Danae, BriAnn",,"=""""","=""""",4.0,Beyond The Book Publications,Kindle Edition,68,2022,,2025/03/10,2024/12/14,,,read,,,,1,0
59412817,The Lies I Tell,Julie   Clark,"Clark, Julie",,"=""1728247594""","=""9781728247595""",0,Sourcebooks Landmark,Hardcover,302,2022,2022,,2025/03/09,to-read,to-read (#1016),to-read,,,,0,0
564058,Street Dreams,K'wan,"K'wan, K'wan",,"=""0312333064""","=""9780312333065""",0,Macmillan,Paperback,320,2004,2004,,2025/03/09,to-read,to-read (#1015),to-read,,,,0,0
22749750,The Turner House,Angela Flournoy,"Flournoy, Angela",,"=""0544303164""","=""9780544303164""",0,Houghton Mifflin Harcourt,Hardcover,341,2015,2015,,2025/03/09,to-read,to-read (#1014),to-read,,,,0,0
50485649,In My Dreams I Hold a Knife,Ashley Winstead,"Winstead, Ashley",,"=""172822988X""","=""9781728229881""",0,Sourcebooks Landmark,Hardcover,345,2021,2021,,2025/03/09,to-read,to-read (#1013),to-read,,,,0,0
55711688,The Other Black Girl,Zakiya Dalila Harris,"Harris, Zakiya Dalila",,"=""1982160136""","=""9781982160135""",0,Atria Books,Hardcover,357,2021,2021,,2025/03/09,to-read,to-read (#1012),to-read,,,,0,0
33590210,An American Marriage,Tayari Jones,"Jones, Tayari",,"=""1616201347""","=""9781616201340""",0,Algonquin Books,Hardcover,308,2018,2018,,2025/03/09,to-read,to-read (#1011),to-read,,,,0,0
199798652,"Daydream (Maple Hills, #3)",Hannah  Grace,"Grace, Hannah",,"=""1668026252""","=""9781668026250""",0,Atria Books,Paperback,433,2024,2024,,2025/03/09,to-read,to-read (#1010),to-read,,,,0,0
48717442,They Wish They Were Us,Jessica  Goodman,"Goodman, Jessica",,"=""0593114299""","=""9780593114292""",0,Razorbill,Hardcover,336,2020,2020,,2025/03/09,to-read,to-read (#1009),to-read,,,,0,0
55829194,The Final Girl Support Group,Grady Hendrix,"Hendrix, Grady",,"=""059320123X""","=""9780593201237""",0,Berkley,Hardcover,352,2021,2021,,2025/03/09,to-read,to-read (#1008),to-read,,,,0,0
58985554,"The Agathas (The Agathas, #1)",Kathleen Glasgow,"Glasgow, Kathleen",Liz Lawson,"=""0593431111""","=""9780593431115""",0,Delacorte Press,Hardcover,405,2022,2022,,2025/03/09,to-read,to-read (#1007),to-read,,,,0,0
56621648,You'd Be Home Now,Kathleen Glasgow,"Glasgow, Kathleen",,"=""0525708049""","=""9780525708049""",0,Delacorte Press,Hardcover,387,2021,2021,,2025/03/09,to-read,to-read (#1006),to-read,,,,0,0
226767742,Forever Mine,Thee Tasha Marie,"Marie, Thee Tasha",,"=""""","=""""",3.0,,Kindle Edition,205,2025,,2025/03/08,2025/02/11,,,read,,,,1,0
60040033,"Consider Me (Playing For Keeps, #1)",Becka Mack,"Mack, Becka",,"=""""","=""""",0,,Paperback,462,2022,2022,,2025/03/05,to-read,to-read (#1005),to-read,,,,0,0
210394075,"Assist (St. Louis Sires, #3)",Alexandria  House,"House, Alexandria",,"=""""","=""""",0,Pink Cashmere Publishing,ebook,,2024,,,2025/03/05,to-read,to-read (#1004),to-read,,,,0,0
57094315,"Feeding the Soul (Because It's My Business): Finding Our Way to Joy, Love, and Freedom (A Feeding the Soul Book, 1)",Tabitha  Brown,"Brown, Tabitha",,"=""0063080281""","=""9780063080287""",0,William Morrow,Hardcover,288,2021,2021,,2025/03/05,to-read,to-read (#1002),to-read,,,,0,0
35297510,Let Love Have the Last Word,Common,"Common, Common",,"=""1501133152""","=""9781501133152""",0,Atria Books,Hardcover,224,2019,2019,,2025/03/05,to-read,to-read (#1001),to-read,,,,0,0
30649405,Don't Settle for Safe: Embracing the Uncomfortable to Become Unstoppable,Sarah Jakes Roberts,"Roberts, Sarah Jakes",Lisa Bevere,"=""071808196X""","=""9780718081966""",0,Thomas Nelson Inc,Hardcover,187,2017,2017,,2025/03/05,to-read,to-read (#1000),to-read,,,,0,0
62296528,Spare,Prince Harry,"Harry, Prince",J.R. Moehringer,"=""0593593804""","=""9780593593806""",0,Random House,Hardcover,410,2023,2023,,2025/03/05,to-read,to-read (#999),to-read,,,,0,0
123027172,Leslie F*cking Jones,Leslie     Jones,"Jones, Leslie",,"=""1538706490""","=""9781538706497""",0,Grand Central Publishing,Hardcover,288,2023,2023,,2025/03/05,to-read,to-read (#998),to-read,,,,0,0
34884359,We're Going to Need More Wine,Gabrielle Union,"Union, Gabrielle",,"=""""","=""""",0,Dey Street Books,ebook,272,2017,2017,,2025/03/05,to-read,to-read (#997),to-read,,,,0,0
60097383,A Renaissance of Our Own: A Memoir & Manifesto on Reimagining,Rachel Elizabeth Cargle,"Cargle, Rachel Elizabeth",,"=""0593134737""","=""9780593134733""",0,Ballantine Books,Hardcover,256,2023,2023,,2025/03/05,to-read,to-read (#996),to-read,,,,0,0
58370472,"Sis, Don't Settle: How to Stay Smart in Matters of the Heart",Faith Jenkins,"Jenkins, Faith",,"=""030692532X""","=""9780306925320""",0,Legacy Lit,Kindle Edition,257,2021,,,2025/03/05,to-read,to-read (#995),to-read,,,,0,0
216815306,"Bent But Not Broken (Lexington, Alabama #5)",Mary Monroe,"Monroe, Mary",,"=""1496743202""","=""9781496743206""",0,Dafina,Kindle Edition,289,2025,,,2025/03/05,to-read,to-read (#994),to-read,,,,0,0
227783436,The Virgin BBW Surrogate 3: A Hood Billionaire Romance,Tiece,"Tiece, Tiece",,"=""""","=""""",5.0,TIECE PRESENTS,Kindle Edition,264,2025,,2025/03/04,2025/02/11,,,read,,,,1,0
202939207,"Bits and Pieces: My Mother, My Brother, and Me",Whoopi Goldberg,"Goldberg, Whoopi",,"=""""","=""9798200920235""",5.0,"Blackstone Publishing, Inc.",Hardcover,256,2024,2024,2025/03/04,2024/09/17,5-star-reads,5-star-reads (#30),read,"Whoopi Goldberg’s Bits and Pieces: My Mother, My Brother, and Me is a heartfelt tribute to the two people who shaped her the most—her late mother, Emma, and her late brother, Clyde. With honesty and warmth, she shares memories of growing up in New York, the lessons her mother instilled in her, and the unbreakable bond she shared with her brother. Through humor and vulnerability, Goldberg reflects on love, loss, and the profound impact of family, making this memoir both deeply personal and universally relatable.<br/><br/>This book is not just about grief; it’s about the lasting presence of those we love, even after they’re gone. Goldberg’s storytelling feels like a conversation with a close friend—funny, moving, and filled with wisdom. Whether you’ve experienced similar loss or simply appreciate a beautifully told memoir, Bits and Pieces is a touching and unforgettable read. I highly suggest listening to the audiobook format, told by Whoopi herself. ",,,1,0
49515916,Shots Not Taken (Nymphs & Trojans #1),Nicole Falls,"Falls, Nicole",,"=""""","=""""",0,,Kindle Edition,278,2019,,,2025/03/03,to-read,to-read (#993),to-read,,,,0,0
218372269,Love in Focus,Lyla Lee,"Lee, Lyla",,"=""1538767554""","=""9781538767559""",0,Forever,Paperback,320,2025,2025,,2025/03/03,to-read,to-read (#992),to-read,,,,0,0
197057635,The Billionaire Don: Spicy BWWM Short (Billionaires For Black Girls),Stacy-Deanne,"Stacy-Deanne, Stacy-Deanne",Venus  Ray,"=""""","=""""",3.0,,Kindle Edition,52,2023,,2025/03/02,2025/02/26,,,read,,,,1,0
206033178,"Iron Flame (Part 2 of 2) [Dramatized Adaptation] (The Empyrean, #2)",Rebecca Yarros,"Yarros, Rebecca","Khaya Fraites, Gabriel Michael, Taylor Coan, Lamont Ridgell, Chris Davenport, Robb Moreira, Jessica Lauren Ball, Torian Brackett, Henry W. Kramer, Danny Gavigan, Amanda Forstrom, James J. Johnson, Laura C. Harris, Belsheber Rusape, Bradley Foster Smith, Renee Dorian, Nazia Chaudhry, Ken Jackson, Marni Penning, Yasmin Tuazon, Christopher Graybill","=""""","=""9798890552198""",5.0,Graphic Audio,Audiobook,11,2024,,2025/03/01,2025/02/25,,,read,,,,1,0
42732513,The Travelers,Regina Porter,"Porter, Regina",,"=""0525576215""","=""9780525576211""",0,Hogarth,Kindle Edition,297,2019,2019,,2025/02/28,to-read,to-read (#991),to-read,,,,0,0
181109957,"I Did a New Thing: 30 Days to Living Free (A Feeding the Soul Book, 5)",Tabitha  Brown,"Brown, Tabitha",,"=""0063286114""","=""9780063286115""",0,William Morrow,Hardcover,256,2024,,,2025/02/28,to-read,to-read (#990),to-read,,,,0,0
207300726,"I Lived to Tell the Story: A Memoir of Love, Legacy, and Resilience",Tamika D. Mallory,"Mallory, Tamika D.",,"=""1982173491""","=""9781982173494""",0,Atria/Black Privilege Publishing,Hardcover,304,2025,2025,,2025/02/28,to-read,to-read (#989),to-read,,,,0,0
196859498,Wild Life: Finding My Purpose in an Untamed World,Rae Wynn-Grant,"Wynn-Grant, Rae",,"=""1638930406""","=""9781638930402""",0,Get Lifted Books,Hardcover,269,2024,2024,,2025/02/28,to-read,to-read (#988),to-read,,,,0,0
181110038,The Moment: Thoughts on the Race Reckoning That Wasn't and How We All Can Move Forward Now,Bakari Sellers,"Sellers, Bakari",,"=""006308502X""","=""9780063085022""",0,Amistad,Hardcover,192,2024,2024,,2025/02/28,to-read,to-read (#987),to-read,,,,0,0
150247430,Redwood Court,DeLana R.A. Dameron,"Dameron, DeLana R.A.",,"=""0593447026""","=""9780593447024""",0,The Dial Press,Hardcover,304,2024,2024,,2025/02/28,to-read,to-read (#986),to-read,,,,0,0
214329001,Death of the Author,Nnedi Okorafor,"Okorafor, Nnedi",,"=""0063391155""","=""9780063391154""",0,William Morrow,Kindle Edition,448,2025,2025,,2025/02/28,to-read,to-read (#985),to-read,,,,0,0
210990203,"Iron Flame (Part 1 of 2) [Dramatized Adaptation] (The Empyrean, #2)",Rebecca Yarros,"Yarros, Rebecca",,"=""""","=""""",5.0,GraphicAudio LLC,Audible Audio,,2024,,2025/02/27,2025/02/25,,,read,,,,1,0
220817728,Atmosphere,Taylor Jenkins Reid,"Reid, Taylor Jenkins",,"=""""","=""""",0,Ballantine Books,Hardcover,337,2025,2025,,2025/02/26,to-read,to-read (#983),to-read,,,,0,0
211003894,They Bloom at Night,Trang Thanh Tran,"Tran, Trang Thanh",,"=""1547611111""","=""9781547611119""",0,Bloomsbury YA,Hardcover,262,2025,2025,,2025/02/26,to-read,to-read (#982),to-read,,,,0,0
146943394,"Keeping 13 (Boys of Tommen, #2)",Chloe Walsh,"Walsh, Chloe",,"=""1728299985""","=""9781728299983""",0,Bloom Books,ebook,667,2023,2018,,2025/02/26,to-read,to-read (#981),to-read,,,,0,0
199897926,The Return of Ellie Black,Emiko Jean,"Jean, Emiko",,"=""1668023954""","=""9781668023952""",0,Simon & Schuster,Kindle Edition,320,2024,2024,,2025/02/26,to-read,to-read (#980),to-read,,,,0,0
86767939,"Terms and Conditions  (Dreamland Billionaires, #2)",Lauren Asher,"Asher, Lauren",,"=""1737507722""","=""9781737507727""",3.0,,Kindle Edition,494,2022,2022,2025/02/24,2024/10/23,,,read,,,,1,0
223663305,The Virgin BBW Surrogate 2 : A Hood Billionaire Romance,Tiece,"Tiece, Tiece",,"=""""","=""""",5.0,TIECE PRESENTS,Kindle Edition,185,2025,,2025/02/16,2025/02/11,5-star-reads,5-star-reads (#40),read,"⭐️⭐️⭐️⭐️⭐️ A Gripping Sequel Full of Drama, Love, and Unexpected Twists!<br/><br/>Tiece masterfully continues the saga in The Virgin BBW Surrogate 2, delivering a sequel that is even more intense and emotionally charged than the first. Emmy’s journey is both heart-wrenching and empowering—watching her navigate the unexpected twists of her surrogacy journey while dealing with deep personal struggles made her a character I truly rooted for. She’s strong, yet vulnerable, and her growth in this book is beautifully written.<br/><br/>Tangela, on the other hand, is the kind of character that keeps you flipping pages, whether you love her or love to hate her. Her presence adds just the right amount of tension and drama, making every interaction with Emmy explosive. Orlan’s role in all of this is complex—his decisions and emotions are layered, making him a character you can’t easily pin down. His chemistry with Emmy is undeniable, and the push-and-pull between them had me on edge.<br/><br/>This book had me hooked from start to finish. Tiece knows how to create characters that feel real, with emotions that jump off the page. If you love a story packed with drama, passion, and characters you can’t stop thinking about, The Virgin BBW Surrogate 2 is a must-read! I’m literally about to start the third one!",,,1,0
196864520,"Butcher & Blackbird (The Ruinous Love Trilogy, #1)",Brynne Weaver,"Weaver, Brynne",,"=""""","=""9798857497074""",2.0,Independently Published,Paperback,360,2023,2023,2025/02/16,2024/05/06,,,read,,,,1,0
223231554,Aisle Be Yours: A Valentine's Novella,Nina High,"High, Nina",,"=""""","=""9798991614740""",0,High on Love,Kindle Edition,66,2025,,,2025/02/15,to-read,to-read (#979),to-read,,,,0,0
156727073,You Started It,Jackie Khalilieh,"Khalilieh, Jackie",,"=""""","=""""",0,Tundra Books,Unknown Binding,,2025,2025,,2025/02/15,to-read,to-read (#978),to-read,,,,0,0
217387757,"Well, Actually",Mazey Eddings,"Eddings, Mazey",,"=""1250333318""","=""9781250333315""",0,St. Martin's Griffin,Paperback,384,2025,2025,,2025/02/15,to-read,to-read (#977),to-read,,,,0,0
220687884,Love Is a War Song,Danica Nava,"Nava, Danica",,"=""0593642627""","=""9780593642627""",0,Berkley,Paperback,336,2025,2025,,2025/02/15,to-read,to-read (#976),to-read,,,,0,0
217388129,Ready to Score,Jodie Slaughter,"Slaughter, Jodie",,"=""125082186X""","=""9781250821867""",0,St. Martin's Griffin,Paperback,320,2025,2025,,2025/02/15,to-read,to-read (#975),to-read,,,,0,0
218372325,"Can't Get Enough (Skyland, #3)",Kennedy Ryan,"Ryan, Kennedy",,"=""1538772809""","=""9781538772805""",0,Forever,Hardcover,448,2025,2025,,2025/02/15,to-read,to-read (#974),to-read,,,,0,0
217271595,"Wild Side (Rose Hill, #3)",Elsie Silver,"Silver, Elsie",,"=""1464237522""","=""9781464237522""",0,Bloom Books,Paperback,464,2025,2025,,2025/02/15,to-read,to-read (#973),to-read,,,,0,0
65961539,"Along Came Amor (Primas of Power, #3)",Alexis Daria,"Daria, Alexis",,"=""0062960008""","=""9780062960009""",0,Avon,Paperback,497,2025,2025,,2025/02/15,to-read,to-read (#972),to-read,,,,0,0
212688557,"The Charlie Method (Campus Diaries, #3)",Elle Kennedy,"Kennedy, Elle",,"=""1464219354""","=""9781464219351""",0,Bloom Books,Paperback,528,2025,2025,,2025/02/15,to-read,to-read (#971),to-read,,,,0,0
211164792,"Beg, Borrow, or Steal (When in Rome, #3)",Sarah       Adams,"Adams, Sarah",,"=""0593723694""","=""9780593723692""",0,Dell,Paperback,400,2025,2025,,2025/02/15,to-read,to-read (#970),to-read,,,,0,0
211003713,I Think They Love You,Julian Winters,"Winters, Julian",,"=""1250326249""","=""9781250326249""",0,St. Martin's Griffin,Paperback,336,2025,2025,,2025/02/15,to-read,to-read (#969),to-read,,,,0,0
214268995,The Love Simulation,Etta Easton,"Easton, Etta",,"=""0593640241""","=""9780593640241""",0,Berkley,Paperback,320,2025,2025,,2025/02/15,to-read,to-read (#968),to-read,,,,0,0
57926137,Black Cake,Charmaine Wilkerson,"Wilkerson, Charmaine",,"=""""","=""""",5.0,Ballantine Books,Hardcover,385,2022,2022,2025/02/14,2022/02/13,,,read,,,,1,0
213618132,Good Dirt,Charmaine Wilkerson,"Wilkerson, Charmaine",,"=""0593358368""","=""9780593358368""",0,Ballantine Books,Hardcover,355,2025,2025,,2025/02/14,to-read,to-read (#967),to-read,,,,0,0
198716261,"Not in Love (Not in Love, #1)",Ali Hazelwood,"Hazelwood, Ali",,"=""1408728915""","=""9781408728918""",0,Berkley,Kindle Edition,394,2024,2024,,2024/07/11,to-read,to-read (#966),to-read,,,,1,0
213618272,"Spiral (Off the Ice, #2)",Bal Khabra,"Khabra, Bal",,"=""0593818288""","=""9780593818282""",0,Berkley,Paperback,338,2025,2025,,2025/02/13,to-read,to-read (#965),to-read,,,,0,0
195883611,Been About You,A.C. Taylor,"Taylor, A.C.",,"=""""","=""""",0,AC Taylor Publications,Kindle Edition,244,2023,,,2025/02/10,to-read,to-read (#964),to-read,,,,1,0
222862318,The Virgin BBW Surrogate,Tiece,"Tiece, Tiece",,"=""""","=""""",4.0,TIECE PRESENTS,Kindle Edition,221,2024,,2025/02/13,2025/02/11,,,read,,,,1,0
122209,A Day Late and a Dollar Short,Terry McMillan,"McMillan, Terry",,"=""0451211081""","=""9780451211088""",0,Penguin Publishing Group,Paperback,496,2004,2000,,2025/02/12,to-read,to-read (#963),to-read,,,,0,0
66645979,"Pinky Promise (Gummy Bear Orgy, #1)",Rebecca Rennick,"Rennick, Rebecca",,"=""""","=""""",0,Independently published,Kindle Edition,372,2023,2023,,2025/02/12,to-read,to-read (#962),to-read,,,,0,0
25912358,"A Thousand Boy Kisses (A Thousand Boy Kisses, #1)",Tillie Cole,"Cole, Tillie",,"=""""","=""""",0,,ebook,316,2016,2016,,2025/02/12,to-read,to-read (#961),to-read,,,,0,0
63910262,"Two Twisted Crowns (The Shepherd King, #2)",Rachel Gillig,"Gillig, Rachel",,"=""0356519503""","=""9780356519500""",0,Orbit,Paperback,437,2023,2023,,2025/02/12,to-read,to-read (#960),to-read,,,,0,0
61980275,Nigeria Jones,Ibi Zoboi,"Zoboi, Ibi",,"=""0062888846""","=""9780062888846""",0,Versify,Hardcover,384,2023,2023,,2025/02/12,to-read,to-read (#959),to-read,,,,0,0
57370115,Highly Suspicious and Unfairly Cute,Talia Hibbert,"Hibbert, Talia",,"=""""","=""9780593482346""",0,Joy Revolution,ebook,336,2023,2023,,2025/02/12,to-read,to-read (#958),to-read,,,,0,0
58484187,We Deserve Monuments,Jas Hammonds,"Hammonds, Jas",,"=""1250816556""","=""9781250816559""",0,Roaring Brook Press,Hardcover,384,2022,2022,,2025/02/12,to-read,to-read (#957),to-read,,,,0,0
27883214,"Caraval (Caraval, #1)",Stephanie Garber,"Garber, Stephanie",,"=""1250095255""","=""9781250095251""",0,Flatiron Books,Hardcover,407,2017,2016,,2025/02/12,to-read,to-read (#956),to-read,,,,0,0
53138230,Love Is a Revolution,Renée  Watson,"Watson, Renée",,"=""1547600608""","=""9781547600601""",0,Bloomsbury YA,Hardcover,304,2021,2021,,2025/02/12,to-read,to-read (#955),to-read,,,,0,0
62292375,When the Vibe Is Right,Sarah Dass,"Dass, Sarah",,"=""0063018578""","=""9780063018570""",0,Balzer & Bray,Hardcover,336,2023,2023,,2025/02/12,to-read,to-read (#954),to-read,,,,0,0
54870194,Where the Rhythm Takes You,Sarah Dass,"Dass, Sarah",,"=""0063018527""","=""9780063018525""",0,Clarion Books,Hardcover,352,2021,2021,,2025/02/12,to-read,to-read (#953),to-read,,,,0,0
40864798,I Wanna Be Where You Are,Kristina Forest,"Forest, Kristina",,"=""1250294886""","=""9781250294883""",0,Roaring Brook Press,Hardcover,272,2019,2019,,2025/02/12,to-read,to-read (#952),to-read,,,,0,0
58988424,Zyla & Kai,Kristina Forest,"Forest, Kristina",,"=""0593407245""","=""9780593407240""",0,Kokila,Hardcover,480,2022,2022,,2025/02/12,to-read,to-read (#950),to-read,,,,0,0
61057739,Reggie and Delilah's Year of Falling: A dual-POV YA rom-com where a guarded punk-band singer and a secretive Blerd Dungeon Master keep meeting on holidays,Elise Bryant,"Bryant, Elise",,"=""0063212994""","=""9780063212992""",0,Quill Tree Books,Hardcover,400,2023,2023,,2025/02/12,to-read,to-read (#949),to-read,,,,0,0
61749713,Somebody That I Used to Know,Dana L. Davis,"Davis, Dana L.",,"=""1542038723""","=""9781542038720""",0,Skyscape,Kindle Edition,366,2022,,,2025/02/12,to-read,to-read (#947),to-read,,,,0,0
199363049,The Love Dare,Abiola Bello,"Bello, Abiola",,"=""1398516945""","=""9781398516946""",0,Simon & Schuster Children's UK,Kindle Edition,300,2024,2024,,2025/02/12,to-read,to-read (#948),to-read,,,,0,0
207298501,Twenty-Four Seconds from Now . . .,Jason Reynolds,"Reynolds, Jason",,"=""1665961279""","=""9781665961271""",0,Atheneum/Caitlyn Dlouhy Books,Hardcover,256,2024,2024,,2025/02/12,to-read,to-read (#946),to-read,,,,0,0
156348177,The Good Ones Are Taken,Taj McCoy,"McCoy, Taj",,"=""0778305422""","=""9780778305422""",0,MIRA,Paperback,304,2024,2024,,2025/02/12,to-read,to-read (#945),to-read,,,,0,0
204294808,Christmas in Spite of You,K.C. Mills,"Mills, K.C.",,"=""1957950536""","=""9781957950532""",0,Black Odyssey Media,Paperback,256,2024,2024,,2025/02/12,to-read,to-read (#944),to-read,,,,0,0
213809622,Rhythm's Blues,Kimberly   Brown,"Brown, Kimberly",,"=""""","=""""",0,B. Love Publications,Kindle Edition,280,2024,,,2025/02/12,to-read,to-read (#943),to-read,,,,0,0
58785677,"A Ruin of Roses (Deliciously Dark Fairytales, #1)",K.F. Breene,"Breene, K.F.",,"=""""","=""""",0,Independently Published,Kindle Edition,386,2021,2021,,2025/02/12,to-read,to-read (#942),to-read,,,,0,0
122779502,"A Court This Cruel & Lovely (Kingdom of Lies, #1)",Stacia Stark,"Stark, Stacia",,"=""""","=""""",0,,Kindle Edition,562,2023,2023,,2025/02/12,to-read,to-read (#941),to-read,,,,0,0
44778083,"House of Earth and Blood (Crescent City, #1)",Sarah J. Maas,"Maas, Sarah J.",,"=""1635574048""","=""9781635574043""",0,Bloomsbury Publishing,Hardcover,803,2020,2020,,2025/02/12,to-read,to-read (#940),to-read,,,,0,0
34217536,The Mother of Black Hollywood: A Memoir,Jenifer Lewis,"Lewis, Jenifer",,"=""0062410407""","=""9780062410405""",0,Amistad,Hardcover,336,2017,2017,,2025/02/12,to-read,to-read (#939),to-read,,,,0,0
62292388,Rhythm & Muse,India Hill Brown,"Brown, India Hill",,"=""0063217554""","=""9780063217553""",0,Quill Tree Books,Hardcover,256,2023,2023,,2025/02/12,to-read,to-read (#938),to-read,,,,0,0
75309794,"Goal (St. Louis Sires, #1)",Alexandria  House,"House, Alexandria",,"=""""","=""""",0,"Pink Cashmere Publishing, LLC",Kindle Edition,228,2022,2022,,2025/02/12,to-read,to-read (#937),to-read,,,,0,0
58679358,"One of Us Is Lying (One of Us is Lying, #1)",Karen M. McManus,"McManus, Karen M.",,"=""0593565371""","=""9780593565377""",0,Delacorte Press,Hardcover,416,2021,2017,,2025/02/12,to-read,to-read (#936),to-read,,,,0,0
23492536,The Wait: A Powerful Practice for Finding the Love of Your Life and the Life You Love,DeVon Franklin,"Franklin, DeVon",Meagan Good,"=""1501105299""","=""9781501105296""",0,Howard Books,Hardcover,243,2016,2015,,2025/02/12,to-read,to-read (#935),to-read,,,,0,0
195888483,Do It Anyway: Don't Give Up Before It Gets Good,Tasha Cobbs Leonard,"Leonard, Tasha Cobbs",,"=""0593600878""","=""9780593600870""",0,WaterBrook,Hardcover,208,2024,,,2025/02/12,to-read,to-read (#934),to-read,,,,0,0
157981698,Untangle Your Emotions: Naming What You Feel and Knowing What to Do About It,Jennie Allen,"Allen, Jennie",,"=""0593193415""","=""9780593193419""",0,WaterBrook,Hardcover,227,2024,2024,,2025/02/12,to-read,to-read (#933),to-read,,,,0,0
59883569,"Marriage Be Hard: 12 Conversations to Keep You Laughing, Loving, and Learning with Your Partner",Kevin Fredericks,"Fredericks, Kevin",Melissa Fredericks,"=""0593240421""","=""9780593240427""",0,Convergent Books,Hardcover,256,2022,,,2025/02/12,to-read,to-read (#932),to-read,,,,0,0
158967811,All Hope is Found: Rediscovering the Joy of Expectation,Sarah Jakes Roberts,"Roberts, Sarah Jakes",,"=""1400339871""","=""9781400339877""",0,Thomas Nelson,Hardcover,176,2023,,,2025/02/12,to-read,to-read (#931),to-read,,,,0,0
38532204,More Than Pretty: Doing the Soul Work that Uncovers Your True Beauty,Erica  Campbell,"Campbell, Erica",,"=""1501188666""","=""9781501188664""",0,Howard Books,Hardcover,240,2019,2019,,2025/02/12,to-read,to-read (#930),to-read,,,,0,0
191754831,Do the New You: 6 Mindsets to Become Who You Were Created to Be,Steven Furtick,"Furtick, Steven",,"=""1546006826""","=""9781546006824""",0,FaithWords,Hardcover,304,2024,,,2025/02/12,to-read,to-read (#929),to-read,,,,0,0
60693493,My Jesus: From Heartache to Hope,Anne         Wilson,"Wilson, Anne",,"=""1400238226""","=""9781400238224""",0,Thomas Nelson,Paperback,196,2022,,,2025/02/12,to-read,to-read (#928),to-read,,,,0,0
43807935,When She Returned,Lucinda Berry,"Berry, Lucinda",,"=""1542092914""","=""9781542092913""",0,Thomas & Mercer,Kindle Edition,293,2019,2019,,2025/02/12,to-read,to-read (#927),to-read,,,,0,0
60109530,Keep It in the Family,John Marrs,"Marrs, John",,"=""1542017289""","=""9781542017282""",0,Thomas & Mercer,Kindle Edition,380,2022,2022,,2025/02/12,to-read,to-read (#926),to-read,,,,0,0
204787816,Gray After Dark,Noelle W. Ihli,"Ihli, Noelle W.",,"=""""","=""""",0,Dynamite Books,Kindle Edition,370,2024,2024,,2025/02/12,to-read,to-read (#925),to-read,,,,0,0
56238004,The Good Lie,A.R. Torre,"Torre, A.R.",,"=""1542020174""","=""9781542020176""",0,Thomas & Mercer,Kindle Edition,257,2021,2021,,2025/02/12,to-read,to-read (#924),to-read,,,,0,0
36315374,Jar of Hearts,Jennifer Hillier,"Hillier, Jennifer",,"=""1250154197""","=""9781250154194""",0,Minotaur Books,Hardcover,311,2018,2018,,2025/02/12,to-read,to-read (#923),to-read,,,,0,0
227959835,Behind Closed Doors (The Ivy Chronicles Book 2),Jaiyah Symone,"Symone, Jaiyah",,"=""""","=""""",0,,Kindle Edition,,2025,,,2025/02/12,to-read,to-read (#922),to-read,,,,0,0
199372268,"I Kill Killers (Psychological Thriller, #1)",S.T.  Ashman,"Ashman, S.T.",,"=""173785693X""","=""9781737856931""",0,Timeless Papers,Paperback,306,2023,2023,,2025/02/12,to-read,to-read (#921),to-read,,,,0,0
204124235,Shut the F*ck up and take this D*ck like a Good Girl (Bad Men Possessing Good Girls Book 1),K.L. Donn,"Donn, K.L.",,"=""""","=""""",2.0,KL Donn,Kindle Edition,158,2024,,2025/02/12,2025/02/10,,,read,,,,1,0
221381021,"Spotlight (Holland Brothers, #4)",Rebecca Jenshak,"Jenshak, Rebecca",,"=""1951815793""","=""9781951815790""",0,Rebecca Jenshak,Kindle Edition,432,2025,,,2025/02/12,to-read,to-read (#920),to-read,,,,0,0
208964636,"A Curse of Breath and Blood (The Mind Breaker, #1)",K.W. Foster,"Foster, K.W.",,"=""""","=""""",0,Aethon Books,Kindle Edition,440,2024,2024,,2025/02/12,to-read,to-read (#919),to-read,,,,0,0
56969425,Unprotected: A Memoir,Billy Porter,"Porter, Billy",,"=""1419746197""","=""9781419746192""",0,Harry N. Abrams,Hardcover,288,2021,2021,,2025/02/12,to-read,to-read (#918),to-read,,,,0,0
50882354,"The Gilded Cage (The Prison Healer, #2)",Lynette Noni,"Noni, Lynette",,"=""""","=""""",0,HMH Books for Young Readers ,Kindle Edition,465,2021,2021,,2025/02/12,to-read,to-read (#916),to-read,,,,0,0
50882394,"The Blood Traitor (The Prison Healer, #3)",Lynette Noni,"Noni, Lynette",,"=""0358436370""","=""9780358436379""",0,Houghton Mifflin Harcourt (Clarion Books),ebook,464,2022,2022,,2025/02/12,to-read,to-read (#917),to-read,,,,0,0
36199084,"The Kiss Quotient (The Kiss Quotient, #1)",Helen  Hoang,"Hoang, Helen",,"=""0451490819""","=""""",0,Berkley,Kindle Edition,333,2018,2018,,2025/02/12,to-read,to-read (#915),to-read,,,,0,0
49362138,Honey Girl,Morgan  Rogers,"Rogers, Morgan",,"=""1488077509""","=""9781488077500""",0,Park Row Books,Kindle Edition,352,2021,2021,,2025/02/11,to-read,to-read (#913),to-read,,,,0,0
58657,Little Black Girl Lost,Keith Lee Johnson,"Johnson, Keith Lee",,"=""0974702552""","=""9780974702551""",0,Urban Books,Paperback,356,2005,2005,,2025/02/11,to-read,to-read (#912),to-read,,,,0,0
53455236,Everything Is Love,Aubreé Pynn,"Pynn, Aubreé",,"=""""","=""""",0,,Kindle Edition,256,2020,,,2025/02/11,to-read,to-read (#910),to-read,,,,0,0
227801827,Her So Called Boyfriend: A Millionaire Romance : An African American Romance,Princess Diamond,"Diamond, Princess",,"=""""","=""""",0,"Cole Hart Signature, LLC",Kindle Edition,339,2025,,,2025/02/11,to-read,to-read (#909),to-read,,,,0,0
59651553,"Below Zero (The STEMinist Novellas, #3)",Ali Hazelwood,"Hazelwood, Ali",,"=""0593437837""","=""9780593437834""",3.0,Berkley,Kindle Edition,112,2022,2022,2025/02/11,2025/02/11,,,read,,,,1,0
59651555,"Stuck with You (The STEMinist Novellas, #2)",Ali Hazelwood,"Hazelwood, Ali",,"=""""","=""""",0,Berkley,Kindle Edition,127,2022,2022,,2025/02/11,to-read,to-read (#908),to-read,,,,0,0
59651557,"Under One Roof (The STEMinist Novellas, #1)",Ali Hazelwood,"Hazelwood, Ali",,"=""0593437810""","=""9780593437810""",0,Berkley,Kindle Edition,112,2022,2022,,2025/02/11,to-read,to-read (#907),to-read,,,,0,0
27362503,"It Ends with Us (It Ends with Us, #1)",Colleen Hoover,"Hoover, Colleen",,"=""1668021048""","=""9781668021040""",0,Atria Books,Kindle Edition,386,2023,2016,,2022/02/13,to-read,to-read (#906),to-read,,,,1,0
58710243,Seducing Her Fake Husband: African American Erotic Short Story (Kinky Karibbean),Kinky Karibbean,"Karibbean, Kinky",Kimolisa Mings,"=""""","=""""",2.0,,Kindle Edition,46,2015,,2025/02/10,2025/02/08,,,read,,,,1,0
223836782,Misfit Love 2,Jade Jones,"Jones, Jade",,"=""""","=""""",3.0,Jaded Publications,Kindle Edition,176,2025,,2025/02/08,2025/02/05,,,read,,,,1,0
204477226,Dangerous Obsession,S.K. Lettrich,"Lettrich, S.K.",,"=""""","=""""",0,,Kindle Edition,474,2024,,,2025/02/10,to-read,to-read (#905),to-read,,,,0,0
199149906,"Fourth Wing (Part 2 of 2) [Dramatized Adaptation] (The Empyrean, #1)",Rebecca Yarros,"Yarros, Rebecca","Khaya Fraites, Gabriel Michael, Lamont Ridgell, Taylor Coan, Torian Brackett, Rob McFadyen, Laura C. Harris, Jessica Lauren Ball, Robb Moreira, Megan Poppy, James Konicek, David Cui Cui, James J. Johnson, Henry W. Kramer, Nazia Chaudhry, Mike Carnes, Marni Penning, Stephanie Németh-Parker","=""""","=""9798890551054""",4.0,"Graphic Audio, LLC",Audiobook,11,2024,2024,2025/02/10,2025/02/07,,,read,,,,1,0
63219094,"Fourth Wing (The Empyrean, #1)",Rebecca Yarros,"Yarros, Rebecca",,"=""""","=""""",4.0,Entangled: Red Tower Books,Kindle Edition,665,2023,2023,,2025/02/10,,,read,,,,1,0
58475481,The Secrets We Share,Edwin   Hill,"Hill, Edwin",,"=""1496735412""","=""9781496735416""",0,Kensignton Books,Hardcover,296,2022,2022,,2025/02/09,to-read,to-read (#904),to-read,,,,0,0
59028577,Confessions of an Alleged Good Gir,Joya Goffney,"Goffney, Joya",,"=""0063024845""","=""9780063024847""",0,HarperCollins,Hardcover,368,2022,2022,,2025/02/09,to-read,to-read (#903),to-read,,,,0,0
196219692,"Taming 7 (Boys of Tommen, #5)",Chloe Walsh,"Walsh, Chloe",,"=""""","=""""",0,Bloom Books,Kindle Edition,464,2024,2024,,2025/02/09,to-read,to-read (#902),to-read,,,,0,0
212806677,"The Love Lyric (The Greene Sisters, #3)",Kristina Forest,"Forest, Kristina",,"=""0593817109""","=""9780593817100""",0,Berkley,Paperback,400,2025,2025,,2025/02/09,to-read,to-read (#901),to-read,,,,0,0
167582892,"The Marriage Favor (Crenshaw Kings, #1)",Shvonne Latrice,"Latrice, Shvonne",,"=""""","=""""",0,,Kindle Edition,533,2023,,,2025/02/09,to-read,to-read (#900),to-read,,,,0,0
223108710,The Wrong Heart,Jennifer Hartmann,"Hartmann, Jennifer",,"=""""","=""""",0,,Kindle Edition,392,2024,2021,,2025/02/09,to-read,to-read (#899),to-read,,,,0,0
60104474,Sins of the Syndicate (Sins #1),Lexxi James,"James, Lexxi",,"=""""","=""""",0,"Lexxi James, LLC",Kindle Edition,196,2022,,,2025/02/08,to-read,to-read (#898),to-read,,,,0,0
213234866,Through the Ice (Central State Hockey #1),Jaqueline Snowe,"Snowe, Jaqueline",,"=""""","=""""",0,,Kindle Edition,288,2024,2024,,2025/02/08,to-read,to-read (#897),to-read,,,,0,0
215544937,"Intrigued by Danger (The Danger Family, #3)",Endiya Carter,"Carter, Endiya",,"=""""","=""""",0,,Kindle Edition,554,2024,,,2025/02/08,to-read,to-read (#896),to-read,,,,0,0
211004954,Needy Little Things,Channelle Desamours,"Desamours, Channelle",,"=""1250334810""","=""9781250334817""",0,Wednesday Books,Hardcover,320,2025,2025,,2025/02/08,to-read,to-read (#895),to-read,,,,0,0
217182552,Say You'll Remember Me (Say You'll Remember Me #1),Abby Jimenez,"Jimenez, Abby",,"=""1538759195""","=""9781538759196""",0,Forever,Hardcover,368,2025,2025,,2025/02/08,to-read,to-read (#894),to-read,,,,0,0
217182344,"Enchantra (Wicked Games, #2)",Kaylie Smith,"Smith, Kaylie",,"=""1538770806""","=""9781538770801""",0,Forever,Paperback,448,2025,2025,,2025/02/08,to-read,to-read (#893),to-read,,,,0,0
200544094,"The Dixon Rule (Campus Diaries, #2)",Elle Kennedy,"Kennedy, Elle",,"=""1728260728""","=""9781728260723""",0,Bloom Books,Paperback,496,2024,2024,,2025/02/08,to-read,to-read (#892),to-read,,,,0,0
146941872,Redeeming 6 (Boys of Tommen #4),Chloe Walsh,"Walsh, Chloe",,"=""1464216029""","=""9781464216022""",0,Bloom Books,Paperback,784,2024,2023,,2025/02/08,to-read,to-read (#891),to-read,,,,0,0
59808792,"Sorrow and Starlight (Zodiac Academy, #8)",Caroline Peckham,"Peckham, Caroline",Susanne Valenti,"=""""","=""""",0,Amazon Digital Services,Kindle Edition,1242,2022,2022,,2025/02/08,to-read,to-read (#890),to-read,,,,0,0
146941869,"Saving 6 (Boys of Tommen, #3)",Chloe Walsh,"Walsh, Chloe",,"=""1464215995""","=""9781464215995""",0,Bloom Books,Paperback,512,2024,2023,,2025/02/08,to-read,to-read (#889),to-read,,,,0,0
195790586,The Rom-Commers,Katherine Center,"Center, Katherine",,"=""1250283809""","=""9781250283801""",0,St. Martin's Press,Hardcover,336,2024,2024,,2025/02/08,to-read,to-read (#888),to-read,,,,0,0
209568782,"Wild Eyes (Rose Hill, #2)",Elsie Silver,"Silver, Elsie",,"=""1464220824""","=""9781464220821""",0,Bloom Books,Paperback,464,2024,2024,,2025/02/08,to-read,to-read (#887),to-read,,,,0,0
58988426,Nora Goes Off Script,Annabel Monaghan,"Monaghan, Annabel",,"=""0593420039""","=""9780593420034""",0,G.P. Putnam's Sons,Hardcover,272,2022,2022,,2025/02/08,to-read,to-read (#886),to-read,,,,0,0
123233861,"The Graham Effect (Campus Diaries, #1)",Elle Kennedy,"Kennedy, Elle",,"=""1728283272""","=""9781728283272""",0,Bloom Books,Paperback,496,2023,2023,,2025/02/08,to-read,to-read (#885),to-read,,,,0,0
125090463,"Reckless (Chestnut Springs, #4)",Elsie Silver,"Silver, Elsie",,"=""1728297036""","=""9781728297033""",0,Bloom Books,Paperback,448,2023,2023,,2025/02/08,to-read,to-read (#884),to-read,,,,0,0
161184314,"Hopeless (Chestnut Springs, #5)",Elsie Silver,"Silver, Elsie",,"=""1728297044""","=""9781728297040""",0,Bloom Books,Paperback,448,2024,2023,,2025/02/08,to-read,to-read (#883),to-read,,,,0,0
125195303,"Powerless (Chestnut Springs, #3)",Elsie Silver,"Silver, Elsie",,"=""1728297028""","=""9781728297026""",0,Bloom Books,Paperback,464,2023,2023,,2025/02/08,to-read,to-read (#882),to-read,,,,0,0
84943172,"The Right Move (Windy City, #2)",Liz Tomforde,"Tomforde, Liz",,"=""""","=""""",0,Golden Boy Publishing LLC,Kindle Edition,499,2023,2023,,2025/02/08,to-read,to-read (#881),to-read,,,,0,0
60234574,"Hunting Adeline (Cat and Mouse, #2)",H.D. Carlton,"Carlton, H.D.",,"=""1957635010""","=""9781957635019""",0,H. D. Carlton,Paperback,649,2022,2022,,2025/02/08,to-read,to-read (#879),to-read,,,,0,0
56280947,"Doubletalk (Busy Bean, #6)",Teralyn Mitchell,"Mitchell, Teralyn",,"=""""","=""""",0,Heart Eyes Press,Kindle Edition,248,2021,2021,,2025/02/08,to-read,to-read (#878),to-read,,,,0,0
43126993,Simone: The Hired Mistress,Kamille Henry,"Henry, Kamille",,"=""""","=""""",0,,Kindle Edition,75,2018,,,2025/02/08,to-read,to-read (#877),to-read,,,,0,0
52257186,Cameron,Jade Jones,"Jones, Jade",,"=""""","=""""",0,Jaded Publications,Kindle Edition,166,2019,2012,,2025/02/08,to-read,to-read (#876),to-read,,,,0,0
26836051,Black Beauty (Everleaf #0.5),Constance Burris,"Burris, Constance",,"=""""","=""""",0,B.E. Publications,Kindle Edition,123,2015,2015,,2025/02/08,to-read,to-read (#875),to-read,,,,0,0
55214811,Pain Mixed With You,Nyerra,"Nyerra, Nyerra",,"=""""","=""""",0,Blue Sanity Inc.,Kindle Edition,91,2020,,,2025/02/08,to-read,to-read (#874),to-read,,,,0,0
27403382,"His Five Night Stand (Bedroom Secrets, #1)",Emma Thorne,"Thorne, Emma",,"=""1938767071""","=""9781938767074""",0,Hidden Beach Publications,Kindle Edition,169,2016,2015,,2025/02/08,to-read,to-read (#873),to-read,,,,0,0
39347386,"No Holds Barred (In the Heart of a Valentine, #1)",Stephanie Nicole Norris,"Norris, Stephanie Nicole",,"=""""","=""""",0,Amazon Digital Services,Kindle Edition,246,2018,2018,,2025/02/08,to-read,to-read (#872),to-read,,,,0,0
53929507,Certainly (The Love You Series Book 1),J. Shanee Byers,"Byers, J. Shanee",,"=""""","=""""",0,,Kindle Edition,136,2020,2020,,2025/02/08,to-read,to-read (#871),to-read,,,,0,0
209657831,"Between Fae & Flames (Daughter of the Gods, #1)",Trinity Matthews,"Matthews, Trinity",,"=""""","=""""",0,,Kindle Edition,272,2024,,,2025/02/08,to-read,to-read (#870),to-read,,,,0,0
38116410,She Used To Be The Sweetest Girl,BriAnn Danae,"Danae, BriAnn",,"=""""","=""""",0,Beyond The Book Publications,Kindle Edition,313,2018,,,2025/02/08,to-read,to-read (#869),to-read,,,,0,0
44070309,Girls Just Wanna Have Fund$,BriAnn Danae,"Danae, BriAnn",,"=""""","=""""",0,Beyond The Book Publications,Kindle Edition,302,2019,,,2025/02/08,to-read,to-read (#868),to-read,,,,0,0
50619337,A Hood Boy's Love Is Forever,Taniece,"Taniece, Taniece",,"=""""","=""""",0,,Kindle Edition,203,2020,,,2025/02/08,to-read,to-read (#867),to-read,,,,0,0
52389748,Love Is What You Make It,BriAnn Danae,"Danae, BriAnn",,"=""""","=""""",0,Beyond The Book Publications,Kindle Edition,236,2020,,,2025/02/08,to-read,to-read (#866),to-read,,,,0,0
41190338,She From The Gutta,BriAnn Danae,"Danae, BriAnn",,"=""""","=""""",0,Beyond The Book Publications,Kindle Edition,344,2018,,,2025/02/08,to-read,to-read (#864),to-read,,,,0,0
49599751,Stay For Awhile (What The Heart Wants Book 1),BriAnn Danae,"Danae, BriAnn",,"=""""","=""""",0,Beyond The Book Publications,Kindle Edition,134,2019,,,2025/02/08,to-read,to-read (#865),to-read,,,,0,0
55741308,The Interlude,BriAnn Danae,"Danae, BriAnn",,"=""""","=""""",0,Beyond The Book Publications,Kindle Edition,118,2020,,,2025/02/08,to-read,to-read (#863),to-read,,,,0,0
56060993,Trusting My Heart to the Realest,Taniece,"Taniece, Taniece",,"=""""","=""""",0,,Kindle Edition,149,2020,,,2025/02/08,to-read,to-read (#862),to-read,,,,0,0
207926909,Forbidden Love With a Down South Gangsta,Taniece,"Taniece, Taniece",,"=""""","=""""",0,,Kindle Edition,173,2024,,,2025/02/08,to-read,to-read (#861),to-read,,,,0,0
53860644,No Shade Sis,Niki Jilvontae,"Jilvontae, Niki","Tina Shivers, Tamyra Griffin","=""""","=""""",0,,Kindle Edition,107,2020,,,2025/02/08,to-read,to-read (#859),to-read,,,,0,0
223913715,Deadlock: A B-W.W.M Interracial Romance,Anthony Kim,"Kim, Anthony",,"=""""","=""""",0,,Kindle Edition,384,2025,,,2025/02/08,to-read,to-read (#860),to-read,,,,0,0
49931071,"A Cold Dark Place (Cold Justice, #1)",Toni Anderson,"Anderson, Toni",,"=""0991895878""","=""9780991895878""",0,Toni Anderson,Paperback,356,2019,2014,,2025/02/08,to-read,to-read (#858),to-read,,,,0,0
123427676,"A Not So Meet Cute (Cane Brothers, #1)",Meghan Quinn,"Quinn, Meghan",,"=""1728294339""","=""9781728294339""",0,Bloom Books,Paperback,416,2023,2021,,2025/02/08,to-read,to-read (#857),to-read,,,,0,0
29218832,Not Giving Up,Shantee' A. Parks (Posey Parks),"Parks), Shantee' A. Parks (Posey",Posey Parks,"=""""","=""""",0,Posey Parks Publishing,Kindle Edition,193,2016,,,2025/02/08,to-read,to-read (#856),to-read,,,,0,0
222637352,Mint and Regret,Patience Colby,"Colby, Patience",Craving Covers by Miko,"=""""","=""9798230708346""",0,TRS Books,Kindle Edition,422,2024,,,2025/02/08,to-read,to-read (#855),to-read,,,,0,0
219565334,Sacred (Ritual Sins #0.5),Stella Hart,"Hart, Stella",,"=""""","=""""",0,,Kindle Edition,49,2024,,,2025/02/08,to-read,to-read (#854),to-read,,,,0,0
34608621,"Wicked Favor (The Wicked Horse Vegas, #1)",Sawyer Bennett,"Bennett, Sawyer",,"=""""","=""""",0,"Big Dog Books, LLC",Kindle Edition,370,2017,2017,,2025/02/08,to-read,to-read (#853),to-read,,,,0,0
201563438,"Feel the Heat (Hot in the Kitchen, #1)",Kate Meader,"Meader, Kate",,"=""1954107390""","=""9781954107397""",0,Kate Meader LLC,Kindle Edition,360,2023,2013,,2025/02/08,to-read,to-read (#852),to-read,,,,0,0
217174423,"For Cesare (Chicago Syndicate, #0.5)",Soraya Naomi,"Naomi, Soraya",,"=""""","=""""",0,,Kindle Edition,67,2024,2017,,2025/02/08,to-read,to-read (#850),to-read,,,,0,0
204526724,Maksim (Las Vegas Petrov Bratva),Nicole Cypher,"Cypher, Nicole",,"=""""","=""""",0,,Kindle Edition,296,2024,,,2025/02/08,to-read,to-read (#851),to-read,,,,0,0
95717939,Accidental Mistress (Filthy Billionaires #2),Evelyn  Austin,"Austin, Evelyn",,"=""""","=""9798889080022""",0,Silver Griffon Associates,Kindle Edition,299,2023,,,2025/02/08,to-read,to-read (#848),to-read,,,,0,0
223112688,In Love with a Psychopath Girl - A College Romance (Campus Girls Series Book #1),Heart Yngrid,"Yngrid, Heart",,"=""""","=""""",0,Heart Yngrid,Kindle Edition,237,2024,,,2025/02/08,to-read,to-read (#849),to-read,,,,0,0
202286290,Everything That Lingers,Raina Ash,"Ash, Raina",,"=""""","=""""",0,Pink Fox Publishing,Kindle Edition,282,2023,,,2025/02/08,to-read,to-read (#847),to-read,,,,0,0
37420023,Racing Hearts,Candi Heart,"Heart, Candi",,"=""""","=""""",0,"Pinard House Publishing, LLC",Kindle Edition,164,2017,2017,,2025/02/08,to-read,to-read (#846),to-read,,,,0,0
109512514,The Last Time: A Valentines Day Short,L.  Renee,"Renee, L.",,"=""""","=""""",0,,Kindle Edition,57,2023,,,2025/02/08,to-read,to-read (#845),to-read,,,,0,0
57795665,The Locked Door,Freida McFadden,"McFadden, Freida",,"=""""","=""""",4.0,Hollywood Upstairs Press,Kindle Edition,313,2021,2021,2025/02/08,2025/01/10,,,read,,,,1,0
53286911,"Beneath the Stars (Sugarlake, #1)",Emily McIntire,"McIntire, Emily",,"=""""","=""""",0,,ebook,408,2020,2020,,2025/02/07,to-read,to-read (#844),to-read,,,,0,0
56415835,Strictly Forbidden (Playboys of New York),J.A. Low,"Low, J.A.",,"=""""","=""9798688193992""",0,Independently published,Paperback,286,2020,2020,,2025/02/07,to-read,to-read (#843),to-read,,,,0,0
204201075,"Yeah...Thanks (Lennox Hills, #2)",Jahquel J.,"J., Jahquel",,"=""""","=""""",0,,Kindle Edition,380,2023,,,2025/02/05,to-read,to-read (#842),to-read,,,,0,0
204523584,Second Chance Christmas,Jahquel J.,"J., Jahquel",,"=""""","=""""",0,Black Odyssey Media,Kindle Edition,274,2024,,,2025/02/05,to-read,to-read (#841),to-read,,,,0,0
107525164,A Taste of Dark Romance,Natasha Knight,"Knight, Natasha",A. Zavarelli,"=""""","=""""",0,,Kindle Edition,762,2023,,,2025/02/05,to-read,to-read (#840),to-read,,,,1,0
199149897,"Fourth Wing (Part 1 of 2) [Dramatized Adaptation] (The Empyrean, #1)",Rebecca Yarros,"Yarros, Rebecca",,"=""""","=""9798890551030""",5.0,"Graphic Audio, LLC",Audiobook,8,2023,2023,2025/02/05,2025/02/03,,,read,,,,1,0
211399788,Reclaiming the Black Body: Nourishing the Home Within,Alishia McCullough,"McCullough, Alishia",,"=""0593447484""","=""9780593447482""",0,The Dial Press,Hardcover,352,2025,,,2025/02/04,to-read,to-read (#839),to-read,,,,0,0
203164398,Lovely One: A Memoir,Ketanji Brown Jackson,"Jackson, Ketanji Brown",,"=""0593729900""","=""9780593729908""",0,Random House,Hardcover,432,2024,2024,,2025/02/04,to-read,to-read (#838),to-read,,,,0,0
152387598,Only for the Week,Natasha Bishop,"Bishop, Natasha",,"=""""","=""""",0,,Kindle Edition,244,2023,2023,,2025/02/04,to-read,to-read (#837),to-read,,,,0,0
87556695,Let Us Descend,Jesmyn Ward,"Ward, Jesmyn",,"=""198210449X""","=""9781982104498""",0,Scribner,Hardcover,305,2023,2023,,2025/02/04,to-read,to-read (#836),to-read,,,,0,0
61884981,Play to Win,Jodie Slaughter,"Slaughter, Jodie",,"=""1250821843""","=""9781250821843""",0,Griffin,Paperback,320,2023,2023,,2025/02/04,to-read,to-read (#835),to-read,,,,0,0
61685996,Rootless,Krystle Zara Appiah,"Appiah, Krystle Zara",,"=""0593500458""","=""9780593500453""",0,Ballantine Books,Hardcover,346,2023,2023,,2025/02/04,to-read,to-read (#834),to-read,,,,0,0
199532113,Between Friends & Lovers,Shirlene Obuobi,"Obuobi, Shirlene",,"=""0063307316""","=""9780063307315""",0,Avon,Paperback,368,2024,2024,,2025/02/04,to-read,to-read (#833),to-read,,,,0,0
177186086,"Those Beyond the Wall (The Space Between Worlds, #2)",Micaiah Johnson,"Johnson, Micaiah",,"=""0593497503""","=""9780593497500""",0,Del Rey,Hardcover,371,2024,2024,,2025/02/04,to-read,to-read (#832),to-read,,,,0,0
165938562,"The Partner Plot (The Greene Sisters, #2)",Kristina Forest,"Forest, Kristina",,"=""0593546458""","=""9780593546451""",0,Berkley Romance,Paperback,416,2024,2024,,2025/02/04,to-read,to-read (#831),to-read,,,,0,0
174146851,The American Daughters,Maurice Carlos Ruffin,"Ruffin, Maurice Carlos",,"=""0593729390""","=""9780593729397""",0,One World,Hardcover,304,2024,2024,,2025/02/04,to-read,to-read (#830),to-read,,,,0,0
199798557,Swift River,Essie J. Chambers,"Chambers, Essie J.",,"=""1668027917""","=""9781668027912""",0,Simon & Schuster,Hardcover,304,2024,2024,,2025/02/04,to-read,to-read (#829),to-read,,,,0,0
211004179,Listen to Your Sister,Neena Viel,"Viel, Neena",,"=""1250906326""","=""9781250906328""",0,St. Martin's Griffin,Paperback,352,2025,2025,,2025/02/04,to-read,to-read (#828),to-read,,,,0,0
195095780,Ours,Phillip B. Williams,"Williams, Phillip B.",,"=""059365482X""","=""9780593654828""",0,Viking,Hardcover,592,2024,2024,,2025/02/04,to-read,to-read (#827),to-read,,,,0,0
192724118,When I Think of You,Myah Ariel,"Ariel, Myah",,"=""0593640594""","=""9780593640593""",0,Berkley,Paperback,368,2024,2024,,2025/02/04,to-read,to-read (#826),to-read,,,,0,0
186872423,The Kiss Countdown,Etta Easton,"Easton, Etta",,"=""0593640225""","=""9780593640227""",0,Berkley,Paperback,336,2024,2024,,2025/02/04,to-read,to-read (#825),to-read,,,,0,0
181110001,Ella,Diane Richards,"Richards, Diane",,"=""0063338653""","=""9780063338654""",0,Amistad,Hardcover,384,2024,2024,,2025/02/04,to-read,to-read (#824),to-read,,,,0,0
199119061,What You Leave Behind,Wanda M. Morris,"Morris, Wanda M.",,"=""""","=""""",0,William Morrow Paperbacks,Kindle Edition,384,2024,2024,,2025/02/04,to-read,to-read (#823),to-read,,,,0,0
195820717,Missing White Woman,Kellye Garrett,"Garrett, Kellye",,"=""0316256978""","=""9780316256971""",0,"Little, Brown and Company",Hardcover,336,2024,2024,,2025/02/04,to-read,to-read (#822),to-read,,,,0,0
203751775,We Rip the World Apart,Charlene Carr,"Carr, Charlene",,"=""1728270448""","=""9781728270449""",0,Sourcebooks Landmark,Hardcover,464,2025,2025,,2025/02/04,to-read,to-read (#820),to-read,,,,0,0
212806640,Harlem Rhapsody,Victoria Christopher Murray,"Murray, Victoria Christopher",,"=""0593638484""","=""9780593638484""",0,Berkley,Hardcover,400,2025,2025,,2025/02/04,to-read,to-read (#821),to-read,,,,0,0
196841871,They Dream in Gold,Mai Sennaar,"Sennaar, Mai",,"=""1638931100""","=""9781638931102""",0,SJP Lit,Hardcover,432,2024,2024,,2025/02/04,to-read,to-read (#819),to-read,,,,0,0
201751081,And So I Roar,Abi Daré,"Daré, Abi",,"=""0593186559""","=""9780593186558""",0,Dutton,Hardcover,400,2024,2024,,2025/02/04,to-read,to-read (#818),to-read,,,,0,0
146146271,The Bookshop Sisterhood,Michelle Lindo-Rice,"Lindo-Rice, Michelle",,"=""0778334384""","=""9780778334385""",0,MIRA,Paperback,368,2024,2024,,2025/02/04,to-read,to-read (#817),to-read,,,,0,0
202102044,It's Elementary (Mavis Miller #1),Elise Bryant,"Bryant, Elise",,"=""0593640780""","=""9780593640784""",0,Berkley,Paperback,368,2024,2024,,2025/02/04,to-read,to-read (#816),to-read,,,,0,0
62292424,One of Us Knows,Alyssa Cole,"Cole, Alyssa",,"=""0063297132""","=""9780063297135""",0,William Morrow,Hardcover,352,2024,2024,,2025/02/04,to-read,to-read (#815),to-read,,,,0,0
204981755,THUG: A Ghetto Love Story,Jade Jones,"Jones, Jade",,"=""""","=""""",3.0,Jaded Publications,Kindle Edition,144,2024,,2025/01/29,2025/01/25,,,read,,,,1,0
86113758,Still Beating: A Dark Survival Romance,Jennifer Hartmann,"Hartmann, Jennifer",,"=""1728290597""","=""9781728290591""",4.0,Bloom Books,Paperback,336,2023,2020,2025/01/28,2024/10/14,,,read,,,,1,0
58941251,"The Ritual (L.O.R.D.S., #1)",Shantel Tessier,"Tessier, Shantel",,"=""""","=""""",0,Independently Published,Kindle Edition,552,2021,2021,,2024/07/05,"to-read, tbb-buddy-reads","to-read (#543), tbb-buddy-reads (#4)",to-read,,,,0,0
43798285,The Institute,Stephen  King,"King, Stephen",,"=""""","=""""",0,Scribner,Hardcover,561,2019,2019,,2025/01/27,to-read,to-read (#814),to-read,,,,0,0
28960405,Her Addiction (Her Addiction Series Book 1),Mia Black,"Black, Mia",,"=""""","=""""",0,,Kindle Edition,92,2016,,,2025/01/25,to-read,to-read (#813),to-read,,,,1,0
60194743,Viral Justice: How We Grow the World We Want,Ruha Benjamin,"Benjamin, Ruha",,"=""0691222886""","=""9780691222882""",0,Princeton University Press,Hardcover,392,2022,2022,,2025/01/24,to-read,to-read (#812),to-read,,,,0,0
40893132,The Surrogate Mother,Freida McFadden,"McFadden, Freida",,"=""""","=""""",0,Hollywood Upstairs Press,ebook,298,2018,2018,,2025/01/24,to-read,to-read (#811),to-read,,,,0,0
214925650,Protect Me,Lauren Biel,"Biel, Lauren",,"=""1959618210""","=""9781959618218""",0,Lauren Biel,Kindle Edition,180,2024,,,2025/01/24,to-read,to-read (#810),to-read,,,,0,0
65213277,The Guest,B.A. Paris,"Paris, B.A.",,"=""1250289424""","=""9781250289421""",0,St. Martin's Press,Hardcover,308,2024,2024,,2025/01/22,to-read,to-read (#809),to-read,,,,1,0
61326735,"Love, Theoretically",Ali Hazelwood,"Hazelwood, Ali",,"=""1408725797""","=""9781408725795""",4.0,Sphere,Paperback,389,2023,2023,2025/01/22,2023/12/05,,,read,,,,1,0
222210602,Psalm,Tatum James,"James, Tatum",,"=""""","=""""",3.0,B. Love Publications,Kindle Edition,226,2024,,2025/01/21,2025/01/13,,,read,,,,1,0
62056935,"Twisted Hate (Twisted, #3)",Ana Huang,"Huang, Ana",,"=""1728274885""","=""9781728274881""",0,Bloom,Paperback,500,2022,2022,,2025/01/21,to-read,to-read (#808),to-read,,,,0,0
60469260,"Iced Out (Leighton U, #1)",C.E. Ricci,"Ricci, C.E.",,"=""""","=""""",0,,Kindle Edition,358,2022,2022,,2025/01/20,to-read,to-read (#806),to-read,,,,0,0
191411135,"Promise Me Not (Boys of Avix, #2)",Meagan Brandy,"Brandy, Meagan",,"=""""","=""""",0,,Kindle Edition,451,2024,2024,,2025/01/20,to-read,to-read (#805),to-read,,,,0,0
54733883,The Moonlight Child,Karen McQuestion,"McQuestion, Karen",,"=""""","=""""",0,Nightsky Press,Kindle Edition,343,2020,2020,,2025/01/19,to-read,to-read (#804),to-read,,,,0,0
59571699,Love on the Brain,Ali Hazelwood,"Hazelwood, Ali",,"=""1408725789""","=""9781408725788""",0,Sphere,Kindle Edition,368,2022,2022,,2025/01/18,to-read,to-read (#802),to-read,,,,0,0
211004123,Beautiful Ugly,Alice Feeney,"Feeney, Alice",,"=""125033778X""","=""9781250337788""",0,Flatiron Books,Hardcover,306,2025,2025,,2025/01/15,to-read,to-read (#801),to-read,,,,0,0
53544752,Den of Vipers,K.A. Knight,"Knight, K.A.",,"=""""","=""""",0,,Kindle Edition,654,2020,2020,,2025/01/14,to-read,to-read (#800),to-read,,,,0,0
209814027,Terms of Love,Mel Dau,"Dau, Mel",,"=""""","=""""",0,B. Love Publications,Kindle Edition,170,2024,,,2025/01/13,to-read,to-read (#799),to-read,,,,1,0
221506014,Loved By A Cali Boss: Sincere and Beauty,Chelly P.,"P., Chelly",,"=""""","=""""",4.0,,Kindle Edition,220,2024,,2025/01/13,2025/01/05,,,read,,,,1,0
101124639,Bright Young Women,Jessica Knoll,"Knoll, Jessica",,"=""1501153226""","=""9781501153228""",0,S&S/ Marysue Rucci Books,Hardcover,384,2023,2023,,2025/01/12,to-read,to-read (#797),to-read,,,,0,0
53152636,Mexican Gothic,Silvia Moreno-Garcia,"Moreno-Garcia, Silvia",,"=""0525620788""","=""9780525620785""",3.0,Del Rey,Hardcover,320,2020,2020,2025/01/12,2024/11/16,,,read,,,,1,0
181344829,"Bride (Bride, #1)",Ali Hazelwood,"Hazelwood, Ali",,"=""""","=""""",5.0,Berkley,Kindle Edition,410,2024,2024,,2024/10/12,5-star-reads,5-star-reads (#29),read,,,,2,0
223473517,Jabari: The Crescent Falls Royals,Charity Shane',"Shane', Charity",,"=""""","=""""",0,KMP,Kindle Edition,281,2025,,,2025/01/11,to-read,to-read (#796),to-read,,,,0,0
211953338,The Inheritance,Trisha Sakhlecha,"Sakhlecha, Trisha",,"=""0593832566""","=""9780593832561""",0,Pamela Dorman Books,Hardcover,352,2025,2025,,2025/01/10,to-read,to-read (#795),to-read,,,,0,0
221521038,"Lights Out (Into Darkness, #1)",Navessa Allen,"Allen, Navessa",,"=""""","=""""",3.0,Zando – Slowburn,Kindle Edition,338,2024,2024,2025/01/09,2024/10/14,,,read,,,,1,0
23014603,Those Girls,Chevy Stevens,"Stevens, Chevy",,"=""1250034582""","=""9781250034588""",0,St. Martin's Press,Hardcover,384,2015,2015,,2025/01/09,to-read,to-read (#794),to-read,,,,0,0
221136759,Capturing The Heart Of A BBW Bully: A Country Town Urban Romance,Kim K.,"K., Kim",,"=""""","=""""",0,TIECE PRESENTS LLC,Kindle Edition,205,2024,,,2024/12/31,to-read,to-read (#793),to-read,,,,1,0
223172863,Misfit Love,Jade Jones,"Jones, Jade",,"=""""","=""""",4.0,Jaded Publications,Kindle Edition,302,2025,,2025/01/05,2025/01/03,,,read,,,,1,0
218700944,A Dark Place to Dream,Cait Clover,"Clover, Cait",,"=""1642921262""","=""9781642921267""",0,No Box Books,Kindle Edition,328,2024,,,2025/01/04,to-read,to-read (#792),to-read,,,,0,0
62080639,Demon's Dream,Elle Kayson,"Kayson, Elle",,"=""""","=""""",0,"Grand Penz Publications, LLC",Kindle Edition,750,2022,,,2025/01/04,to-read,to-read (#791),to-read,,,,0,0
129323340,"Our Fault (Culpable, #3)",Mercedes Ron,"Ron, Mercedes",,"=""1728290805""","=""9781728290805""",0,Bloom Books,Kindle Edition,442,2024,2018,,2025/01/03,to-read,to-read (#790),to-read,,,,0,0
59055193,Xavier (Spoiled Royal #1),Gia Bailey,"Bailey, Gia",,"=""""","=""""",0,Gia Bailey,Kindle Edition,103,2021,2021,,2025/01/03,to-read,to-read (#789),to-read,,,,0,0
221549852,Sir,AYELLE BURKE,"BURKE, AYELLE",,"=""""","=""9798989321476""",0,Ayelle Burke,Kindle Edition,341,2024,,,2025/01/01,to-read,to-read (#787),to-read,,,,0,0
207190252,For Better Or Blood,Kendra Necole,"Necole, Kendra",,"=""""","=""""",0,,Kindle Edition,248,2024,,,2025/01/01,to-read,to-read (#786),to-read,,,,0,0
214560712,Charming a King,Parker  Jones,"Jones, Parker",,"=""""","=""""",0,B. Love Publications,Kindle Edition,144,2024,,,2025/01/01,to-read,to-read (#785),to-read,,,,0,0
205644812,Think It's a Game,Nek Mills,"Mills, Nek",,"=""""","=""""",0,AJ PRESENTS,Kindle Edition,240,2024,,,2025/01/01,to-read,to-read (#784),to-read,,,,0,0
211855118,The Kinky Games We Play,Zaii,"Zaii, Zaii",,"=""""","=""""",0,,Kindle Edition,45,2024,,,2025/01/01,to-read,to-read (#783),to-read,,,,0,0
219577469,The Blueprint To Love,T'Lyn,"T'Lyn, T'Lyn",,"=""""","=""""",0,KMP,Kindle Edition,279,2024,,,2025/01/01,to-read,to-read (#782),to-read,,,,0,0
219448889,Who You Belong To,M.L. Bash,"Bash, M.L.",,"=""""","=""""",0,KMP,Kindle Edition,412,2024,,,2025/01/01,to-read,to-read (#781),to-read,,,,0,0
216677051,Giving A Real Thug Kisses 2,S. Yvonne,"Yvonne, S.",,"=""""","=""""",0,S.Yvonne Presents,Kindle Edition,164,2024,,,2025/01/01,to-read,to-read (#779),to-read,,,,0,0
220149964,Giving A Real Thug Kisses 3,S. Yvonne,"Yvonne, S.",,"=""""","=""""",0,S.Yvonne Presents,Kindle Edition,131,2024,,,2025/01/01,to-read,to-read (#780),to-read,,,,0,0
216229454,Giving A Real Thug Kisses,S. Yvonne,"Yvonne, S.",,"=""""","=""""",0,S.Yvonne Presents,Kindle Edition,226,2024,,,2025/01/01,to-read,to-read (#778),to-read,,,,0,0
218393758,AUGUST (SUMMERS Book 5),M. Monique,"Monique, M.",,"=""""","=""""",0,M MONIQUE PRESENTS,Kindle Edition,386,2024,,,2025/01/01,to-read,to-read (#777),to-read,,,,0,0
218598635,Makai Squared (Berkeley Bred),Grey Huffington,"Huffington, Grey",,"=""""","=""""",0,Huffington House,Kindle Edition,451,2024,,,2025/01/01,to-read,to-read (#776),to-read,,,,0,0
213957485,The Baker's Bully,Mesha Mesh,"Mesh, Mesha",,"=""""","=""""",0,,Kindle Edition,357,2024,,,2025/01/01,to-read,to-read (#775),to-read,,,,0,0
217333173,Promised to a Street King,Tatum James,"James, Tatum",,"=""""","=""""",0,B. Love Publications,Kindle Edition,372,2024,,,2025/01/01,to-read,to-read (#774),to-read,,,,0,0
214613318,Jonesing For Love: Marina's Motif,L. Osborne,"Osborne, L.",,"=""""","=""9798990943100""",0,L. Osborne,Kindle Edition,160,2024,,,2025/01/01,to-read,to-read (#773),to-read,,,,0,0
214565392,Fingertips (A Courageous Love),Terreece M. Clarke,"Clarke, Terreece M.",,"=""""","=""""",0,LifeSlice Media,Kindle Edition,354,2024,,,2025/01/01,to-read,to-read (#772),to-read,,,,0,0
195130699,Luca Squared (The Eisenberg Effect),Grey Huffington,"Huffington, Grey",,"=""""","=""""",0,Huffington House,Kindle Edition,570,2023,,,2025/01/01,to-read,to-read (#771),to-read,,,,0,0
178685336,The Rhythm of Blues (Love In Rhythm & Blues Book 1),Love Belvin,"Belvin, Love",,"=""""","=""""",0,"MKT Publishing, LLC",Kindle Edition,498,2023,,,2025/01/01,to-read,to-read (#770),to-read,,,,0,0
205787402,Zara Monet,Shantel Davis,"Davis, Shantel",,"=""""","=""""",0,,Kindle Edition,137,2024,,,2025/01/01,to-read,to-read (#769),to-read,,,,0,0
62884225,His Mouth Piece,Nicki Grace,"Grace, Nicki",,"=""""","=""""",0,,ebook,,2022,,,2025/01/01,to-read,to-read (#768),to-read,,,,0,0
209031924,"Never Better... Thanks (Lennox Hills, #3)",Jahquel J.,"J., Jahquel",Jay Pen Literary Services,"=""""","=""""",0,,Kindle Edition,492,2024,,,2025/01/01,to-read,to-read (#767),to-read,,,,0,0
171928141,Milo (Berkeley Bred Book 2),Grey Huffington,"Huffington, Grey",,"=""""","=""""",0,Huffington House,Kindle Edition,381,2023,,,2025/01/01,to-read,to-read (#766),to-read,,,,0,0
58535133,Malevolence,Smauggy,"Smauggy, Smauggy",,"=""""","=""""",0,,Kindle Edition,729,2021,,,2025/01/01,to-read,to-read (#765),to-read,,,,0,0
48760923,"Queen Move (All the King's Men, #3)",Kennedy Ryan,"Ryan, Kennedy",,"=""1952457025""","=""9781952457029""",0,Blue Box Press,Kindle Edition,300,2020,2020,,2025/01/01,to-read,to-read (#764),to-read,,,,0,0
53473867,All the King's Men Bonus Epilogue,Kennedy Ryan,"Ryan, Kennedy",,"=""""","=""""",0,,ebook,39,2020,2020,,2025/01/01,to-read,to-read (#763),to-read,,,,0,0
48559004,"The Rebel King (All the King's Men, #2)",Kennedy Ryan,"Ryan, Kennedy",,"=""""","=""""",0,Scribechick Media,Kindle Edition,342,2019,2019,,2025/01/01,to-read,to-read (#762),to-read,,,,0,0
45024651,"The Kingmaker (All the King's Men, #1)",Kennedy Ryan,"Ryan, Kennedy",,"=""1732144346""","=""9781732144347""",0,"Scribechick Media, LLC",Paperback,344,2019,2019,,2025/01/01,to-read,to-read (#761),to-read,,,,0,0
57502164,"Make My Move (Hannaford Prep, #5)",J. Bree,"Bree, J.",,"=""""","=""""",0,,Kindle Edition,318,2021,2021,,2025/01/01,to-read,to-read (#760),to-read,,,,0,0
49097696,"Play the Game (Hannaford Prep, #3)",J. Bree,"Bree, J.",,"=""""","=""""",0,Independently Published,Kindle Edition,408,2019,2019,,2025/01/01,to-read,to-read (#758),to-read,,,,0,0
50554041,"To The End (Hannaford Prep, #4)",J. Bree,"Bree, J.",,"=""""","=""""",0,Independently Published,Kindle Edition,352,2020,2020,,2025/01/01,to-read,to-read (#759),to-read,,,,0,0
48924855,"Just Drop Out (Hannaford Prep, #1)",J. Bree,"Bree, J.",,"=""""","=""""",0,Independently Published,Kindle Edition,304,2019,2019,,2025/01/01,to-read,to-read (#757),to-read,,,,0,0
49097688,"Make Your Move (Hannaford Prep, #2)",J. Bree,"Bree, J.",,"=""""","=""""",0,Independently Published,Kindle Edition,320,2019,2019,,2025/01/01,to-read,to-read (#756),to-read,,,,0,0
41442570,In Love With A East Coast Maniac: Grizz And Sundae,Jahquel J.,"J., Jahquel",,"=""""","=""""",0,Urban Chapters Publications,Kindle Edition,286,2018,,,2025/01/01,to-read,to-read (#755),to-read,,,,0,0
193773743,From Replied To Wifey (Brookwood Book 3),Jahquel J.,"J., Jahquel",,"=""""","=""""",0,Urban Chapters Publications,Kindle Edition,264,2024,,,2025/01/01,to-read,to-read (#754),to-read,,,,0,0
75297764,Confessions of a Hustla's Housekeeper 4 (Mathers Family),Jahquel J.,"J., Jahquel",,"=""""","=""""",0,,Kindle Edition,198,2022,,,2025/01/01,to-read,to-read (#753),to-read,,,,0,0
39002746,In Love With The King Of Harlem 5 (McKnight Family),Jahquel J.,"J., Jahquel",,"=""""","=""""",0,Urban Chapters Publications,Kindle Edition,221,2018,,,2025/01/01,to-read,to-read (#752),to-read,,,,0,0
35099899,"Homies, Lovers & Friends 4: A Brooklyn Love Story",Jahquel J.,"J., Jahquel",,"=""""","=""""",0,Royalty Publishing House,Kindle Edition,295,2017,,,2025/01/01,to-read,to-read (#751),to-read,,,,0,0
36347410,In Love With The King Of Harlem (McKnight Family Book 1),Jahquel J.,"J., Jahquel",,"=""""","=""""",0,Urban Chapters Publications,Kindle Edition,403,2017,2017,,2025/01/01,to-read,to-read (#750),to-read,,,,0,0
193548843,"From Come Over to Come Home (Brookwood, #1)",Jahquel J.,"J., Jahquel",,"=""""","=""""",0,,Kindle Edition,267,2024,,,2025/01/01,to-read,to-read (#749),to-read,,,,0,0
36560118,In Love With The King Of Harlem 2 (McKnight Family),Jahquel J.,"J., Jahquel",,"=""""","=""""",0,Urban Chapters Publications,Kindle Edition,376,2017,,,2025/01/01,to-read,to-read (#748),to-read,,,,0,0
34838884,"Homies, Lovers & Friends 3: A Brooklyn Love Story",Jahquel J.,"J., Jahquel",,"=""""","=""""",0,Royalty Publishing House,Kindle Edition,408,2017,,,2025/01/01,to-read,to-read (#747),to-read,,,,0,0
34554260,"Homies, Lovers & Friends 2: A Brooklyn Love Story",Jahquel J.,"J., Jahquel",,"=""""","=""""",0,Royalty Publishing House,Kindle Edition,208,2017,,,2025/01/01,to-read,to-read (#746),to-read,,,,0,0
200670018,"I'm Fine....Thanks (Lennox Hills, #1)",Jahquel J.,"J., Jahquel",,"=""""","=""""",0,,Kindle Edition,328,2023,,,2025/01/01,to-read,to-read (#745),to-read,,,,0,0
34327496,"Homies, Lovers & Friends: A Brooklyn Love Story",Jahquel J.,"J., Jahquel",,"=""""","=""""",0,Royalty Publishing House,Kindle Edition,222,2017,,,2025/01/01,to-read,to-read (#744),to-read,,,,0,0
61414479,Confessions of a Hustla's Housekeeper 3 (Mathers Family),Jahquel J.,"J., Jahquel",,"=""""","=""""",0,,Kindle Edition,227,2022,,,2025/01/01,to-read,to-read (#743),to-read,,,,0,0
60820872,Confessions of a Hustla's Housekeeper 2 (Mathers Family),Jahquel J.,"J., Jahquel",,"=""""","=""""",0,Urban Chapters Publications,Kindle Edition,272,2022,,,2025/01/01,to-read,to-read (#742),to-read,,,,0,0
36691896,In Love With The King Of Harlem 4,Jahquel J.,"J., Jahquel",,"=""""","=""""",0,Urban Chapters Publications,Kindle Edition,213,2017,,,2025/01/01,to-read,to-read (#741),to-read,,,,0,0
49319802,"Bittersweet (Equilibrium, #2.7)",Christina C. Jones,"Jones, Christina C.",,"=""""","=""""",0,Warm Hues Creative,Kindle Edition,98,2019,2019,,2025/01/01,to-read,to-read (#740),to-read,,,,0,0
42682380,Grow Something (Equilibrium #2.5),Christina C. Jones,"Jones, Christina C.",,"=""""","=""""",0,Warm Hues Creative,Kindle Edition,73,2018,2018,,2025/01/01,to-read,to-read (#739),to-read,,,,0,0
38236478,"Love Notes (Equilibrium, #1)",Christina C. Jones,"Jones, Christina C.",,"=""""","=""""",0,Warm Hues Creative,Kindle Edition,262,2018,2018,,2025/01/01,to-read,to-read (#737),to-read,,,,0,0
52057044,"In Tandem (Equilibrium, #2)",Christina C. Jones,"Jones, Christina C.",,"=""""","=""""",0,Warm Hues Creative,Kindle Edition,219,2019,2019,,2025/01/01,to-read,to-read (#738),to-read,,,,0,0
48643783,"Frosted. Whipped. Buttered. (Equilibrium, #2.6)",Christina C. Jones,"Jones, Christina C.",,"=""""","=""""",0,Warm Hues Creative,Kindle Edition,22,2019,2019,,2025/01/01,to-read,to-read (#736),to-read,,,,0,0
216123154,Counterfeit,Charity Shane',"Shane', Charity",,"=""""","=""""",0,KMP,Kindle Edition,288,2024,,,2024/12/31,to-read,to-read (#735),to-read,,,,0,0
212618327,So I Lied,Chelsea Ichaso,"Ichaso, Chelsea",,"=""1662521707""","=""9781662521706""",0,Thomas & Mercer,Kindle Edition,295,2025,2025,,2024/12/31,to-read,to-read (#734),to-read,,,,0,0
213263149,"Give Me a Reason (Redemption Hills, #1)",A.L. Jackson,"Jackson, A.L.",,"=""1649377797""","=""9781649377791""",0,Entangled: Amara,Paperback,364,2025,2021,,2024/12/31,to-read,to-read (#733),to-read,,,,0,0
213725649,The Psychopath Next Door,Mark  Edwards,"Edwards, Mark",,"=""1662508964""","=""9781662508967""",0,Thomas & Mercer,Kindle Edition,340,2025,2025,,2024/12/31,to-read,to-read (#732),to-read,,,,0,0
216375879,"Deceived by the Light (DI Bob Willis, #1)",Damien Boyd,"Boyd, Damien",,"=""1662524692""","=""9781662524691""",0,Thomas & Mercer,Kindle Edition,317,2025,,,2024/12/31,to-read,to-read (#731),to-read,,,,0,0
217987129,"Phantom (Cat and Mouse, #0)",H.D. Carlton,"Carlton, H.D.",Карина Горанова,"=""""","=""""",0,Montlake,Kindle Edition,326,2025,2025,,2024/12/31,to-read,to-read (#730),to-read,,,,0,0
195790531,House of Glass,Sarah Pekkanen,"Pekkanen, Sarah",,"=""125028399X""","=""9781250283993""",0,St. Martin's Press,Hardcover,341,2024,2024,,2024/12/31,to-read,to-read (#729),to-read,,,,0,0
62703226,The Only One Left,Riley Sager,"Sager, Riley",,"=""0593183223""","=""9780593183229""",0,Dutton,Hardcover,383,2023,2023,,2024/12/31,to-read,to-read (#728),to-read,,,,0,0
61149872,The Inmate,Freida McFadden,"McFadden, Freida",,"=""""","=""""",5.0,Hollywood Upstairs Press ,Kindle Edition,388,2022,2022,2024/02/13,2024/02/12,5-star-reads,5-star-reads (#21),read,,,,1,0
210482187,Variation,Rebecca Yarros,"Yarros, Rebecca",,"=""1662514697""","=""9781662514692""",0,Montlake,Kindle Edition,459,2024,2024,,2024/12/31,to-read,to-read (#727),to-read,,,,0,0
40097951,The Silent Patient,Alex Michaelides,"Michaelides, Alex",,"=""1250301696""","=""9781250301697""",5.0,Celadon Books,Hardcover,336,2019,2019,,2024/12/31,,,read,,,,1,0
199235727,"The Housemaid is Watching (The Housemaid, #3)",Freida McFadden,"McFadden, Freida",,"=""1464223319""","=""9781464223310""",5.0,Sourcebooks,Paperback,400,2024,2024,2024/08/11,2024/07/11,,,read,,,,1,0
62848145,"The Housemaid's Secret (The Housemaid, #2)",Freida McFadden,"McFadden, Freida",,"=""1837901317""","=""9781837901319""",5.0,Bookouture,Kindle Edition,311,2023,2023,2024/07/15,2023/03/06,,,read,,,,1,0
208503280,The Boyfriend,Freida McFadden,"McFadden, Freida",,"=""1728296226""","=""9781728296227""",4.0,Poisoned Pen Press,Paperback,368,2024,2024,,2024/12/31,,,read,,,,1,0
60556912,"The Housemaid (The Housemaid, #1)",Freida McFadden,"McFadden, Freida",,"=""1803144378""","=""9781803144375""",5.0,Bookouture,Kindle Edition,338,2022,2022,2024/07/05,2023/03/06,5-star-reads,5-star-reads (#19),read,,,,1,0
211148021,How My Neighbor Stole Christmas,Meghan Quinn,"Quinn, Meghan",,"=""1464230153""","=""9781464230158""",3.0,Bloom Books,Paperback,480,2024,2024,,2024/12/31,,,read,,,,1,0
213885457,Surviving Zaine (Lasher Brothers Duet #1),Mae K. Knight,"Knight, Mae K.",,"=""""","=""""",3.0,,Kindle Edition,92,2024,,2024/12/31,2024/12/31,,,read,,,,1,0
144407710,"Free Me (WITSEC, #4)",Ashley N. Rostek,"Rostek, Ashley N.",,"=""""","=""""",5.0,,Kindle Edition,235,2023,2023,2024/12/30,2024/12/27,,,read,,,,1,0
60728875,"Love Me (WITSEC, #3)",Ashley N. Rostek,"Rostek, Ashley N.",,"=""""","=""""",4.0,,Kindle Edition,276,2022,2022,2024/12/30,2024/12/27,,,read,,,,1,0
59356763,"Save Me (WITSEC, #2)",Ashley N. Rostek,"Rostek, Ashley N.",,"=""""","=""""",4.0,,Kindle Edition,244,2021,2021,2024/12/28,2024/12/27,,,read,,,,1,0
33858424,Call Me Daddy,Jade  West,"West, Jade",,"=""""","=""""",0,,Kindle Edition,293,2017,2017,,2024/12/28,to-read,to-read (#726),to-read,,,,0,0
221996813,Twelve Days Of Christmas With My Ex,Shaquoya Johnson,"Johnson, Shaquoya",,"=""""","=""""",4.0,,Kindle Edition,206,2024,,2024/12/15,2024/12/12,,,read,,,,1,0
58570701,"Find Me (WITSEC, #1)",Ashley N. Rostek,"Rostek, Ashley N.",,"=""""","=""""",5.0,,Kindle Edition,274,2021,2021,2024/12/27,2024/12/21,5-star-reads,5-star-reads (#15),read,,,,1,0
62091172,Miles Ever After (The Miles High Club),T.L. Swan,"Swan, T.L.",,"=""""","=""""",0,T L Swan,Kindle Edition,236,2023,2023,,2024/12/25,to-read,to-read (#725),to-read,,,,0,0
123194693,"Pucking Around (Jacksonville Rays, #1)",Emily Rath,"Rath, Emily",,"=""""","=""9798987793312""",0,Emily Rath Books,Kindle Edition,594,2023,2023,,2024/12/22,to-read,to-read (#723),to-read,,,,0,0
194802722,Funny Story,Emily Henry,"Henry, Emily",,"=""""","=""""",0,Berkley,Kindle Edition,395,2024,2024,,2024/12/22,to-read,to-read (#721),to-read,,,,0,0
34388807,"Grip (Grip, #1)",Kennedy Ryan,"Ryan, Kennedy",,"=""""","=""""",0,Kennedy Ryan,ebook,384,2017,2017,,2024/12/15,to-read,to-read (#712),to-read,,,,0,0
63141688,The Art Of Hood Love: Savvy,Antoinette Sherell,"Sherell, Antoinette",,"=""""","=""""",0,,Kindle Edition,273,2022,,,2024/12/15,to-read,to-read (#718),to-read,,,,1,0
51041541,Obsession (The Club #1),Lauren Rowe,"Rowe, Lauren",,"=""""","=""""",0,SoCoRo Publishing,Kindle Edition,368,2015,2015,,2024/12/21,"to-read, tbb-buddy-reads","to-read (#720), tbb-buddy-reads (#3)",to-read,,,,0,0
219375353,Your Love Is My Safety Net,Chelly P.,"P., Chelly",,"=""""","=""""",4.0,,Kindle Edition,124,2024,,2024/12/18,2024/12/03,,,read,,,,1,0
221566576,Never Flinch (Holly Gibney #4),Stephen  King,"King, Stephen",,"=""1399744356""","=""9781399744355""",0,Hodder & Stoughton,Kindle Edition,429,2025,2025,,2024/12/17,to-read,to-read (#719),to-read,,,,0,0
125274093,"Carnage (L.O.R.D.S., #5)",Shantel Tessier,"Tessier, Shantel",,"=""""","=""""",0,,Kindle Edition,628,2023,2023,,2024/12/15,to-read,to-read (#716),to-read,,,,0,0
204535779,"Madness (L.O.R.D.S., #6)",Shantel Tessier,"Tessier, Shantel",,"=""""","=""""",0,,Kindle Edition,788,2024,2024,,2024/12/15,to-read,to-read (#717),to-read,,,,0,0
199667406,"Now You're Mine (Possessing Her, #2)",Morgan Bridges,"Bridges, Morgan",,"=""""","=""""",0,Building Bridges Publishing,Kindle Edition,260,2023,2024,,2024/12/15,to-read,to-read (#715),to-read,,,,0,0
36252965,"Still (Grip, #2)",Kennedy Ryan,"Ryan, Kennedy",,"=""""","=""""",0,,ebook,394,2017,2017,,2024/12/15,to-read,to-read (#714),to-read,,,,0,0
34383953,"Flow (Grip, #0.5)",Kennedy Ryan,"Ryan, Kennedy",,"=""""","=""""",0,Kennedy Ryan,ebook,126,2017,2017,,2024/12/15,to-read,to-read (#713),to-read,,,,0,0
55207051,"Reel (Hollywood Renaissance, #1)",Kennedy Ryan,"Ryan, Kennedy",,"=""""","=""""",0,"Scribechick Media, LLC",Kindle Edition,434,2021,2021,,2024/12/15,to-read,to-read (#711),to-read,,,,0,0
208503278,"Keep Me (Sinful Manor, #1)",Sara Cate,"Cate, Sara",,"=""1728282195""","=""9781728282190""",0,Sourcebooks Casablanca,Paperback,336,2024,2024,,2024/11/04,"to-read, tbb-buddy-reads","to-read (#646), tbb-buddy-reads (#2)",to-read,,,,0,0
61411161,"The Neighbor Favor (The Greene Sisters, #1)",Kristina Forest,"Forest, Kristina",,"=""059354644X""","=""9780593546444""",0,Berkley,Kindle Edition,414,2023,2023,,2024/10/22,"to-read, tbb-buddy-reads","to-read (#684), tbb-buddy-reads (#1)",to-read,,,,1,0
58724801,The Bodyguard,Katherine Center,"Center, Katherine",,"=""1250219396""","=""9781250219398""",0,St. Martin's Press,Hardcover,302,2022,2022,,2024/12/15,to-read,to-read (#710),to-read,,,,0,0
129323426,"Your Fault (Culpable, #2)",Mercedes Ron,"Ron, Mercedes",,"=""1728290775""","=""9781728290775""",0,Bloom Books,Kindle Edition,426,2023,2017,,2024/12/15,to-read,to-read (#709),to-read,,,,0,0
219396580,"My Favorite Holidate (Evergreen Falls, #1)",Lauren Blakely,"Blakely, Lauren",,"=""196404829X""","=""9781964048291""",0,Lauren Blakely Books,Paperback,498,2024,2024,,2024/11/24,to-read,to-read (#664),to-read,,,,0,0
49123542,Christmas With The Okafors: An Ethic Holiday Edition,Ashley  Antoinette,"Antoinette, Ashley",,"=""""","=""""",0,Ashley Antoinette Inc.,Kindle Edition,276,2019,,,2024/12/14,to-read,to-read (#708),to-read,,,,0,0
221925098,Nuttin’ For Christmas,Ashantay Keys,"Keys, Ashantay",,"=""""","=""""",0,,Kindle Edition,56,2024,,,2024/12/14,to-read,to-read (#707),to-read,,,,0,0
221476833,F*cked Around And Fell In Love During The Holidays: Havoc & Duchess,Talena Tillman,"Tillman, Talena",,"=""""","=""""",0,,Kindle Edition,100,2024,,,2024/12/14,to-read,to-read (#706),to-read,,,,0,0
208830918,Kane: A Gangster's Love Story (Kane & Serenity Book 1),Talena Tillman,"Tillman, Talena",,"=""""","=""""",0,,Unknown Binding,,,,,2024/12/14,to-read,to-read (#705),to-read,,,,0,0
60056938,Gifted By A Goon For Christmas,Brii Taylor,"Taylor, Brii",,"=""""","=""""",0,,Kindle Edition,156,2022,,,2024/12/14,to-read,to-read (#702),to-read,,,,0,0
59699910,A Goon for Christmas,M. Monique,"Monique, M.",,"=""""","=""""",0,AJ PRESENTS,Kindle Edition,119,2021,,,2024/12/14,to-read,to-read (#701),to-read,,,,0,0
221196260,Loved By You (The Double Back Diaries Book 1),Alexandrea LeChelle,"LeChelle, Alexandrea",,"=""""","=""""",0,"Sweet Freckled Olives, Publishing Co.",Kindle Edition,415,2024,2024,,2024/12/14,to-read,to-read (#700),to-read,,,,0,0
58484127,We Are All So Good at Smiling,Amber McBride,"McBride, Amber",,"=""1250780381""","=""9781250780386""",0,Feiwel & Friends,Hardcover,291,2023,2023,,2024/12/14,to-read,to-read (#699),to-read,,,,0,0
42651014,When She's Broken,BriAnn Danae,"Danae, BriAnn",,"=""""","=""""",0,Beyond The Book Publications,Kindle Edition,216,2018,,,2024/12/14,to-read,to-read (#698),to-read,,,,0,0
56856611,From The Hood With Love,BriAnn Danae,"Danae, BriAnn",,"=""""","=""""",0,Beyond The Book Publications,Kindle Edition,264,2021,,,2024/12/14,to-read,to-read (#697),to-read,,,,0,0
75294295,"Thottie Or Nice (Erotic Love Language, #4)",BriAnn Danae,"Danae, BriAnn",,"=""""","=""""",0,Beyond The Book Publications,Kindle Edition,50,2022,,,2024/12/14,to-read,to-read (#696),to-read,,,,0,0
36042761,My Heart Is A Fool,BriAnn Danae,"Danae, BriAnn",,"=""""","=""""",0,Beyond The Book Publications,Kindle Edition,276,2017,,,2024/12/14,to-read,to-read (#695),to-read,,,,0,0
59828071,Trappin' Through The Snow,BriAnn Danae,"Danae, BriAnn",,"=""""","=""""",0,,Kindle Edition,,2021,,,2024/12/14,to-read,to-read (#694),to-read,,,,0,0
156218772,"Keep You To Myself (Unorthodox Love, #1)",BriAnn Danae,"Danae, BriAnn",,"=""""","=""""",0,Beyond The Book Publications,Kindle Edition,332,2023,,,2024/12/14,to-read,to-read (#693),to-read,,,,0,0
215058826,Heat of the Moment (Evermore Series Book 1),BriAnn Danae,"Danae, BriAnn",,"=""""","=""""",0,Beyond The Book Publications,Kindle Edition,119,2024,2024,,2024/12/14,to-read,to-read (#692),to-read,,,,0,0
199781173,"All He Ever Wanted (Million Dollar Baby, #2)",Tay Mo'Nae,"Mo'Nae, Tay",,"=""""","=""""",0,Tay Mo'Nae Presents,Kindle Edition,280,2023,2023,,2024/12/14,to-read,to-read (#691),to-read,,,,0,0
60879775,Wade in the Water,Nyani Nkrumah,"Nkrumah, Nyani",,"=""0063226618""","=""9780063226616""",0,Amistad,Hardcover,320,2023,2023,,2024/12/14,to-read,to-read (#690),to-read,,,,0,0
222193677,Wyatt: The Barlowe Mafia (Mafia Misfit Novel),Asia Monique,"Monique, Asia",,"=""""","=""""",0,Alayla J. Presents,Kindle Edition,322,2024,,,2024/12/14,to-read,to-read (#689),to-read,,,,0,0
221573722,Human Resources: A Happy Holiday Short (Happy Holidays Shorts),Aria Daze,"Daze, Aria",David Blackwell,"=""""","=""""",0,,Kindle Edition,124,2024,,,2024/12/14,to-read,to-read (#688),to-read,,,,0,0
221101222,Mister President (The Mister Series Book 13),B. Love,"Love, B.",,"=""""","=""""",0,Prolific Pen Pusher,Kindle Edition,298,2024,,,2024/12/14,to-read,to-read (#687),to-read,,,,0,0
221826056,Fervor: An Arranged Hearts Spin-Off,Monica Walters,"Walters, Monica",Latisha Burns,"=""""","=""""",0,,Kindle Edition,196,2024,,,2024/12/14,to-read,to-read (#686),to-read,,,,0,0
222114578,Naughty and Leaked (Naughty November 24 Book 13),A. Blossom,"Blossom, A.",,"=""""","=""""",0,B. Love Publications,Kindle Edition,104,2024,,,2024/12/14,to-read,to-read (#685),to-read,,,,0,0
211929737,How My Neighbor Stole Christmas,Meghan Quinn,"Quinn, Meghan",,"=""""","=""""",3.0,,Kindle Edition,482,2024,2024,2024/12/13,2024/11/24,,,read,,,,1,0
58442500,Side Chicks Catch Feelings Too,Ashley Te'Arra,"Te'Arra, Ashley",,"=""""","=""""",2.0,Ashley Te'Arra,Kindle Edition,121,2021,,2024/12/12,2024/12/03,,,read,,,,1,0
61401417,"Holiday Romance (Fitzpatrick Christmas, #1)",Catherine  Walsh,"Walsh, Catherine",,"=""1803145455""","=""""",0,Bookouture,Kindle Edition,354,2022,2022,,2024/12/09,to-read,to-read (#683),to-read,,,,0,0
75663742,Wreck the Halls,Tessa Bailey,"Bailey, Tessa",,"=""0063308304""","=""9780063308305""",0,Avon,Paperback,351,2023,2023,,2024/12/09,to-read,to-read (#682),to-read,,,,0,0
222387079,Home For The Holiday,T'Lyn,"T'Lyn, T'Lyn",,"=""""","=""""",0,,Kindle Edition,103,2024,,,2024/12/09,to-read,to-read (#681),to-read,,,,0,0
199534613,Margo's Got Money Troubles,Rufi Thorpe,"Thorpe, Rufi",,"=""0063356589""","=""9780063356580""",0,William Morrow,Hardcover,304,2024,2024,,2024/12/09,to-read,to-read (#680),to-read,,,,0,0
216476388,The Widow's Husband's Secret Lie,Freida McFadden,"McFadden, Freida",,"=""""","=""""",3.0,Hollywood Upstairs Press,Kindle Edition,125,2024,2024,,2024/09/17,,,read,,,,2,0
57143893,"As Good As Dead (A Good Girl's Guide to Murder, #3)",Holly  Jackson,"Jackson, Holly",,"=""059337987X""","=""9780593379875""",3.0,Delacorte Press,Kindle Edition,458,2021,2021,2024/12/05,2024/07/11,,,read,,,,1,0
218592963,Pressure Cooker,Mel Dau,"Dau, Mel",,"=""""","=""""",3.0,B. Love Publications,Kindle Edition,147,2024,,2024/12/03,2024/11/30,,,read,,,,1,0
196710048,"Monster Pucker (Pucking Monsters, #1)",Clio Evans,"Evans, Clio",Ashley Bennett,"=""""","=""""",0,,Kindle Edition,134,2023,2023,,2024/12/03,to-read,to-read (#679),to-read,,,,0,0
61425509,"Silent Vows (The Byrne Brothers, #1)",Jill Ramsower,"Ramsower, Jill",,"=""""","=""""",0,,Paperback,350,2022,2022,,2024/12/03,to-read,to-read (#678),to-read,,,,0,0
58082198,"Homicide and Halo-Halo (Tita Rosie's Kitchen Mystery, #2)",Mia P. Manansala,"Manansala, Mia P.",,"=""0593201698""","=""9780593201695""",0,Berkley,Paperback,279,2022,2022,,2024/12/03,to-read,to-read (#677),to-read,,,,0,0
220389455,All by My Elf,Olivia Dade,"Dade, Olivia",,"=""166252823X""","=""9781662528231""",0,Amazon Original Stories,Kindle Edition,54,2024,2024,,2024/12/03,to-read,to-read (#676),to-read,,,,0,0
203423751,Krampussed by the Monster,Charlotte Fox,"Fox, Charlotte",,"=""""","=""""",0,,Kindle Edition,45,2023,,,2024/12/03,to-read,to-read (#675),to-read,,,,0,0
204259213,Unscrooged by the Monsters: A Christmas Monster Romcom Erotica (Paranormal Reverse Harem Shorts Book 12),Charlotte Fox,"Fox, Charlotte",,"=""""","=""""",0,,Kindle Edition,53,2023,,,2024/12/03,to-read,to-read (#674),to-read,,,,0,0
212006181,"Puck Block (Bexley U, #3)",S.J. Sylvis,"Sylvis, S.J.",,"=""""","=""9798990125711""",0,Sj Sylvis Books LLC,Paperback,366,2024,,,2024/12/03,to-read,to-read (#673),to-read,,,,0,0
220389458,Cruel Winter with You,Ali Hazelwood,"Hazelwood, Ali",,"=""1662528396""","=""9781662528392""",0,Amazon Original Stories,Kindle Edition,72,2024,2024,,2024/12/03,to-read,to-read (#672),to-read,,,,0,0
63874606,"The Sacrifice (L.O.R.D.S., #3)",Shantel Tessier,"Tessier, Shantel",,"=""""","=""""",0,Independently Published,Kindle Edition,626,2023,2023,,2024/12/02,to-read,to-read (#671),to-read,,,,0,0
60831811,Beautiful Graves,L.J. Shen,"Shen, L.J.",,"=""1542036321""","=""9781542036320""",0,Montlake,Kindle Edition,373,2022,2022,,2024/12/01,to-read,to-read (#670),to-read,,,,0,0
58289462,You're My Home,Katie  Moore,"Moore, Katie",,"=""1955730008""","=""9781955730006""",0,,Kindle Edition,460,2021,2021,,2024/11/29,to-read,to-read (#669),to-read,,,,0,0
218653358,Make Mine a Gangsta (The Patton Brothers Book 1),K.L. Hall,"Hall, K.L.",,"=""""","=""""",0,B. Love Publications,Kindle Edition,224,2024,,,2024/11/22,to-read,to-read (#668),to-read,,,,1,0
216572766,Elfemies to Lovers (A North Pole Christmas #1),Jennifer Chipman,"Chipman, Jennifer",,"=""""","=""""",0,Jennifer Chipman,Kindle Edition,274,2024,,,2024/11/24,to-read,to-read (#667),to-read,,,,0,0
108620784,XO,D.  Rose,"Rose, D.",,"=""""","=""""",0,Rosebud Press,Kindle Edition,53,2023,,,2024/11/24,to-read,to-read (#666),to-read,,,,0,0
166395597,Pretty Monster,Sheridan Anne,"Anne, Sheridan",,"=""""","=""""",0,,Kindle Edition,440,2023,2023,,2024/11/24,to-read,to-read (#665),to-read,,,,0,0
176029296,Baecation: An Erotic Love Story,Tacarra,"Tacarra, Tacarra",,"=""""","=""""",3.0,Urban Dynasty Publications,Kindle Edition,45,2023,,,2024/10/24,,,read,,,,2,0
56983691,Taste - An Erotic Novella,Fatima Munroe,"Munroe, Fatima",,"=""""","=""""",3.0,Monreaux Publications,Kindle Edition,100,2021,,2024/11/21,2024/11/20,,,read,,,,1,0
195826133,Married to a Rich Gangster,Tatum James,"James, Tatum",,"=""""","=""""",0,B. Love Publications,Kindle Edition,208,2023,,,2024/11/20,to-read,to-read (#663),to-read,,,,1,0
59947265,Say What You Want: A New Year Novella,Fatima Munroe,"Munroe, Fatima",,"=""""","=""""",5.0,Monreaux Publications,Kindle Edition,111,2021,,2024/11/20,2024/11/20,,,read,,,,1,0
217353358,Taming Kane (Fated Mates #1),Tessa   Stone,"Stone, Tessa",,"=""""","=""""",0,,Kindle Edition,208,2024,2024,,2024/10/25,to-read,to-read (#662),to-read,,,,1,0
209950981,The Boyfriend,Freida McFadden,"McFadden, Freida",,"=""""","=""""",4.0,Hollywood Upstairs Press,Kindle Edition,370,2024,2024,2024/11/20,2024/07/11,,,read,,,,1,0
214310631,"Scythe & Sparrow (The Ruinous Love Trilogy, #3)",Brynne Weaver,"Weaver, Brynne",,"=""163893181X""","=""9781638931812""",0,Slowburn,Paperback,390,2025,2025,,2024/11/17,to-read,to-read (#661),to-read,,,,0,0
45299992,"If You Tell: A True Story of Murder, Family Secrets, and the Unbreakable Bond of Sisterhood",Gregg Olsen,"Olsen, Gregg",,"=""1542005248""","=""9781542005241""",0,Thomas & Mercer,Kindle Edition,431,2019,2019,,2024/11/16,to-read,to-read (#660),to-read,,,,0,0
55987278,"Once Upon a Broken Heart (Once Upon a Broken Heart, #1)",Stephanie Garber,"Garber, Stephanie",,"=""1250268397""","=""9781250268396""",0,Flatiron Books,Hardcover,408,2021,2021,,2024/11/16,"to-read, tbb-buddy-reads","to-read (#659), tbb-buddy-reads (#34)",to-read,,,,0,0
75513900,"Powerless (The Powerless Trilogy, #1)",Lauren  Roberts,"Roberts, Lauren",,"=""""","=""""",0,,Kindle Edition,526,2023,2023,,2024/11/16,to-read,to-read (#658),to-read,,,,0,0
58468990,The Paris Apartment,Lucy Foley,"Foley, Lucy",,"=""0063003058""","=""9780063003057""",0,William Morrow,Hardcover,360,2022,2022,,2024/11/16,to-read,to-read (#657),to-read,,,,0,0
52656911,The Guest List,Lucy Foley,"Foley, Lucy",,"=""""","=""""",0,William Morrow,Kindle Edition,319,2020,2020,,2024/11/16,to-read,to-read (#656),to-read,,,,0,0
40579948,Call Me Torn (The Richards #1),Nia Arthurs,"Arthurs, Nia",,"=""""","=""""",4.0,,Kindle Edition,238,2018,2018,2024/11/16,2024/11/12,,,read,,,,1,0
216247471,Flirting Lessons,Jasmine Guillory,"Guillory, Jasmine",,"=""0593100913""","=""9780593100912""",0,Berkley,Paperback,416,2025,2025,,2024/11/16,to-read,to-read (#655),to-read,,,,0,0
161184313,"A Thousand Broken Pieces (A Thousand Boy Kisses, #2)",Tillie Cole,"Cole, Tillie",,"=""1728297095""","=""9781728297095""",0,Bloom Books,Paperback,336,2024,2024,,2024/11/14,to-read,to-read (#653),to-read,,,,0,0
194020321,Home Is Where the Bodies Are,Jeneva Rose,"Rose, Jeneva",,"=""""","=""9798212182843""",3.0,"Blackstone Publishing, Inc.",Hardcover,256,2024,2024,2024/11/11,2024/07/11,,,read,,,,1,0
220860524,A Second Chance of Love with A Millionaire,KING Nificent,"Nificent, KING",,"=""""","=""""",0,,Kindle Edition,196,2024,,,2024/11/11,to-read,to-read (#652),to-read,,,,1,0
220336693,Spend My Life with You (Richardson Sibling Trilogy Book 2),Monique Fisher,"Fisher, Monique",,"=""""","=""""",0,,Kindle Edition,258,2024,,,2024/11/11,to-read,to-read (#651),to-read,,,,0,0
157286114,"Hot for Teacher (Richardson Sibling Trilogy, #1)",Monique Fisher,"Fisher, Monique",,"=""""","=""9798218215491""",5.0,,Kindle Edition,235,2023,,2024/11/11,2024/07/14,,,read,,,,1,0
169625067,"Good Intentions (The Road to Hell, #1)",Brenda K. Davies,"Davies, Brenda K.",,"=""""","=""""",0,,Kindle Edition,424,2016,2016,,2024/11/09,to-read,to-read (#650),to-read,,,,1,0
61287183,Bitter Best Friend: When Jealousy Kills (Bitter Bestfriend Book 1),Niki Jilvontae,"Jilvontae, Niki",Ny' Cole,"=""""","=""""",3.0,,Kindle Edition,88,2022,,2024/11/05,2024/11/01,,,read,,,,1,0
33574273,"A Wrinkle in Time (Time Quintet, #1)",Madeleine L'Engle,"L'Engle, Madeleine",,"=""1250153271""","=""9781250153272""",4.0,Square Fish,Paperback,218,2017,1962,2024/11/05,2024/11/05,,,read,,,,1,0
62599126,Heart Renewed,Charity Shane',"Shane', Charity",,"=""""","=""""",0,KMP,Kindle Edition,260,2022,,,2024/11/04,to-read,to-read (#649),to-read,,,,0,0
205168056,Forbidden Love,Shalini  Sharma,"Sharma, Shalini",,"=""""","=""""",0,,Kindle Edition,177,2024,,,2024/11/04,to-read,to-read (#648),to-read,,,,0,0
204294849,A Novel Christmas,Charity Shane',"Shane', Charity",,"=""195795051X""","=""9781957950518""",0,Black Odyssey Media,Paperback,256,2024,2024,,2024/11/04,to-read,to-read (#647),to-read,,,,0,0
207539140,My Choice Is You,Mel Dau,"Dau, Mel",,"=""""","=""""",3.0,B. Love Publications,Kindle Edition,200,2024,,2024/10/29,2024/10/27,,,read,,,,2,0
205762622,"The Finish Line (The Ravenhood, #3)",Kate  Stewart,"Stewart, Kate",,"=""1496754638""","=""9781496754639""",0,Kensington,Paperback,560,2024,2021,,2024/10/28,to-read,to-read (#645),to-read,,,,0,0
217927395,"Rebel in the Deep (Crimson Sails, #3)",Katee Robert,"Robert, Katee",,"=""059363912X""","=""9780593639122""",0,Berkley,Paperback,352,2025,2025,,2024/10/28,to-read,to-read (#644),to-read,,,,0,0
214310537,"Butcher & Blackbird (The Ruinous Love Trilogy, #1)",Brynne Weaver,"Weaver, Brynne",,"=""1638932352""","=""9781638932352""",0,Slowburn,Hardcover,368,2024,2023,,2024/10/27,to-read,to-read (#643),to-read,,,,0,0
54507085,Make It Nasty For Me (The Nasty Series Book 1),Tacarra,"Tacarra, Tacarra",,"=""""","=""""",2.0,Nikki Brown Presents,Kindle Edition,47,2020,,2024/10/24,2024/10/22,,,read,,,,1,0
206023355,"Throttled (Dirty Air, #1)",Lauren Asher,"Asher, Lauren",,"=""1734258705""","=""9781734258707""",0,,Kindle Edition,378,2024,2020,,2024/10/23,to-read,to-read (#641),to-read,,,,0,0
219629588,Shadow Daddy (One Handed Holidays),G. Eilsel,"Eilsel, G.",,"=""""","=""""",0,,Kindle Edition,157,2024,,,2024/10/23,to-read,to-read (#639),to-read,,,,0,0
10429045,"Shatter Me (Shatter Me, #1)",Tahereh Mafi,"Mafi, Tahereh",,"=""0062085484""","=""9780062085481""",2.0,Harper,Hardcover,338,2011,2011,2024/10/23,2024/10/21,,,read,,,,1,0
199681479,Khan's Choice,Tacarra,"Tacarra, Tacarra",,"=""""","=""""",4.0,Urban Dynasty Publications,Kindle Edition,102,2023,,2024/10/22,2024/10/22,,,read,,,,1,0
201145400,"Love Unwritten (Lakefront Billionaires, #2)",Lauren Asher,"Asher, Lauren",,"=""""","=""""",5.0,,Kindle Edition,551,2024,2024,2024/10/22,2024/07/11,,,read,,,,1,0
40396699,The Silent Patient,Alex Michaelides,"Michaelides, Alex",,"=""""","=""""",5.0,Celadon Books,Kindle Edition,362,2019,2019,2024/10/15,2023/12/05,,,read,,,,1,0
46015758,"If It Bleeds (Holly Gibney, #2)",Stephen  King,"King, Stephen",,"=""""","=""""",0,Scribner ,Kindle Edition,438,2020,2020,,2024/10/14,to-read,to-read (#638),to-read,,,,0,0
36124936,"The Outsider (Holly Gibney, #1)",Stephen  King,"King, Stephen",,"=""1501180983""","=""9781501180989""",0,Scribner,Hardcover,561,2018,2018,,2024/10/14,to-read,to-read (#637),to-read,,,,0,0
215525361,My Husband's Past,Shari J. Ryan,"Ryan, Shari J.",,"=""1835258913""","=""9781835258910""",0,Bookouture,Kindle Edition,354,2024,,,2024/10/14,to-read,to-read (#636),to-read,,,,0,0
59762456,How to Survive Your Murder,Danielle Valentine,"Valentine, Danielle",,"=""0593352017""","=""9780593352014""",0,Razorbill,Hardcover,299,2022,2022,,2024/10/14,to-read,to-read (#635),to-read,,,,0,0
199368721,"Wild Love (Rose Hill, #1)",Elsie Silver,"Silver, Elsie",,"=""0349441626""","=""9780349441627""",0,Piatkus,Kindle Edition,466,2024,2024,,2024/10/14,to-read,to-read (#634),to-read,,,,0,0
58340706,"One Dark Window (The Shepherd King, #1)",Rachel Gillig,"Gillig, Rachel",,"=""0316312487""","=""9780316312486""",0,Orbit,Paperback,432,2022,2022,,2024/10/14,to-read,to-read (#633),to-read,,,,0,0
218891107,AWOL: Absent Without Love,Charity Shane',"Shane', Charity",,"=""""","=""""",0,KMP,Kindle Edition,220,2024,,,2024/10/14,to-read,to-read (#632),to-read,,,,0,0
209012789,If He Had Been with Me,Laura Nowlin,"Nowlin, Laura",Noémie Saint-Gal,"=""2266340409""","=""9782266340403""",0,Pocket Jeunesse,Paperback,400,2024,2013,,2024/10/14,to-read,to-read (#631),to-read,,,,0,0
203579177,The Last One at the Wedding,Jason Rekulak,"Rekulak, Jason",,"=""1250895782""","=""9781250895783""",0,Flatiron Books,Hardcover,338,2024,2024,,2024/10/14,to-read,to-read (#630),to-read,,,,0,0
57200226,The Casanova (The Miles High Club #3),T.L. Swan,"Swan, T.L.",,"=""154202806X""","=""9781542028066""",0,Montlake,Kindle Edition,507,2021,2021,,2024/10/14,to-read,to-read (#629),to-read,,,,0,0
78537577,"Kiss and Spell (Elemental Love, #2)",Celestine Martin,"Martin, Celestine",,"=""1538738082""","=""9781538738085""",0,Forever,Paperback,384,2023,2023,,2024/10/14,to-read,to-read (#628),to-read,,,,0,0
51335759,"Good Girl, Bad Blood (A Good Girl's Guide to Murder, #2)",Holly  Jackson,"Jackson, Holly",,"=""1405297751""","=""9781405297752""",3.0,Electric Monkey,Paperback,446,2020,2020,2024/10/13,2024/09/30,,,read,,,,1,0
77267196,"The Fine Print (Dreamland Billionaires, #1)",Lauren Asher,"Asher, Lauren",,"=""""","=""""",5.0,,Kindle Edition,450,2023,2021,2024/10/12,2024/07/11,,,read,,,,1,0
211139743,Knocked Up By An Atlanta Beast 2: Finale,Dani Littlepage,"Littlepage, Dani",,"=""""","=""""",3.0,"Twyla T. Presents, LLC",Kindle Edition,140,2024,,2024/10/12,2024/10/11,,,read,,,,1,0
208954507,Knocked Up By An Atlanta Beast,Dani Littlepage,"Littlepage, Dani",,"=""""","=""""",4.0,"Twyla T. Presents, LLC",Kindle Edition,142,2024,,2024/10/11,2024/10/10,,,read,,,,1,0
216179811,Voluptuous Curves For A Savage 3,Ro. J,"J, Ro.",,"=""""","=""""",4.0,S.Yvonne Presents,Kindle Edition,90,2024,,2024/10/05,2024/10/04,,,read,,,,1,0
210320270,Voluptuous Curves For A Savage 2,Ro. J,"J, Ro.",,"=""""","=""""",4.0,S.Yvonne Presents,Kindle Edition,81,2024,,2024/10/04,2024/10/04,,,read,,,,1,0
209683292,A Gangster's BBW Obsession 2,Mz. Lady P,"P, Mz. Lady",,"=""""","=""""",0,Literary Queen Publications,Kindle Edition,135,2024,,,2024/09/02,to-read,to-read (#627),to-read,,,,1,0
209441620,Voluptuous Curves For A Savage,Ro. J,"J, Ro.",,"=""""","=""""",5.0,S.Yvonne Presents,Kindle Edition,102,2024,,2024/10/04,2024/10/01,,,read,,,,1,0
54197718,One by One,Freida McFadden,"McFadden, Freida",,"=""""","=""""",4.0,Hollywood Upstairs Press,Kindle Edition,295,2020,2020,,2024/07/22,,,read,,,,2,0
203914517,"Exodus (The Ravenhood, #2)",Kate  Stewart,"Stewart, Kate",,"=""149675462X""","=""9781496754622""",0,Kensington,Paperback,544,2024,2020,,2024/10/03,to-read,to-read (#626),to-read,,,,0,0
38819868,"My Sister, the Serial Killer",Oyinkan Braithwaite,"Braithwaite, Oyinkan",,"=""0385544235""","=""9780385544238""",0,Doubleday,Hardcover,226,2018,2018,2024/09/26,2022/02/13,,,read,,,,1,0
173404023,A Love Song for Ricki Wilde,Tia Williams,"Williams, Tia",,"=""153872670X""","=""9781538726709""",0,Grand Central Publishing,Hardcover,339,2024,2024,,2024/09/16,to-read,to-read (#625),to-read,,,,1,0
61122293,"EAT MY WIFE: A COMPILATION: Parts 1, 2, and 3",Rachel Jordan,"Jordan, Rachel",,"=""""","=""""",3.0,,Kindle Edition,207,2022,,2024/09/25,2024/09/17,,,read,,,,1,0
44431860,More Myself: A Journey,Alicia Keys,"Keys, Alicia",Michelle Burford,"=""1250153301""","=""9781250153302""",0,Flatiron Books,Kindle Edition,272,2020,2020,,2022/02/13,to-read,to-read (#288),to-read,,,,0,0
61127888,Zora Books Her Happy Ever After,Taj McCoy,"McCoy, Taj",,"=""0369732847""","=""9780369732842""",0,Mira,Kindle Edition,311,2023,2023,,2024/02/25,to-read,to-read (#505),to-read,,,,0,0
38589642,The Sweetest Revenge (The Sweetest Love Book 1),Grey Huffington,"Huffington, Grey",,"=""""","=""""",3.0,Grey and Company,Kindle Edition,58,2018,,2024/09/17,2024/09/17,,,read,,,,1,0
40916679,"A Good Girl's Guide to Murder (A Good Girl's Guide to Murder, #1)",Holly  Jackson,"Jackson, Holly",,"=""1405293187""","=""9781405293181""",5.0,Electric Monkey,Paperback,433,2019,2019,2024/09/17,2023/12/01,5-star-reads,5-star-reads (#10),read,,,,1,0
210901648,"Forbidden Games (Make Me Volume, #2)",Katee Robert,"Robert, Katee",,"=""1335147306""","=""9781335147301""",0,Harlequin Feature,Paperback,336,2025,2025,,2024/09/17,to-read,to-read (#624),to-read,,,,0,0
210333562,Obsessed With A Plus Size Barbie,Jatoria C.,"C., Jatoria",,"=""""","=""""",0,"Cole Hart Signature, LLC",Kindle Edition,132,2024,,,2024/08/18,to-read,to-read (#623),to-read,,,,1,0
119022163,Caught Up In His Blood Ties,Mz. Lady P.,"P., Mz. Lady",,"=""""","=""""",3.0,LITERARY QUEEN PUBLICATIONS,Kindle Edition,159,2023,,2024/09/10,2024/09/03,,,read,,,,1,0
197522424,Control,Omar Tyree,"Tyree, Omar",,"=""1496748042""","=""9781496748041""",3.0,Dafina,Hardcover,288,2024,,2024/09/10,2024/08/28,,,read,,,,1,0
206011132,A Gangster's BBW Obsession,Mz. Lady P,"P, Mz. Lady",,"=""""","=""""",5.0,Literary Queen Publications,Kindle Edition,145,2024,,2024/09/03,2024/09/02,5-star-reads,5-star-reads (#31),read,,,,1,0
213615577,A Gangster's BBW Obsession 3,Mz. Lady P,"P, Mz. Lady",,"=""""","=""""",0,Literary Queen Publications,Kindle Edition,127,2024,,,2024/09/02,to-read,to-read (#622),to-read,,,,0,0
25574782,Pretty Girls,Karin Slaughter,"Slaughter, Karin",,"=""0062430874""","=""9780062430878""",3.0,William Morrow,Paperback,432,2015,2015,,2024/06/26,,,read,,,,3,0
36121086,Saving Noah,Lucinda Berry,"Berry, Lucinda",,"=""""","=""""",4.0,Rise Press,ebook,259,2017,2017,2024/08/22,2024/07/11,,,read,,,,1,0
60784636,All the Dangerous Things,Stacy Willingham,"Willingham, Stacy",,"=""1250803853""","=""9781250803856""",0,Minotaur Books,Hardcover,326,2023,2023,,2024/07/22,to-read,to-read (#621),to-read,,,,1,0
61458888,You Shouldn't Have Come Here,Jeneva Rose,"Rose, Jeneva",,"=""""","=""9798212182805""",3.0,Blackstone Publishing,Hardcover,292,2023,2023,2024/07/30,2024/07/11,,,read,,,,1,0
215996973,BBW AND THE BEAST: A Obsessive Love Saga (BARBIE & BBW BEAST SERIES Book 1),Barbie Amor,"Amor, Barbie",Barbie Scott,"=""""","=""""",4.0,,Kindle Edition,167,2024,,2024/07/26,2024/07/15,,,read,,,,1,0
206251313,"Illicit Temptations (Make Me Volume, #1)",Katee Robert,"Robert, Katee",,"=""1335928278""","=""9781335928276""",0,Harlequin,Paperback,320,2024,,,2024/07/15,to-read,to-read (#620),to-read,,,,0,0
58938609,Hidden Pictures,Jason Rekulak,"Rekulak, Jason",,"=""1250819369""","=""9781250819369""",0,Flatiron Books,Kindle Edition,375,2022,2022,,2024/07/13,to-read,to-read (#619),to-read,,,,0,0
62926938,The Seven Year Slip,Ashley Poston,"Poston, Ashley",,"=""""","=""""",0,Berkley,Paperback,336,2023,2023,,2024/07/11,to-read,to-read (#618),to-read,,,,0,0
199743738,The Midnight Feast,Lucy Foley,"Foley, Lucy",,"=""0063003104""","=""9780063003101""",0,William Morrow,Hardcover,368,2024,2024,,2024/07/11,to-read,to-read (#617),to-read,,,,0,0
29437949,Behind Closed Doors,B.A. Paris,"Paris, B.A.",,"=""1250121000""","=""9781250121004""",0,St. Martin's Press,Hardcover,293,2016,2016,,2024/07/11,to-read,to-read (#616),to-read,,,,0,0
53142315,What Lies Between Us,John Marrs,"Marrs, John",,"=""""","=""""",0,Thomas & Mercer,Paperback,363,2020,2020,,2024/07/11,to-read,to-read (#615),to-read,,,,0,0
80830635,Don't Let Her Stay,Nicola Sanders,"Sanders, Nicola",,"=""""","=""""",0,,Kindle Edition,292,2023,2023,,2024/07/11,to-read,to-read (#614),to-read,,,,0,0
60168787,Ask for Andrea,Noelle W. Ihli,"Ihli, Noelle W.",,"=""""","=""""",0,Dynamite Books,ebook,272,2022,2022,,2024/07/11,to-read,to-read (#613),to-read,,,,0,0
61918816,"Yours Truly (Part of Your World, #2)",Abby Jimenez,"Jimenez, Abby",,"=""1538704390""","=""9781538704394""",0,Forever,Paperback,398,2023,2023,,2024/07/11,to-read,to-read (#612),to-read,,,,0,0
35297426,Then She Was Gone,Lisa Jewell,"Jewell, Lisa",,"=""1501154648""","=""9781501154645""",0,Atria Books,Paperback,356,2018,2017,,2024/07/11,to-read,to-read (#611),to-read,,,,0,0
61381555,Run on Red,Noelle W. Ihli,"Ihli, Noelle W.",,"=""""","=""""",0,"Dynamite Books, LLC",Kindle Edition,291,2022,2022,,2024/07/11,to-read,to-read (#610),to-read,,,,0,0
127279000,Listen for the Lie,Amy Tintera,"Tintera, Amy",,"=""1250880319""","=""9781250880314""",0,Celadon Books,Hardcover,336,2024,2024,,2024/07/11,to-read,to-read (#609),to-read,,,,0,0
63139946,Everyone Here Is Lying,Shari Lapena,"Lapena, Shari",,"=""0593489934""","=""9780593489932""",0,Pamela Dorman Books,Hardcover,336,2023,2023,,2024/07/11,to-read,to-read (#608),to-read,,,,0,0
40886917,"The Perfect Child (Hannah Bauer, #1)",Lucinda Berry,"Berry, Lucinda",,"=""""","=""""",0,Thomas & Mercer,Kindle Edition,371,2019,2019,,2024/07/11,to-read,to-read (#607),to-read,,,,0,0
210481441,Twisted Friction,Layla Moon,"Moon, Layla",,"=""""","=""""",0,Layla Moon Publishing,Kindle Edition,178,2024,,,2024/07/11,to-read,to-read (#606),to-read,,,,0,0
210409690,Mob Princess (The O’Rourke Brotherhood #3),Sabine Barclay,"Barclay, Sabine",,"=""""","=""""",0,Oliver Heber Books,Kindle Edition,428,2024,,,2024/07/11,to-read,to-read (#605),to-read,,,,0,0
213566612,One Eighty Too,Charity Shane',"Shane', Charity",,"=""""","=""""",0,KMP,Kindle Edition,211,2024,,,2024/07/11,to-read,to-read (#604),to-read,,,,0,0
76703559,"Throne of Glass (Throne of Glass, #1)",Sarah J. Maas,"Maas, Sarah J.",,"=""163973094X""","=""9781639730940""",0,Bloomsbury Publishing,Hardcover,406,2023,2012,,2024/07/11,to-read,to-read (#603),to-read,,,,0,0
61411806,"Hunted by My Stepbrothers (Family Confessions, #1)",A.K.  Rose,"Rose, A.K.",Angel Lawson,"=""""","=""""",0,,Kindle Edition,187,2022,,,2024/07/11,to-read,to-read (#602),to-read,,,,0,0
216079201,Allison (LMAO Book 3),Sabrina B. Scales,"Scales, Sabrina B.",,"=""""","=""""",0,B. Love Publications,Kindle Edition,292,2024,,,2024/07/11,to-read,to-read (#601),to-read,,,,0,0
209633011,Flight to Parris (Greenbrook Lovers #3),Danielle   Brooks,"Brooks, Danielle",,"=""""","=""""",0,,Kindle Edition,122,2024,,,2024/07/11,to-read,to-read (#600),to-read,,,,0,0
141222882,Stepbrother Dearest (Crimson Club #1),Willow Dixon,"Dixon, Willow",,"=""""","=""""",0,,Kindle Edition,319,2023,2023,,2024/07/11,to-read,to-read (#599),to-read,,,,0,0
154986013,"Curvy Girl Summer (Curve, #1)",Danielle Allen,"Allen, Danielle",,"=""1250331048""","=""9781250331045""",0,Bramble,Paperback,360,2024,2024,,2024/07/11,to-read,to-read (#598),to-read,,,,0,0
195820807,"Just for the Summer (Part of Your World, #3)",Abby Jimenez,"Jimenez, Abby",,"=""1538704439""","=""9781538704431""",0,Forever,Paperback,432,2024,2024,,2024/07/11,to-read,to-read (#597),to-read,,,,0,0
26032825,"The Cruel Prince (The Folk of the Air, #1)",Holly Black,"Black, Holly",,"=""0316310271""","=""9780316310277""",0,"Little, Brown Books for Young Readers",Hardcover,384,2018,2018,,2024/07/11,to-read,to-read (#596),to-read,,,,0,0
53175322,Root Magic,Eden Royce,"Royce, Eden",,"=""0062899570""","=""9780062899576""",0,Walden Pond Press,Hardcover,352,2021,2021,,2024/07/11,to-read,to-read (#595),to-read,,,,0,0
64633980,Near Miss (Dìleas Security Agency #1),C.S.  Smith,"Smith, C.S.",,"=""""","=""9798985854909""",0,Jug End Media LLC,Paperback,331,2023,2023,,2024/07/11,to-read,to-read (#594),to-read,,,,0,0
40045986,The Last Letter,Rebecca Yarros,"Yarros, Rebecca",,"=""1640635335""","=""9781640635333""",0,Entangled: Amara,Paperback,426,2019,2019,,2024/07/11,to-read,to-read (#593),to-read,,,,0,0
53138095,"A ​Court of Silver Flames (A Court of Thorns and Roses, #5)",Sarah J. Maas,"Maas, Sarah J.",,"=""168119628X""","=""9781681196282""",0,Bloomsbury Publishing,Hardcover,757,2021,2021,,2024/07/11,to-read,to-read (#592),to-read,,,,0,0
60600222,Sabotage,Shantel Tessier,"Tessier, Shantel",,"=""""","=""""",0,,ebook,229,2022,2022,,2024/07/11,to-read,to-read (#591),to-read,,,,0,0
125310117,The Perfect Fit,Sadie Kincaid,"Kincaid, Sadie",,"=""1915663334""","=""9781915663337""",0,Red House Press,Kindle Edition,420,2023,2023,,2024/07/11,to-read,to-read (#590),to-read,,,,0,0
140111148,She's Not Sorry,Mary Kubica,"Kubica, Mary",,"=""0778308065""","=""9780778308065""",0,Park Row,Hardcover,330,2024,2024,,2024/07/11,to-read,to-read (#589),to-read,,,,0,0
199067011,Chantel & Dax (This ain't love Book 5),Charity Shane',"Shane', Charity",,"=""""","=""""",0,KMP,Kindle Edition,48,2023,,,2024/07/11,to-read,to-read (#588),to-read,,,,0,0
205839564,"Hide Away With You (Kings of Eden Falls, #1)",Judy Corry,"Corry, Judy",,"=""""","=""""",0,Cherry Blossom Romance,Paperback,406,2024,,,2024/07/11,to-read,to-read (#587),to-read,,,,0,0
22859810,"Grand Opening (The Family Business, #0)",Carl Weber,"Weber, Carl",Eric Pete,"=""1622869117""","=""9781622869114""",0,Urban Books,Hardcover,304,2015,2015,,2024/07/11,to-read,to-read (#586),to-read,,,,0,0
58410355,"Nightbane (Lightlark, #2)",Alex Aster,"Aster, Alex",,"=""""","=""""",0,Abrams,Kindle Edition,432,2023,2023,,2024/07/11,to-read,to-read (#585),to-read,,,,0,0
201486250,"Chaos (Beneath the Secrets, #1)",Luna Mason,"Mason, Luna",,"=""""","=""""",0,,Kindle Edition,558,2024,,,2024/07/11,to-read,to-read (#584),to-read,,,,0,0
200555195,A Passionate Mind in Relentless Pursuit: The Vision of Mary McLeod Bethune,Noliwe Rooks,"Rooks, Noliwe",,"=""0593492420""","=""9780593492420""",0,Penguin Press,Hardcover,208,2024,,,2024/07/11,to-read,to-read (#583),to-read,,,,0,0
195791316,Loud: Accept Nothing Less Than the Life You Deserve,Drew Afualo,"Afualo, Drew",,"=""0374614059""","=""9780374614058""",0,AUWA,Hardcover,256,2024,2024,,2024/07/11,to-read,to-read (#582),to-read,,,,0,0
44643289,"Hook Shot (Hoops, #3)",Kennedy Ryan,"Ryan, Kennedy",,"=""""","=""""",0,Scribechick Media,Kindle Edition,443,2019,2019,,2024/07/11,to-read,to-read (#581),to-read,,,,0,0
50022883,"Defy the Night (Defy the Night, #1)",Brigid Kemmerer,"Kemmerer, Brigid",,"=""1547604670""","=""9781547604678""",0,Bloomsbury YA,ebook,448,2021,2021,,2024/07/11,to-read,to-read (#580),to-read,,,,0,0
62816044,"A Curse for True Love (Once Upon a Broken Heart, #3)",Stephanie Garber,"Garber, Stephanie",,"=""1250851203""","=""9781250851208""",0,Flatiron,Hardcover,386,2023,2023,,2024/07/11,to-read,to-read (#579),to-read,,,,0,0
33623863,"Sold (Highest Bidder, #2)",Lauren Landish,"Landish, Lauren",Willow Winters,"=""""","=""""",0,,Kindle Edition,294,2016,2016,,2024/07/11,to-read,to-read (#578),to-read,,,,0,0
33293523,Bought (Highest Bidder #1),Lauren Landish,"Landish, Lauren",Willow Winters,"=""""","=""""",0,,ebook,296,2016,2016,,2024/07/11,to-read,to-read (#577),to-read,,,,0,0
58041342,The Book of Lost Friends,Lisa Wingate,"Wingate, Lisa",,"=""1984819909""","=""9781984819901""",0,Ballantine Books,Paperback,416,2021,2020,,2024/07/11,to-read,to-read (#576),to-read,,,,0,0
38355282,Watching You,Lisa Jewell,"Jewell, Lisa",,"=""1501190075""","=""9781501190070""",0,Atria Books,Hardcover,320,2018,2018,,2024/07/11,to-read,to-read (#575),to-read,,,,0,0
127616032,"Scythe & Sparrow (The Ruinous Love Trilogy, #3)",Brynne Weaver,"Weaver, Brynne",,"=""""","=""""",0,,Hardcover,416,2025,2025,,2024/07/11,to-read,to-read (#574),to-read,,,,0,0
90202302,"Iron Flame (The Empyrean, #2)",Rebecca Yarros,"Yarros, Rebecca",,"=""1649374178""","=""9781649374172""",0,Entangled: Red Tower Books,Hardcover,623,2023,2023,,2024/07/11,to-read,to-read (#573),to-read,,,,0,0
209439446,"Onyx Storm (The Empyrean, #3)",Rebecca Yarros,"Yarros, Rebecca",,"=""1649374186""","=""9781649374189""",0,Red Tower Books,Hardcover,544,2025,2025,,2024/07/11,to-read,to-read (#572),to-read,,,,0,0
215201738,Make Me Want It Too (Make Me #2),Rae  Kennedy,"Kennedy, Rae",,"=""1964999006""","=""9781964999005""",0,Rake Publishing,ebook,0,2024,,,2024/07/11,to-read,to-read (#571),to-read,,,,0,0
34016600,Doll House,John                  Hunt,"Hunt, John",,"=""""","=""""",0,Black Rose Writing,ebook,205,2017,2017,,2024/07/11,to-read,to-read (#570),to-read,,,,0,0
199244880,"Once You're Mine (Possessing Her, #1)",Morgan Bridges,"Bridges, Morgan",,"=""""","=""""",0,Building Bridges Publishing,Kindle Edition,308,2023,2023,,2024/07/11,to-read,to-read (#569),to-read,,,,0,0
34195065,The Last Mrs. Parrish,Liv Constantine,"Constantine, Liv",,"=""""","=""""",0,Harper ,ebook,400,2017,2017,,2024/07/11,to-read,to-read (#568),to-read,,,,0,0
124928583,Far From Friends,A.C. Taylor,"Taylor, A.C.",,"=""""","=""""",5.0,,Kindle Edition,254,2023,,2024/07/10,2024/06/26,5-star-reads,5-star-reads (#26),read,,,,1,0
198391014,Burn (Spine Ridge University),Clarissa Wild,"Wild, Clarissa",,"=""""","=""9798223130420""",0,Clarissa Wild,Paperback,72,2023,2023,,2024/07/10,to-read,to-read (#567),to-read,,,,0,0
123205520,"Evil Boys (Spine Ridge University, #2)",Clarissa Wild,"Wild, Clarissa",,"=""""","=""""",0,Clarissa Wild,Kindle Edition,510,2023,,,2024/07/10,to-read,to-read (#566),to-read,,,,0,0
122996919,"Sick Boys (Spine Ridge University, #1)",Clarissa Wild,"Wild, Clarissa",,"=""""","=""""",0,,Kindle Edition,517,2023,2023,,2024/07/10,to-read,to-read (#565),to-read,,,,0,0
194074260,"Vile Boys (Spine Ridge University, #3)",Clarissa Wild,"Wild, Clarissa",,"=""""","=""""",0,,Kindle Edition,537,2024,2024,,2024/07/10,to-read,to-read (#564),to-read,,,,0,0
57803151,You Truly Assumed,Laila Sabreen,"Sabreen, Laila",,"=""1335418652""","=""9781335418654""",0,Inkyard Press,Hardcover,352,2022,2022,,2024/07/10,to-read,to-read (#563),to-read,,,,0,0
36687229,Hood Feminism: Notes from the Women That a Movement Forgot,Mikki Kendall,"Kendall, Mikki",,"=""""","=""""",0,Viking,Hardcover,267,2020,2020,,2024/07/10,to-read,to-read (#562),to-read,,,,0,0
45862763,The Love I Lost: A Short Story,DeQuindra Renea,"Renea, DeQuindra",,"=""""","=""""",0,,Kindle Edition,67,2019,,,2024/07/10,to-read,to-read (#561),to-read,,,,0,0
55536685,The Center: Breeon's Story,DeQuindra Renea,"Renea, DeQuindra",,"=""""","=""""",0,,Kindle Edition,146,2020,,,2024/07/10,to-read,to-read (#560),to-read,,,,0,0
53544287,Blazing Deception 2: The Accelerant,DeQuindra Renea,"Renea, DeQuindra",,"=""""","=""""",0,,Kindle Edition,172,2020,,,2024/07/10,to-read,to-read (#559),to-read,,,,0,0
58528449,The Girls in the Panic Room,DeQuindra Renea,"Renea, DeQuindra",,"=""""","=""9798718912906""",0,Independently published,Paperback,247,2021,,,2024/07/10,to-read,to-read (#558),to-read,,,,0,0
21912107,Blazing Deception,DeQuindra Renea,"Renea, DeQuindra",,"=""0615991599""","=""9780615991597""",0,DeQuindra Renea,Paperback,296,2014,2014,,2024/07/10,to-read,to-read (#557),to-read,,,,0,0
203688844,Not What She Seems,Yasmin Angoe,"Angoe, Yasmin",,"=""1662508328""","=""9781662508325""",0,Thomas & Mercer,Kindle Edition,390,2024,2024,,2024/07/10,to-read,to-read (#556),to-read,,,,0,0
56182388,"The Finish Line (The Ravenhood, #3)",Kate  Stewart,"Stewart, Kate",,"=""""","=""9798701102628""",0,Independently published,Paperback,539,2021,2021,,2024/07/10,to-read,to-read (#555),to-read,,,,0,0
62171046,"Dark Restraint (Dark Olympus, #7)",Katee Robert,"Robert, Katee",,"=""1728262828""","=""9781728262826""",0,Sourcebooks Casablanca,Paperback,300,2024,2024,,2024/07/09,to-read,to-read (#552),to-read,,,,0,0
60310757,"Lightlark (Lightlark, #1)",Alex Aster,"Aster, Alex",,"=""""","=""""",0,Harry N. Abrams,Hardcover,416,2022,2022,,2024/07/05,to-read,to-read (#551),to-read,,,,0,0
48642680,"Hate (Madison Kate, #1)",Tate James,"James, Tate",,"=""""","=""""",0,Foxy Publishing,Kindle Edition,418,2020,2020,,2024/07/05,to-read,to-read (#550),to-read,,,,0,0
202022154,The Surrogate Nanny (The Nanny Series Book 1),A.N. Boyden,"Boyden, A.N.",Em Jay,"=""""","=""""",0,,Kindle Edition,204,2023,,,2024/07/05,to-read,to-read (#549),to-read,,,,0,0
195391717,Sleep Like Death,Kalynn  Bayron,"Bayron, Kalynn",,"=""1547609761""","=""9781547609765""",0,Bloomsbury YA,Hardcover,352,2024,2024,,2024/07/05,to-read,to-read (#548),to-read,,,,0,0
58724923,Hidden Pictures,Jason Rekulak,"Rekulak, Jason",,"=""1250819342""","=""9781250819345""",0,Flatiron Books,Hardcover,372,2022,2022,,2024/07/05,to-read,to-read (#547),to-read,,,,0,0
209502805,The Wife's Baby,Daniel Hurst,"Hurst, Daniel",,"=""""","=""""",0,,Kindle Edition,264,2024,,,2024/07/05,to-read,to-read (#546),to-read,,,,0,0
127611580,"Leather & Lark (The Ruinous Love Trilogy, #2)",Brynne Weaver,"Weaver, Brynne",,"=""0349441588""","=""9780349441580""",0,Zando,Paperback,390,2024,2024,,2024/07/05,to-read,to-read (#545),to-read,,,,0,0
76839114,All the Little Raindrops,Mia Sheridan,"Sheridan, Mia",,"=""1662508239""","=""9781662508233""",0,Montlake,Kindle Edition,390,2023,2023,,2024/07/05,to-read,to-read (#544),to-read,,,,0,0
62345210,"The Sinner (L.O.R.D.S., #2)",Shantel Tessier,"Tessier, Shantel",,"=""""","=""""",0,,Unknown Binding,640,2022,2022,,2024/07/05,to-read,to-read (#542),to-read,,,,0,0
200113519,Trust Her,Flynn Berry,"Berry, Flynn",,"=""0593490320""","=""9780593490327""",0,Viking,Hardcover,304,2024,2024,,2024/07/05,to-read,to-read (#541),to-read,,,,0,0
39555142,Birthday Girl,Penelope Douglas,"Douglas, Penelope",,"=""""","=""""",0,Penelope Douglas LLC,ebook,446,2018,2018,,2024/06/07,to-read,to-read (#540),to-read,,,,1,0
60435878,Carrie Soto Is Back,Taylor Jenkins Reid,"Reid, Taylor Jenkins",,"=""0593158687""","=""9780593158685""",5.0,Ballantine Books,Hardcover,384,2022,2022,2024/06/26,2022/05/24,,,read,,,,1,0
212434652,An Arranged Marriage With A BBW 3,B. Payne,"Payne, B.",,"=""""","=""""",3.0,S.Yvonne Presents,Kindle Edition,102,2024,,2024/06/18,2024/06/18,,,read,,,,1,0
210352969,An Arranged Marriage With A BBW 2,B. Payne,"Payne, B.",,"=""""","=""""",5.0,S.Yvonne Presents,Kindle Edition,88,2024,,2024/06/18,2024/06/18,,,read,,,,1,0
209519102,An Arranged Marriage With A BBW,B. Payne,"Payne, B.",,"=""""","=""""",4.0,S.Yvonne Presents,Kindle Edition,101,2024,,2024/06/18,2024/06/18,,,read,,,,1,0
173054432,Match My Nasty: Run It Back,India T. Norfleet,"Norfleet, India T.",,"=""""","=""""",4.0,Erotic Servings Publishing,Kindle Edition,189,2023,,2024/06/18,2024/05/31,,,read,,,,1,0
50748999,The Other Mrs.,Mary Kubica,"Kubica, Mary",,"=""0778389359""","=""9780778389354""",3.0,Park Row,Paperback,416,2020,2020,2024/06/16,2023/04/08,,,read,,,,1,0
134103797,Match My Nasty: Press Record,India T  Norfleet,"Norfleet, India T",,"=""""","=""""",5.0,Erotic Servings Publishing,Kindle Edition,117,2023,,2024/06/10,2024/05/31,"5-star-reads, spicy-shelf","5-star-reads (#28), spicy-shelf (#1)",read,,,,1,0
203948180,I Thought I Knew: A Women's Fiction Novel,Melissa Trombetta,"Trombetta, Melissa",,"=""""","=""9798218336257""",5.0,Flawed & Funny Publishers,Kindle Edition,298,2024,,2024/05/29,2024/05/06,,,read,,,,1,0
204167851,Bad Pucking Roommate (Colorado Bulldogs #3),Michele Lenard,"Lenard, Michele",,"=""1955979294""","=""9781955979290""",0,CMFR,Kindle Edition,280,2024,,,2024/05/06,to-read,to-read (#539),to-read,,,,0,0
54440543,"The Final Strife (Ending Fire, #1)",Saara El-Arifi,"El-Arifi, Saara",,"=""""","=""""",0,Del Rey,Hardcover,640,2022,2022,,2024/05/06,to-read,to-read (#538),to-read,,,,0,0
157191132,By Request,Charity Shane',"Shane', Charity",,"=""""","=""""",0,KMP,Kindle Edition,159,2023,,,2024/05/06,to-read,to-read (#537),to-read,,,,0,0
212344907,Born into Sin (Devils Will Rise: Melnikov Legacy #1),Sonja Grey,"Grey, Sonja",,"=""""","=""""",0,,Kindle Edition,358,2024,,,2024/05/06,to-read,to-read (#536),to-read,,,,0,0
160537310,Inevitable,Kelly Kelsey,"Kelsey, Kelly",,"=""""","=""""",0,,Unknown Binding,,2023,,,2024/05/06,to-read,to-read (#535),to-read,,,,0,0
205842859,"Summer Nights (The Thunderbirds, #1)",Alexcis Morris,"Morris, Alexcis",,"=""""","=""""",0,,ebook,0,2024,,,2024/04/21,to-read,to-read (#534),to-read,,,,0,0
59947696,Wrong Place Wrong Time,Gillian McAllister,"McAllister, Gillian",,"=""0063252341""","=""9780063252349""",0,William Morrow,Hardcover,416,2022,2022,,2024/04/20,to-read,to-read (#533),to-read,,,,0,0
65646968,Mother-Daughter Murder Night,Nina Simon,"Simon, Nina",,"=""0063315041""","=""9780063315044""",0,William Morrow,Hardcover,357,2023,2023,,2024/04/20,to-read,to-read (#532),to-read,,,,0,0
61407616,Before We Were Innocent,Ella Berman,"Berman, Ella",,"=""0593099540""","=""9780593099544""",0,Berkley,Hardcover,384,2023,2023,,2024/04/20,to-read,to-read (#531),to-read,,,,0,0
164444179,First Lie Wins,Ashley Elston,"Elston, Ashley",,"=""""","=""""",0,Pamela Dorman Books,Hardcover,340,2024,2024,,2024/04/20,to-read,to-read (#530),to-read,,,,0,0
51540478,The Most Fun We Ever Had,Claire Lombardo,"Lombardo, Claire",,"=""""","=""""",0,Knopf Doubleday Publishing Group,Paperback,640,2021,2019,,2024/04/20,to-read,to-read (#529),to-read,,,,0,0
58724914,Home Field Advantage,Dahlia Adler,"Adler, Dahlia",,"=""1250765846""","=""9781250765840""",3.0,Wednesday Books,Hardcover,304,2022,2022,2024/04/03,2024/03/30,,,read,,,,1,0
60217302,"Twisted Lies (Twisted, #4)",Ana Huang,"Huang, Ana",,"=""""","=""""",0,,Kindle Edition,530,2022,2022,,2024/04/02,to-read,to-read (#527),to-read,,,,0,0
205408684,When A BBW Love is Real 2,Tyanna,"Tyanna, Tyanna",,"=""""","=""""",4.0,,Kindle Edition,129,2024,,2024/03/30,2024/03/29,,,read,,,,1,0
199143390,When A BBW Love Is Real,Tyanna,"Tyanna, Tyanna",,"=""""","=""""",4.0,,Kindle Edition,147,2023,,2024/03/29,2024/03/28,,,read,,,,1,0
52127741,Body to Body,India T. Norfleet,"Norfleet, India T.",,"=""""","=""""",0,B. Love Publications,Kindle Edition,146,2019,,2024/03/28,2024/03/06,,,read,,,,1,0
206328499,The Love Of A Real One Mended Me : A BBW Love Story,Tyanna,"Tyanna, Tyanna",,"=""""","=""""",4.0,,Kindle Edition,98,2024,,2024/03/28,2024/03/27,,,read,,,,1,0
198264008,"Catching Feelings (Orleans University, #2)",Maren Moore,"Moore, Maren",,"=""""","=""""",0,,Kindle Edition,370,2024,2024,,2024/03/27,to-read,to-read (#526),to-read,,,,0,0
34705192,"Asher Black (The Five Syndicates, #1)",Parker S. Huntington,"Huntington, Parker S.",,"=""""","=""""",0,PSH Publishing House,Kindle Edition,307,2017,2017,,2024/03/27,to-read,to-read (#525),to-read,,,,0,0
204687352,F*ckboys,Heidi Stark,"Stark, Heidi",,"=""""","=""""",0,,Kindle Edition,653,2024,,,2024/03/27,to-read,to-read (#524),to-read,,,,0,0
64645812,"If Only I Had Told Her (If He Had Been with Me, #2)",Laura Nowlin,"Nowlin, Laura",,"=""""","=""""",0,Sourcebooks ,Paperback,416,2024,2024,,2024/03/27,to-read,to-read (#523),to-read,,,,0,0
58159316,"Glow (The Plated Prisoner, #4)",Raven Kennedy,"Kennedy, Raven",,"=""""","=""""",4.0,Raven Kennedy,Kindle Edition,738,2022,2022,2024/03/27,2024/03/11,,,read,,,,1,0
124932739,I Hope This Doesn't Find You,Ann Liang,"Liang, Ann",,"=""1338827154""","=""9781338827156""",0,Scholastic Press,Hardcover,320,2024,2024,,2024/03/21,to-read,to-read (#522),to-read,,,,0,0
57214537,"Gleam (The Plated Prisoner, #3)",Raven Kennedy,"Kennedy, Raven",,"=""""","=""""",3.0,Raven Kennedy,Kindle Edition,681,2021,2021,2024/03/18,2024/03/11,,,read,,,,1,0
209942715,One Eighty,Charity Shane',"Shane', Charity",,"=""""","=""""",0,KMP,Kindle Edition,323,2024,,,2024/03/15,to-read,to-read (#521),to-read,,,,0,0
61273858,The House of Eve,Sadeqa  Johnson,"Johnson, Sadeqa",,"=""1982197366""","=""9781982197360""",0,Simon & Schuster,Hardcover,384,2023,2023,,2024/03/06,to-read,to-read (#519),to-read,,,,0,0
56530123,"Glint (The Plated Prisoner, #2)",Raven Kennedy,"Kennedy, Raven",,"=""""","=""""",5.0,Raven Kennedy,Kindle Edition,482,2021,2021,2024/03/11,2024/03/10,,,read,,,,1,0
56483061,"Gild (The Plated Prisoner, #1)",Raven Kennedy,"Kennedy, Raven",,"=""""","=""""",5.0,Raven Kennedy,Kindle Edition,402,2020,2020,2024/03/08,2022/07/25,5-star-reads,5-star-reads (#12),read,,,,1,0
67990962,Thieves & Monsters (Three Fates Mafia #1),Clio Evans,"Evans, Clio",,"=""""","=""""",0,Amazon Digital Services,Kindle Edition,342,2023,2023,,2024/03/07,to-read,to-read (#518),to-read,,,,0,0
147544243,The Loyal Wife,B. Love,"Love, B.",,"=""1957950102""","=""9781957950105""",0,Black Odyssey Media,Paperback,288,2024,2024,,2024/03/07,to-read,to-read (#517),to-read,,,,0,0
200456184,Soul Ties With A BBW From The Trenches 2: A Gangsta Love Story,Bonnie Blanco,"Blanco, Bonnie",,"=""""","=""""",4.0,Tiece Presents LLC,Kindle Edition,120,2023,,2024/03/06,2024/02/27,,,read,,,,1,0
63327797,One Summer in Savannah,Terah Shelton Harris,"Harris, Terah Shelton",,"=""1728265746""","=""9781728265742""",0,Sourcebooks Landmark,Paperback,464,2023,2023,,2024/02/22,to-read,to-read (#516),to-read,,,,0,0
61718053,Happy Place,Emily Henry,"Henry, Emily",,"=""0593441273""","=""9780593441275""",4.0,Berkley,Hardcover,388,2023,2023,2024/03/04,2023/12/05,,,read,,,,1,0
196848638,"Blood on the Tide (Crimson Sails, #2)",Katee Robert,"Robert, Katee",,"=""0593639103""","=""9780593639108""",0,Berkley,Paperback,336,2024,2024,,2024/03/02,to-read,to-read (#515),to-read,,,,0,0
197717652,"The Housemaid Is Watching (The Housemaid, #3)",Freida McFadden,"McFadden, Freida",,"=""1464221138""","=""9781464221132""",0,Poisoned Pen Press,Paperback,383,2024,2024,,2024/03/02,to-read,to-read (#514),to-read,,,,0,0
59364173,I'm Glad My Mom Died,Jennette McCurdy,"McCurdy, Jennette",,"=""""","=""""",5.0,Simon & Schuster,ebook,320,2022,2022,2024/02/28,2022/08/23,,,read,,,,1,0
203115086,"Soul Ties With A BBW From The Trenches 3: A Gangsta Love Story, The Finale",Bonnie Blanco,"Blanco, Bonnie",,"=""""","=""""",0,Tiece Presents LLC,Kindle Edition,126,2023,,,2024/02/27,to-read,to-read (#513),to-read,,,,0,0
199070596,"Love Redesigned (Lakefront Billionaires, #1)",Lauren Asher,"Asher, Lauren",,"=""""","=""""",5.0,,Kindle Edition,530,2023,2023,2024/02/27,2023/12/01,5-star-reads,5-star-reads (#25),read,,,,1,0
60314240,"Tales You Win (Grim & Beast Duet, #1)",Bea Paige,"Paige, Bea",,"=""""","=""""",0,,Kindle Edition,350,2022,,,2024/02/27,to-read,to-read (#512),to-read,,,,0,0
57748116,"Satan's Affair (Cat and Mouse, #0.5)",H.D. Carlton,"Carlton, H.D.",,"=""""","=""""",0,Independently Published,Kindle Edition,197,2021,2021,,2024/02/25,to-read,to-read (#511),to-read,,,,0,0
199901720,"Hans (Alliance, #4)",S.J. Tilly,"Tilly, S.J.",,"=""""","=""""",0,,Kindle Edition,432,2023,2023,,2024/02/25,to-read,to-read (#510),to-read,,,,0,0
125948154,"King (Alliance, #2)",S.J. Tilly,"Tilly, S.J.",,"=""""","=""""",0,Amazon Digital Services,Kindle Edition,394,2023,2023,,2024/02/25,to-read,to-read (#509),to-read,,,,0,0
85164835,"Nero (Alliance, #1)",S.J. Tilly,"Tilly, S.J.",,"=""""","=""""",0,,Kindle Edition,368,2023,2023,,2024/02/25,to-read,to-read (#508),to-read,,,,0,0
193557064,"Dom (Alliance, #3)",S.J. Tilly,"Tilly, S.J.",,"=""1962096009""","=""9781962096003""",0,,Kindle Edition,474,2023,2023,,2024/02/25,to-read,to-read (#507),to-read,,,,0,0
61830664,Luca (The Eisenberg Effect #1),Grey Huffington,"Huffington, Grey",,"=""""","=""""",0,Grey + Company,Kindle Edition,450,2022,,,2024/02/25,to-read,to-read (#506),to-read,,,,0,0
62881797,"Iced Out (Heston U Hotshots, #1)",Veronica Eden,"Eden, Veronica",,"=""""","=""""",0,,Unknown Binding,,2023,2023,,2024/02/25,to-read,to-read (#504),to-read,,,,0,0
34324605,Confess,Colleen Hoover,"Hoover, Colleen",,"=""1501176838""","=""9781501176838""",5.0,Atria Books,Paperback,320,2017,2015,2024/02/22,2022/02/13,,,read,,,,1,0
208884640,The Widow And The Grinch,Alecia J,"J, Alecia",,"=""""","=""""",0,,Kindle Edition,497,2024,,,2024/02/21,to-read,to-read (#503),to-read,,,,0,0
58778536,Do Not Disturb,Freida McFadden,"McFadden, Freida",,"=""""","=""""",4.0,Hollywood Upstairs Publishing,Kindle Edition,325,2021,2021,2024/02/19,2024/02/16,,,read,,,,1,0
206104324,She's Elite Cutz,Charity Shane',"Shane', Charity",,"=""""","=""""",0,KMP,Kindle Edition,261,2024,,,2024/02/19,to-read,to-read (#502),to-read,,,,0,0
199214219,Soul Ties With A BBW From The Trenches: A Gangsta Love Story,Bonnie Blanco,"Blanco, Bonnie",,"=""""","=""""",4.0,Tiece Presents LLC,Kindle Edition,131,2023,,2024/02/18,2024/02/11,,,read,,,,1,0
62060421,The Girlfriend,K.L. Slater,"Slater, K.L.",,"=""1803147911""","=""9781803147918""",0,Bookouture,Kindle Edition,320,2022,2022,,2024/02/12,to-read,to-read (#501),to-read,,,,0,0
30333938,"Slammed (Slammed, #1)",Colleen Hoover,"Hoover, Colleen",,"=""""","=""""",4.0,Atria Books,Kindle Edition,354,2016,2012,2024/02/12,2022/02/13,,,read,,,,1,0
44160420,Let Me Please You (McClain Brothers #4.5),Alexandria  House,"House, Alexandria",,"=""""","=""""",0,,Kindle Edition,124,2019,2019,,2024/02/09,to-read,to-read (#500),to-read,,,,0,0
30859,My Woman His Wife,Anna  J.,"J., Anna",,"=""0975306626""","=""9780975306628""",0,Urban,Paperback,260,2006,2004,,2024/02/09,to-read,to-read (#499),to-read,,,,0,0
186728325,Butterfly 5,Ashley  Antoinette,"Antoinette, Ashley",,"=""""","=""""",0,,Kindle Edition,472,2023,,,2024/02/09,to-read,to-read (#498),to-read,,,,0,0
75664521,Coming Home,Kennedy Ryan,"Ryan, Kennedy","Wesleigh Siobhan, Jakobi Diem","=""""","=""""",0,Audible Original ,Audible Audio,3,2023,2023,,2024/02/09,to-read,to-read (#497),to-read,,,,0,0
38397708,Let Me Love You (McClain Brothers #1),Alexandria  House,"House, Alexandria",,"=""""","=""""",0,,Kindle Edition,313,2018,2018,,2024/02/09,to-read,to-read (#496),to-read,,,,0,0
25814343,Cougar Cocktales (Zane Presents),N'tyse,"N'tyse, N'tyse",,"=""159309616X""","=""9781593096168""",3.0,Strebor,Paperback,272,2016,2016,2024/02/09,2024/02/06,,,read,,,,1,0
196393537,It's Just a Date,Monica Walters,"Walters, Monica",Latisha Burns,"=""""","=""""",3.0,,Kindle Edition,167,2023,,2024/02/08,2024/01/02,,,read,,,,1,0
195870784,The Blackwoods,Brandy Colbert,"Colbert, Brandy",,"=""0063091593""","=""9780063091597""",4.0,Balzer + Bray,Hardcover,384,2023,2023,2024/02/06,2024/01/31,,,read,,,,1,0
98652414,All the Fighting Parts,Hannah V. Sawyerr,"Sawyerr, Hannah V.",,"=""1419762613""","=""9781419762611""",0,Harry N. Abrams,Hardcover,400,2023,2023,,2024/02/06,to-read,to-read (#495),to-read,,,,0,0
52616342,The Perfect Son,Freida McFadden,"McFadden, Freida",,"=""""","=""""",4.0,Hollywood Upstairs Press,Kindle Edition,373,2019,2019,2024/01/30,2024/01/29,,,read,,,,1,0
36039320,This Is What It Feels Like,Rebecca Barrow,"Barrow, Rebecca",,"=""0062494244""","=""9780062494245""",0,HarperTeen,Kindle Edition,395,2018,2018,,2024/01/29,to-read,to-read (#494),to-read,,,,0,0
33293040,You Don't Know Me but I Know You,Rebecca Barrow,"Barrow, Rebecca",,"=""0062494198""","=""9780062494191""",0,HarperCollins,Hardcover,336,2017,2017,,2024/01/29,to-read,to-read (#493),to-read,,,,0,0
59365293,Bad Things Happen Here,Rebecca Barrow,"Barrow, Rebecca",,"=""1534497439""","=""9781534497436""",0,Margaret K. McElderry Books,Hardcover,338,2022,2022,,2024/01/29,to-read,to-read (#492),to-read,,,,0,0
54698746,"Love in Color: Mythical Tales from Around the World, Retold",Bolu Babalola,"Babalola, Bolu",,"=""006307849X""","=""9780063078499""",0,William Morrow,Hardcover,290,2021,2020,,2024/01/29,to-read,to-read (#491),to-read,,,,0,0
101140012,And Don't Look Back,Rebecca Barrow,"Barrow, Rebecca",,"=""1665932279""","=""9781665932271""",5.0,Margaret K. McElderry Books,Hardcover,330,2023,2023,2024/01/29,2024/01/27,,,read,,,,1,0
204229967,A Street King's Desire 2: The Finale: A Dark Romance (A Street King's Desire: A Dark Romance),Luna Carter,"Carter, Luna",,"=""""","=""""",0,"PS Publishing, LLC",Kindle Edition,107,2023,,,2024/01/26,to-read,to-read (#490),to-read,,,,0,0
52636419,The Wife Upstairs,Freida McFadden,"McFadden, Freida",,"=""""","=""""",5.0,Hollywood Upstairs Press,Kindle Edition,382,2020,2020,2024/01/26,2024/01/25,5-star-reads,5-star-reads (#11),read,,,,1,0
123193218,Ward D,Freida McFadden,"McFadden, Freida",,"=""""","=""""",5.0,Hollywood Upstairs Press,Kindle Edition,348,2023,2023,2024/01/24,2024/01/23,,,read,,,,1,0
45156972,The Stopover (The Miles High Club #1),T.L. Swan,"Swan, T.L.",,"=""1542015863""","=""""",4.0,Montlake Romance,Kindle Edition,525,2019,2019,2024/01/23,2024/01/01,,,read,,,,1,0
58673883,The Many Deaths of Laila Starr,Ram V,"V, Ram","Filipe Andrade, Inês Amaro, AndWorld Design","=""1684158052""","=""9781684158058""",0,BOOM! Studios,Paperback,128,2022,2022,,2024/01/13,to-read,to-read (#489),to-read,,,,0,0
181478167,The Lover,Silvia Moreno-Garcia,"Moreno-Garcia, Silvia",,"=""1662517157""","=""9781662517150""",0,Amazon Original Stories,Kindle Edition,42,2023,2023,,2024/01/13,to-read,to-read (#488),to-read,,,,0,0
59049282,Black Candle Women,Diane Marie Brown,"Brown, Diane Marie",,"=""1525899910""","=""9781525899911""",2.0,Graydon House Books,Hardcover,336,2023,2023,2024/01/10,2023/03/01,,,read,,,,1,0
123423832,The Coworker,Freida McFadden,"McFadden, Freida",,"=""172829620X""","=""9781728296203""",4.0,Poisoned Pen Press,Paperback,362,2023,2023,2024/01/07,2023/11/29,,,read,,,,1,0
61355272,Damaged but Not Destroyed: From Trauma to Triumph,Michael Todd,"Todd, Michael",,"=""0593444884""","=""9780593444887""",0,WaterBrook,Hardcover,192,2023,,,2024/01/05,to-read,to-read (#487),to-read,,,,0,0
58343078,Break Me Down (Sons of Sin #4),Nola Marie,"Marie, Nola",,"=""""","=""""",0,,Kindle Edition,379,2022,2022,,2024/01/05,to-read,to-read (#486),to-read,,,,0,0
52564897,"Lilac: A Sound Love (Flower Sisters, #2)",Asia Monique,"Monique, Asia",,"=""""","=""""",0,Alayla J. Presents,Kindle Edition,125,2020,,,2024/01/05,to-read,to-read (#485),to-read,,,,0,0
61381238,Untouchable,Shon,"Shon, Shon",,"=""""","=""""",0,,Kindle Edition,256,2022,,,2024/01/05,to-read,to-read (#484),to-read,,,,0,0
124042551,"Collared by the Vampire Prince (Kira & Nathaniel's Duet, #1)",Darcy Fayton,"Fayton, Darcy",,"=""""","=""""",0,,Kindle Edition,398,2023,2023,,2024/01/05,to-read,to-read (#483),to-read,,,,0,0
203695885,Whisky River Season Two: A Beau For Blake Munroe,Shantaé,"Shantaé, Shantaé",,"=""""","=""""",0,,Kindle Edition,371,2023,,,2024/01/05,to-read,to-read (#482),to-read,,,,0,0
173865631,"Big Bad Daddy (Volkov Bratva, #2)",Matilda Martel,"Martel, Matilda",,"=""""","=""""",0,,Kindle Edition,140,2024,,,2024/01/05,to-read,to-read (#481),to-read,,,,0,0
52276459,The Takeover (The Miles High Club #2),T.L. Swan,"Swan, T.L.",,"=""1542017343""","=""9781542017343""",0,Montlake,Kindle Edition,477,2020,2020,,2024/01/05,to-read,to-read (#480),to-read,,,,0,0
60539153,"Sweet Revenge (Callahan Syndicate, #1)",Meaghan Pierce,"Pierce, Meaghan",,"=""""","=""""",0,Pierced Soul Publishing,Kindle Edition,292,2022,,,2022/06/06,to-read,to-read (#479),to-read,,,,0,0
52486,No Disrespect,Sister Souljah,"Souljah, Sister",,"=""0679767088""","=""9780679767084""",0,Vintage,Paperback,364,1996,1994,,2024/01/01,to-read,to-read (#478),to-read,,,,0,0
203756219,Arched & Waiting (The Calavarie Family Book 2),India T. Norfleet,"Norfleet, India T.",,"=""""","=""""",4.0,Erotic Servings Publishing,Kindle Edition,173,2023,,2023/12/31,2023/12/30,,,read,,,,1,0
59952176,"Someday, Maybe",Onyi Nwabineli,"Nwabineli, Onyi",,"=""1525899805""","=""9781525899805""",3.0,Graydon House,Hardcover,342,2022,2022,2023/12/31,2022/11/01,,,read,,,,1,0
11754805,Guilty Gucci (Urban Books),Ashley  Antoinette,"Antoinette, Ashley",,"=""1601624816""","=""9781601624819""",4.0,Urban Books,Paperback,384,2012,2012,,2023/12/31,,,read,,,,2,0
29430742,Around the Way Girl,Taraji P. Henson,"Henson, Taraji P.",Denene Millner,"=""1501125990""","=""9781501125997""",0,37 Ink,Hardcover,256,2016,2016,,2023/12/31,to-read,to-read (#477),to-read,,,,0,0
134404169,"Nasty (Zane Presents) by XYZ, Dr. Original Edition (9/15/2009)",xyz,"xyz, xyz",,"=""""","=""""",3.0,Strebor Books,Unknown Binding,0,,2009,2023/12/30,2023/12/25,,,read,,,,1,0
199204300,Backshot Ready: CUM SLIDE UP IN IT (The Calavarie Family Book 1),India T. Norfleet,"Norfleet, India T.",,"=""""","=""""",5.0,Erotic Servings Publishing,Kindle Edition,167,2023,,2023/12/30,2023/12/29,spicy-shelf,spicy-shelf (#2),read,,,,1,0
60254856,Scenes from My Life: A Memoir,Michael K. Williams,"Williams, Michael K.",Jon Sternfeld,"=""0593240375""","=""9780593240373""",0,Crown,Hardcover,259,2022,2022,,2023/12/27,to-read,to-read (#476),to-read,,,,0,0
4183322,Overheard (Unspoken #2),Maya Banks,"Banks, Maya",,"=""159998315X""","=""9781599983158""",3.0,Samhain Publishing,Kindle Edition,94,2007,2007,2023/12/25,2023/12/15,,,read,,,,1,0
3212657,"Understood (Unspoken, #1)",Maya Banks,"Banks, Maya",,"=""1599983028""","=""9781599983028""",3.0,Samhain Publishing,ebook,99,2006,2006,2023/12/15,2023/12/15,,,read,,,,1,0
58687126,Finding Me,Viola Davis,"Davis, Viola",,"=""0063037327""","=""9780063037328""",4.0,HarperOne,Hardcover,304,2022,2022,2023/12/15,2022/03/26,,,read,,,,1,0
31182297,"Sex Machine (Sex Machine, #1)",Marie Force,"Force, Marie",,"=""1942295839""","=""9781942295839""",0,"HTJB, Inc.",ebook,194,2016,2016,,2023/10/17,to-read,to-read (#475),to-read,,,,0,0
101145836,"Wildfire (Maple Hills, #2)",Hannah  Grace,"Grace, Hannah",,"=""1668026279""","=""9781668026274""",0,Atria Books,Paperback,387,2023,2023,,2023/12/05,to-read,to-read (#474),to-read,,,,0,0
61767292,"Icebreaker (UCMH, #1)",Hannah  Grace,"Grace, Hannah",,"=""""","=""""",0,Pig & Bear Publishing,Kindle Edition,447,2022,2022,,2023/12/05,to-read,to-read (#473),to-read,,,,0,0
60683957,Check & Mate,Ali Hazelwood,"Hazelwood, Ali",,"=""""","=""""",0,G.P. Putnam's Sons Books for Young Readers,Paperback,353,2023,2023,,2023/12/05,to-read,to-read (#472),to-read,,,,0,0
196226291,"He's Not My Type (The Vancouver Agitators, #4)",Meghan Quinn,"Quinn, Meghan",,"=""1959442147""","=""9781959442141""",0,Hot-Lanta Publishing LLC,Kindle Edition,394,2023,2023,,2023/12/05,to-read,to-read (#471),to-read,,,,0,0
116536542,"Things We Left Behind (Knockemout, #3)",Lucy Score,"Score, Lucy",,"=""""","=""9798886439298""",0,That's What She Said Publishing,Kindle Edition,698,2023,2023,,2023/11/29,to-read,to-read (#470),to-read,,,,0,0
2422623,"Twisted (Celeste Styles, #2)",Tracy Brown,"Brown, Tracy",,"=""0312336500""","=""9780312336509""",5.0,St. Martin's Griffin,Paperback,352,2008,2015,2023/11/15,2021/04/13,,,read,,,,1,0
53001062,Seasons of Fidelity: End Game,Takerra Allen,"Allen, Takerra",,"=""""","=""""",0,Angelic Script Publishing,Kindle Edition,443,2020,,,2023/11/15,to-read,to-read (#469),to-read,,,,0,0
36373566,Everyday People: The Color of Life,Jennifer  Baker,"Baker, Jennifer",,"=""1501134949""","=""9781501134944""",0,Washington Square Press,Paperback,336,2018,2018,,2023/10/19,to-read,to-read (#468),to-read,,,,0,0
55689030,Forgive Me Not,Jennifer  Baker,"Baker, Jennifer",,"=""0593406842""","=""9780593406847""",0,Nancy Paulsen Books,Hardcover,400,2023,2023,,2023/10/19,to-read,to-read (#467),to-read,,,,0,0
199278705,BrokEND,Hydrus,"Hydrus, Hydrus",,"=""""","=""9798985610970""",0,hydrus,Kindle Edition,,2023,,,2023/10/18,to-read,to-read (#466),to-read,,,,0,0
60817724,Crisis of Lust,Eliza Rose,"Rose, Eliza",,"=""""","=""""",0,,Kindle Edition,401,2022,,,2023/09/25,to-read,to-read (#464),to-read,,,,0,0
63277869,Crisis of Lust 2: Monica's Return,Eliza Rose,"Rose, Eliza",,"=""""","=""""",0,,Kindle Edition,221,2022,,,2023/09/25,to-read,to-read (#463),to-read,,,,0,0
58559808,"Cover Me (Doc Exclusives, #3)",Nia Arthurs,"Arthurs, Nia",,"=""""","=""""",0,,Kindle Edition,288,2021,2021,,2023/07/29,to-read,to-read (#462),to-read,,,,0,0
195013305,Spin 'Bout You (For The Holiday Book 1),BriAnn Danae,"Danae, BriAnn",,"=""""","=""""",0,Beyond The Book Publications,Kindle Edition,56,2023,,,2023/07/29,to-read,to-read (#461),to-read,,,,0,0
194068235,Hurt Me So Good,Unique .,"., Unique",,"=""""","=""""",0,Nikki Brown Presents,Kindle Edition,311,2023,,,2023/07/29,to-read,to-read (#460),to-read,,,,0,0
194926017,Under Love's Command,Charity Shane',"Shane', Charity",,"=""""","=""""",0,KMP,Kindle Edition,194,2023,,,2023/07/29,to-read,to-read (#459),to-read,,,,0,0
54362751,All Along You Were Blooming: Thoughts for Boundless Living,Morgan Harper Nichols,"Nichols, Morgan Harper",,"=""""","=""""",0,Zondervan,Unknown Binding,,2020,2020,,2023/07/29,to-read,to-read (#458),to-read,,,,0,0
58560922,Miss Pearly's Girls: A Captivating Tale of Family Healing,ReShonda Tate Billingsley,"Billingsley, ReShonda Tate",,"=""1496735404""","=""9781496735409""",0,Dafina Books,Kindle Edition,280,2022,,,2023/07/29,to-read,to-read (#457),to-read,,,,0,0
23878688,The 5 Love Languages: The Secret to Love That Lasts,Gary Chapman,"Chapman, Gary",,"=""0802492401""","=""9780802492401""",4.0,Northfield Publishing,Kindle Edition,232,2024,1990,2023/07/11,2023/07/11,,,read,,,,1,0
54579274,"Mrs. Wiggins (Lexington, Alabama #1)",Mary Monroe,"Monroe, Mary",,"=""149673260X""","=""9781496732606""",0,Dafina,Kindle Edition,306,2021,2021,,2022/02/06,to-read,to-read (#455),to-read,,,,0,0
44488,"Colters' Woman (Colters' Legacy, #1)",Maya Banks,"Banks, Maya",,"=""1599983508""","=""9781599983509""",4.0,Samhain Pub Ltd,Paperback,272,2006,2006,2023/04/27,2023/04/26,,,read,,,,1,0
61057732,"Black Girls Must Have It All (Black Girls Must Die Exhausted, #3)",Jayne Allen,"Allen, Jayne",,"=""0063137941""","=""9780063137943""",0,Harper Perennial,Paperback,288,2023,2023,,2023/04/06,to-read,to-read (#454),to-read,,,,0,0
6969591,Perfect Peace,Daniel     Black,"Black, Daniel",Ron Butler,"=""0312582676""","=""9780312582678""",0,St. Martin's Press,Hardcover,352,2010,2010,,2023/04/06,to-read,to-read (#453),to-read,,,,0,0
72228424,"Love, Honor, Betray (Lexington, Alabama #3)",Mary Monroe,"Monroe, Mary",,"=""1496732642""","=""9781496732644""",0,Dafina,Hardcover,320,2023,2023,,2023/04/06,to-read,to-read (#452),to-read,,,,0,0
125431898,Gone for a Soldier (The College Route Book 4),Denise  Essex,"Essex, Denise",,"=""""","=""""",0,B. Love Publications,Kindle Edition,190,2023,,,2023/04/06,to-read,to-read (#451),to-read,,,,0,0
21491731,"Alpha (Alpha, #1)",Jasinda Wilder,"Wilder, Jasinda",,"=""1941098118""","=""9781941098110""",5.0,NLA Digital LLC,ebook,450,2014,2014,2023/04/06,2023/03/27,,,read,,,,1,0
2628960,Purple Panties,Zane,"Zane, Zane",,"=""1593091656""","=""9781593091651""",3.0,Strebor Books,Paperback,306,2008,2008,2023/04/06,2023/04/06,,,read,,,,1,0
25111004,November 9,Colleen Hoover,"Hoover, Colleen",,"=""1501110349""","=""9781501110344""",0,Atria Books,Paperback,310,2015,2015,,2023/03/06,to-read,to-read (#450),to-read,,,,0,0
48978520,Thickerella (Faded Fairytales #1),Tanzania Glover,"Glover, Tanzania",,"=""""","=""""",0,,Kindle Edition,345,2020,2020,,2023/04/01,to-read,to-read (#449),to-read,,,,0,0
29011632,One More Touch: One More Series,AshleyNicole,"AshleyNicole, AshleyNicole",,"=""""","=""""",0,,Kindle Edition,164,2016,,,2023/03/27,to-read,to-read (#448),to-read,,,,0,0
17788401,Ugly Love,Colleen Hoover,"Hoover, Colleen",,"=""""","=""""",5.0,Atria Books,Kindle Edition,330,2014,2014,2023/03/27,2022/08/23,5-star-reads,5-star-reads (#48),read,,,,1,0
18108903,"Stripped (Stripped, #1)",Jasinda Wilder,"Wilder, Jasinda",,"=""194109807X""","=""9781941098073""",0,Jasinda Wilder,Kindle Edition,350,2013,2013,,2023/03/21,to-read,to-read (#447),to-read,,,,0,0
58341222,Reminders of Him,Colleen Hoover,"Hoover, Colleen",,"=""1542025605""","=""9781542025607""",5.0,Montlake,Paperback,335,2022,2022,2023/03/21,2022/02/13,,,read,,,,1,0
59427631,Should've Been,Alexandria  House,"House, Alexandria",,"=""""","=""""",0,,Audiobook,,,2019,,2023/03/20,to-read,to-read (#446),to-read,,,,0,0
36809135,Where the Crawdads Sing,Delia Owens,"Owens, Delia",,"=""0735219117""","=""9780735219113""",5.0,G.P. Putnam’s Sons,ebook,384,2018,2018,2023/03/20,2023/03/20,,,read,,,,1,0
48675599,"Vicious Prince (Royal Elite, #5)",Rina Kent,"Kent, Rina",,"=""168545125X""","=""9781685451257""",0,"Blackthorn Books, LLC",Kindle Edition,300,2020,2020,,2023/03/20,to-read,to-read (#445),to-read,,,,0,0
48675643,"Ruthless Empire (Royal Elite, #6)",Rina Kent,"Kent, Rina",,"=""1685451268""","=""9781685451264""",0,Blackthorn Books,Kindle Edition,386,2020,2020,,2023/03/20,to-read,to-read (#444),to-read,,,,0,0
58119375,"Black Knight (Royal Elite, #4)",Rina Kent,"Kent, Rina",,"=""1685451241""","=""9781685451240""",0,"Blackthorn Books, LLC",Kindle Edition,326,2021,2020,,2023/03/20,to-read,to-read (#443),to-read,,,,0,0
53180913,"Twisted Kingdom (Royal Elite, #3)",Rina Kent,"Kent, Rina",,"=""1685451233""","=""9781685451233""",0,"Blackthorn Books, LLC",Kindle Edition,358,2020,2020,,2023/03/20,to-read,to-read (#442),to-read,,,,0,0
53180903,"Steel Princess (Royal Elite, #2)",Rina Kent,"Kent, Rina",,"=""1685451225""","=""9781685451226""",0,"Blackthorn Books, LLC",Kindle Edition,346,2020,2019,,2023/03/20,to-read,to-read (#441),to-read,,,,0,0
53180698,"Deviant King (Royal Elite, #1)",Rina Kent,"Kent, Rina",,"=""1685451217""","=""9781685451219""",0,"Blackthorn Books, LLC",Kindle Edition,364,2020,2019,,2023/03/20,to-read,to-read (#440),to-read,,,,0,0
59010880,Twisted Christmas,Sara Cate,"Cate, Sara","Q.B. Tyler, B. Celeste, Catharina Maura, Ivy Fox, Thandie, Amanda   Richardson, Nyla K., Leigh Lennon, J.D. Hollyfield, A.R. Breck, Bellamy Roswell, Sade Rena, B.L. Mute","=""""","=""""",0,,Kindle Edition,1161,2021,2021,,2023/03/20,to-read,to-read (#439),to-read,,,,0,0
55102888,Beautiful Sinner,Sara Cate,"Cate, Sara",,"=""""","=""""",0,,ebook,258,2020,2020,,2023/03/20,to-read,to-read (#438),to-read,,,,0,0
57532288,"Four (Black Hearts, #1)",Sara Cate,"Cate, Sara",Rachel  Leigh,"=""""","=""""",0,,ebook,310,2021,2021,,2023/03/20,to-read,to-read (#437),to-read,,,,0,0
59808232,Hold You Down,Tracy Brown,"Brown, Tracy",,"=""1250834937""","=""9781250834935""",0,Griffin,Paperback,336,2022,2022,,2023/03/06,to-read,to-read (#436),to-read,,,,0,0
123240354,"Say You Love Me (The Berotte Family, #12)",Monica Walters,"Walters, Monica",Latisha Burns,"=""""","=""""",0,,Kindle Edition,206,2023,,,2023/03/14,to-read,to-read (#435),to-read,,,,0,0
123245555,Always & Forever,Talena Tillman,"Tillman, Talena",,"=""""","=""""",0,,Kindle Edition,173,2023,,,2023/03/14,to-read,to-read (#434),to-read,,,,0,0
95586848,Training My Heart to Love You (Country Hood Love Stories #3),Monica Walters,"Walters, Monica",,"=""""","=""""",0,,Kindle Edition,228,2023,2019,,2023/03/14,to-read,to-read (#433),to-read,,,,0,0
62315848,Dark Succession,Katee Robert,"Robert, Katee",,"=""1538741040""","=""9781538741047""",0,Forever,Paperback,336,2023,2015,,2023/03/14,to-read,to-read (#432),to-read,,,,0,0
55817097,"Twisted Love (Twisted, #1)",Ana Huang,"Huang, Ana",,"=""""","=""""",0,,Kindle Edition,360,2021,2021,,2023/03/06,to-read,to-read (#431),to-read,,,,0,0
62022434,"Things We Hide from the Light (Knockemout, #2)",Lucy Score,"Score, Lucy",,"=""""","=""9798886439045""",0,That's What She Said Publishing,Kindle Edition,594,2023,2023,,2023/03/06,to-read,to-read (#430),to-read,,,,0,0
12383,"When Somebody Loves You Back (Soulmates Dissipate, #6)",Mary B. Morrison,"Morrison, Mary B.",,"=""0758207301""","=""9780758207302""",3.0,Dafina,Hardcover,285,2006,2006,2023/03/05,2022/06/30,,,read,,,,1,0
37546593,Anonymous Acts (Five Star Enterprises),Christina C. Jones,"Jones, Christina C.",,"=""""","=""""",0,Warm Hues Media,Kindle Edition,293,2017,2017,,2023/03/01,to-read,to-read (#429),to-read,,,,0,0
61827545,We Over Me: The Counterintuitive Approach to Getting Everything You Want from Your Relationship,Khadeen Ellis,"Ellis, Khadeen",Devale Ellis,"=""0593577604""","=""9780593577608""",5.0,Rodale Books,Hardcover,288,2023,,2023/03/01,2023/03/01,5-star-reads,5-star-reads (#23),read,,,,1,0
289627,"A Hustler's Wife (A Hustler's Wife, #1)",Nikki Turner,"Turner, Nikki",,"=""0970247257""","=""9780970247254""",5.0,Triple Crown Publications,Paperback,259,2003,2003,2023/03/01,2021/04/13,5-star-reads,5-star-reads (#2),read,,,,1,0
62322599,"Highest Bidder (Salacious Players Club, #5)",Sara Cate,"Cate, Sara",,"=""""","=""""",0,,Kindle Edition,336,2023,2023,,2022/12/12,to-read,to-read (#419),to-read,,,,0,0
59947698,The Attic Child,Lola Jaye,"Jaye, Lola",,"=""0063260379""","=""9780063260375""",0,William Morrow,Hardcover,480,2022,2022,,2022/10/11,to-read,to-read (#428),to-read,,,,0,0
1918745,Black Widow,Nikki Turner,"Turner, Nikki",,"=""0345493877""","=""9780345493873""",5.0,Random House Publishing Group,Paperback,285,2008,2008,2023/01/08,2023/01/06,5-star-reads,5-star-reads (#1),read,,,,1,0
57351643,Unbound: My Story of Liberation and the Birth of the Me Too Movement,Tarana Burke,"Burke, Tarana",,"=""1250621739""","=""9781250621733""",5.0,Flatiron Books: An Oprah Book,Hardcover,272,2021,2021,2023/01/06,2022/02/13,5-star-reads,5-star-reads (#13),read,,,,1,0
57661359,"Electric Idol (Dark Olympus, #2)",Katee Robert,"Robert, Katee",,"=""1728231760""","=""9781728231761""",0,Sourcebooks Casablanca,Paperback,375,2022,2022,,2022/12/29,to-read,to-read (#427),to-read,,,,0,0
108329,"Nothing Has Ever Felt Like This (Soulmates Dissipate, #5)",Mary B. Morrison,"Morrison, Mary B.",,"=""075820728X""","=""9780758207289""",5.0,Kensington,Paperback,336,2006,2005,2022/12/28,2022/06/30,,,read,,,,1,0
61423339,"The Mask (Dangerous Sinners, #4)",Mila Crawford,"Crawford, Mila",,"=""""","=""9798358020153""",0,Independently published,Paperback,108,2022,2022,,2022/12/12,to-read,to-read (#426),to-read,,,,0,0
60766445,"Bound Together (Dangerous Sinners, #1)",Mila Crawford,"Crawford, Mila",,"=""""","=""""",0,,Kindle Edition,136,2022,2022,,2022/12/12,to-read,to-read (#424),to-read,,,,0,0
61179997,"Thicker Than Blood (Dangerous Sinners, #3)",Mila Crawford,"Crawford, Mila",,"=""""","=""""",0,,Kindle Edition,162,2022,2022,,2022/12/12,to-read,to-read (#425),to-read,,,,0,0
60900058,"Room Twenty-Two: Hide and Seek (Dangerous Sinners, #2)",Mila Crawford,"Crawford, Mila",,"=""""","=""""",0,,Kindle Edition,183,2022,2022,,2022/12/12,to-read,to-read (#423),to-read,,,,0,0
61051089,The Do-Over (The Miles High Club #4),T.L. Swan,"Swan, T.L.",,"=""1542034604""","=""9781542034609""",0,Montlake,Kindle Edition,553,2022,2022,,2022/12/12,to-read,to-read (#422),to-read,,,,0,0
55951319,"Free Fall (Wilde Boys, #2)",Sara Cate,"Cate, Sara",,"=""""","=""""",0,,Kindle Edition,344,2021,2021,,2022/12/12,to-read,to-read (#421),to-read,,,,0,0
55529084,"Gravity (Wilde Boys, #1)",Sara Cate,"Cate, Sara",,"=""""","=""""",0,,Kindle Edition,342,2020,2020,,2022/12/12,to-read,to-read (#420),to-read,,,,0,0
59420470,"Mercy (Salacious Players Club, #4)",Sara Cate,"Cate, Sara",,"=""""","=""""",5.0,,ebook,384,2022,2022,2022/12/12,2022/09/02,5-star-reads,5-star-reads (#18),read,,,,1,0
58438537,Yellow Wife,Sadeqa  Johnson,"Johnson, Sadeqa",,"=""1982149116""","=""9781982149116""",0,Simon & Schuster,Paperback,288,2021,2021,,2022/12/12,to-read,to-read (#418),to-read,,,,0,0
40666329,"Inevitable Addiction (Inevitable, #3)",Christina C. Jones,"Jones, Christina C.",,"=""""","=""""",0,,Kindle Edition,195,2018,2018,,2022/12/10,to-read,to-read (#417),to-read,,,,0,0
59020886,Kindred: Xander's Story,Robbi Renee,"Renee, Robbi",,"=""""","=""""",0,Love Notes by Robbi Renee,Kindle Edition,220,2021,,,2022/12/10,to-read,to-read (#416),to-read,,,,0,0
60230689,New Beginnings With A Thug A$$ N*gga,Prenisha Aja',"Aja', Prenisha",,"=""""","=""""",0,K. Renee Publications,Kindle Edition,80,2022,,,2022/12/10,to-read,to-read (#415),to-read,,,,0,0
63934895,A Winter Crest Christmas: Pure & Luxe,Lisa Austin,"Austin, Lisa",,"=""""","=""""",0,K. Renee Publications,Kindle Edition,133,2022,,,2022/12/10,to-read,to-read (#414),to-read,,,,0,0
59770344,Melting A Thug's Heart On Christmas,Prenisha Aja',"Aja', Prenisha",,"=""""","=""""",0,K. Renee Publications,Kindle Edition,85,2021,,,2022/12/10,to-read,to-read (#413),to-read,,,,0,0
59116696,Just One Kiss (Kingston Family #6),Carly Phillips,"Phillips, Carly",,"=""1685590063""","=""9781685590062""",4.0,CP Publishing,Kindle Edition,284,2022,2022,2022/12/10,2022/12/10,,,read,,,,1,0
50081577,"Jesse (Bossy Brothers, #1)",J.A. Huss,"Huss, J.A.",,"=""""","=""""",0,Science Future Press,Kindle Edition,392,2019,2019,,2022/12/08,to-read,to-read (#412),to-read,,,,0,0
59921659,A Snowed In Love Affair,Shanel,"Shanel, Shanel",Shay Davis,"=""""","=""""",0,K. Renee Publications,Kindle Edition,194,2021,,,2022/12/08,to-read,to-read (#411),to-read,,,,0,0
31227733,Rest in Power: The Enduring Life of Trayvon Martin,Sybrina Fulton,"Fulton, Sybrina",Tracy Martin,"=""0812997239""","=""9780812997231""",0,Random House,Hardcover,331,2017,2017,,2022/12/08,to-read,to-read (#410),to-read,,,,0,0
60748,"A Child Called ""It"" (Dave Pelzer, #1)",Dave Pelzer,"Pelzer, Dave",,"=""""","=""""",5.0,Health Communications Inc,Paperback,184,1995,1995,,2021/04/13,5-star-reads,5-star-reads (#47),read,,,,1,0
62300278,Little Broken Pieces (Shattered Hearts Duet #1),Issa Marie,"Marie, Issa",,"=""""","=""""",0,,Kindle Edition,0,2023,,,2022/12/06,to-read,to-read (#409),to-read,,,,0,0
63906537,Laike (The Eisenberg Effect Book 3),Grey Huffington,"Huffington, Grey",,"=""""","=""""",0,Huffington House,Kindle Edition,428,2022,,,2022/12/01,to-read,to-read (#408),to-read,,,,0,0
61667791,Shut Up and Dance (Shut Up and Dance #1),Tanzania Glover,"Glover, Tanzania",,"=""1964188865""","=""9781964188867""",0,Booking With Love,Kindle Edition,213,2022,,,2022/12/01,to-read,to-read (#407),to-read,,,,0,0
54659771,"Neon Gods (Dark Olympus, #1)",Katee Robert,"Robert, Katee",,"=""1728231736""","=""9781728231730""",0,Sourcebooks Casablanca,Paperback,380,2021,2021,,2022/07/25,to-read,to-read (#406),to-read,,,,0,0
59575950,"Thank You, Next",Andie J. Christopher,"Christopher, Andie J.",,"=""0593200063""","=""9780593200063""",0,Penguin Publishing Group,Paperback,304,2022,2022,,2022/11/08,to-read,to-read (#405),to-read,,,,0,0
53808729,Young Love in Memphis 3: Heart on Reserve,B. Love,"Love, B.",,"=""1648400167""","=""9781648400162""",4.0,Royalty Publishing House,Kindle Edition,193,2016,,2021/11/18,2021/08/06,,,read,,,,1,0
244281,"Somebody's Gotta Be on Top (Soulmates Dissipate, #4)",Mary B. Morrison,"Morrison, Mary B.",,"=""0758207263""","=""9780758207265""",5.0,Kensington,Mass Market Paperback,384,2006,2004,2022/11/08,2022/06/30,,,read,,,,1,0
63038436,"Somebody's Wife (A Grown and Sexy Somebody, #1)",Robbi Renee,"Renee, Robbi",,"=""""","=""""",0,B. Love Publications,Kindle Edition,287,2022,2022,,2022/10/27,to-read,to-read (#404),to-read,,,,0,0
58469344,"The Davenports (The Davenports, #1)",Krystal Marquis,"Marquis, Krystal",,"=""0593463331""","=""9780593463338""",0,Dial Books,Hardcover,384,2023,2023,,2022/11/05,to-read,to-read (#403),to-read,,,,0,0
59028562,The Second Husband,Kate White,"White, Kate",,"=""0062945459""","=""9780062945457""",4.0,Harper Paperbacks,Paperback,384,2022,2022,2022/11/05,2022/11/03,,,read,,,,1,0
44648641,The Wilderwomen,Ruth Emmie Lang,"Lang, Ruth Emmie",,"=""1250246911""","=""9781250246912""",0,St. Martin's Press,Hardcover,326,2022,2022,,2022/11/01,to-read,to-read (#402),to-read,,,,0,0
331260,The Darkest Child,Delores Phillips,"Phillips, Delores",,"=""1569473781""","=""9781569473788""",0,Soho Press,Paperback,400,2005,2004,,2022/10/14,to-read,to-read (#401),to-read,,,,0,0
52089753,Layla,Colleen Hoover,"Hoover, Colleen",,"=""1542000181""","=""9781542000185""",0,Montlake,Kindle Edition,305,2020,2020,,2022/10/11,to-read,to-read (#400),to-read,,,,0,0
35887251,"Pieces of Her (Andrea Oliver, #1)",Karin Slaughter,"Slaughter, Karin",,"=""0062430297""","=""9780062430298""",0,William Morrow,ebook,476,2018,2018,,2022/10/11,to-read,to-read (#399),to-read,,,,0,0
59445976,"Girl, Forgotten (Andrea Oliver, #2)",Karin Slaughter,"Slaughter, Karin",,"=""0062858114""","=""9780062858115""",0,William Morrow,Hardcover,400,2022,2022,,2022/10/11,to-read,to-read (#398),to-read,,,,0,0
164350,"He's Just a Friend (Soulmates Dissipate, #3)",Mary B. Morrison,"Morrison, Mary B.",,"=""0758200226""","=""9780758200228""",4.0,Kensington,Mass Market Paperback,320,2005,2003,2022/10/09,2022/06/30,,,read,,,,1,0
61491008,I Got You (The Evans Family #1),Miss Jenesequa,"Jenesequa, Miss",,"=""""","=""""",0,Miss Jenesequa,Kindle Edition,350,2022,,,2022/09/02,to-read,to-read (#397),to-read,,,,0,0
53490997,"The Billionaire's Obsession: Simon (The Billionaire's Obsession, #1)",J.S. Scott,"Scott, J.S.",,"=""""","=""""",0,J. S. Scott Publishing,Kindle Edition,374,2013,2013,,2022/09/18,to-read,to-read (#396),to-read,,,,0,0
60148536,Here We Go Again,Ladii Nesha,"Nesha, Ladii",,"=""""","=""""",0,,Kindle Edition,287,2022,,,2022/09/18,to-read,to-read (#395),to-read,,,,0,0
248997,"Never Again Once More (Soulmates Dissipate, #2)",Mary B. Morrison,"Morrison, Mary B.",,"=""0758200218""","=""9780758200211""",5.0,Kensington,Mass Market Paperback,320,2004,2002,2022/09/14,2022/06/30,,,read,,,,1,0
56511833,Deception,T.M. Pigatt,"Pigatt, T.M.",,"=""""","=""""",0,T.M. Pigatt Presents,Kindle Edition,88,2021,,,2021/07/21,to-read,to-read (#143),to-read,,,,0,0
57938995,Don't Cry for Me,Daniel     Black,"Black, Daniel",,"=""133542573X""","=""9781335425737""",0,Hanover Square Press,Hardcover,301,2022,2022,,2022/08/03,to-read,to-read (#394),to-read,,,,0,0
58784932,Love Times Infinity,Lane Clarke,"Clarke, Lane",,"=""0759556709""","=""9780759556706""",0,Poppy,Hardcover,368,2022,2022,,2022/08/26,to-read,to-read (#393),to-read,,,,0,0
50392746,Daisy Jones & The Six,Taylor Jenkins Reid,"Reid, Taylor Jenkins",,"=""1524798649""","=""9781524798642""",0,Ballantine Books,Paperback,367,2020,2019,,2022/09/01,to-read,to-read (#392),to-read,,,,0,0
61861037,Unexpected Love,Charity Shane',"Shane', Charity",,"=""""","=""""",0,KMP,Kindle Edition,253,2022,,,2022/08/28,to-read,to-read (#390),to-read,,,,0,0
60277102,Tell Me the Truth,Kiersten Modglin,"Modglin, Kiersten",,"=""""","=""""",0,Kiersten Modglin,Kindle Edition,216,2022,2022,,2022/08/28,to-read,to-read (#389),to-read,,,,0,0
55659629,"It Happened One Summer (Bellinger Sisters, #1)",Tessa Bailey,"Bailey, Tessa",,"=""0063045656""","=""9780063045651""",0,Avon,Paperback,397,2021,2021,,2022/08/23,to-read,to-read (#388),to-read,,,,0,0
58690308,Book Lovers,Emily Henry,"Henry, Emily",,"=""0593334833""","=""9780593334836""",0,Berkley,Paperback,377,2022,2022,,2022/08/23,to-read,to-read (#387),to-read,,,,0,0
60060431,"Things We Never Got Over (Knockemout, #1)",Lucy Score,"Score, Lucy",,"=""1945631848""","=""9781945631849""",0,That's What She Said Publishing,Kindle Edition,572,2022,2022,,2022/08/23,to-read,to-read (#386),to-read,,,,0,0
59128480,"Empty Vows (Lexington, Alabama #2)",Mary Monroe,"Monroe, Mary",,"=""1496732618""","=""9781496732613""",0,Dafina ,Hardcover,320,2022,2022,,2022/08/23,to-read,to-read (#384),to-read,,,,0,0
57992957,Black Girls Must Be Magic,Jayne Allen,"Allen, Jayne",,"=""0063211300""","=""9780063211308""",0,Harper,Hardcover,272,2022,2019,,2022/08/23,to-read,to-read (#383),to-read,,,,0,0
60114057,"The American Roommate Experiment (Love Deception, #2)",Elena  Armas,"Armas, Elena",,"=""1668002779""","=""9781668002773""",0,Atria Books,Paperback,410,2022,2022,,2022/08/23,to-read,to-read (#382),to-read,,,,0,0
61355265,The Light We Carry: Overcoming in Uncertain Times,Michelle Obama,"Obama, Michelle",,"=""0593237463""","=""9780593237465""",0,Crown,Hardcover,319,2022,2022,,2022/08/23,to-read,to-read (#381),to-read,,,,0,0
59808228,The Prisoner,B.A. Paris,"Paris, B.A.",,"=""1250274141""","=""9781250274144""",0,St. Martin's Press,Hardcover,298,2022,2022,,2022/08/23,to-read,to-read (#380),to-read,,,,0,0
59912428,Mad Honey,Jodi Picoult,"Picoult, Jodi",Jennifer Finney Boylan,"=""1984818384""","=""9781984818386""",0,Ballantine,Hardcover,464,2022,2022,,2022/08/23,to-read,to-read (#378),to-read,,,,0,0
34400032,Higher Is Waiting,Tyler Perry,"Perry, Tyler",,"=""0525496408""","=""9780525496403""",5.0,Books on Tape,Audio CD,,2017,2017,2022/08/23,2022/08/17,5-star-reads,5-star-reads (#6),read,,,,1,0
58640367,No Crowns in the Castle: Building a Strong Relationship and a Harmonious Life,Fantasia Barrino Taylor,"Taylor, Fantasia Barrino","Kendall Taylor, Hilary Beard","=""154601263X""","=""9781546012634""",0,Apiary,Hardcover,254,2022,,,2022/08/20,to-read,to-read (#377),to-read,,,,0,0
59420466,"Give Me More (Salacious Players Club, #3)",Sara Cate,"Cate, Sara",,"=""""","=""""",5.0,,Kindle Edition,358,2022,2022,2022/08/17,2022/07/15,5-star-reads,5-star-reads (#17),read,,,,1,0
55848848,This Might Get Awkward,Kara McDowell,"McDowell, Kara",,"=""1338746235""","=""9781338746235""",4.0,Scholastic Press,Hardcover,319,2022,2022,2022/08/13,2022/07/06,,,read,,,,1,0
61383580,"Deadly Affair (Deadly Love, #1)",K.A. Knight,"Knight, K.A.",Ivy Fox,"=""""","=""""",0,,Kindle Edition,329,2022,2022,,2022/08/10,to-read,to-read (#376),to-read,,,,0,0
54752395,Daddy's Angel,K.A. Knight,"Knight, K.A.",,"=""""","=""""",0,,Kindle Edition,246,2020,2021,,2022/08/10,to-read,to-read (#375),to-read,,,,0,0
55904454,"While We Were Dating (The Wedding Date, #6)",Jasmine Guillory,"Guillory, Jasmine",,"=""0593100840""","=""9780593100844""",0,Berkley Books,Hardcover,336,2021,2021,,2022/08/03,to-read,to-read (#374),to-read,,,,0,0
44300636,"Royal Holiday (The Wedding Date, #4)",Jasmine Guillory,"Guillory, Jasmine",,"=""1984802224""","=""9781984802224""",0,Berkley Books,Kindle Edition,304,2019,2019,,2022/08/03,to-read,to-read (#373),to-read,,,,0,0
49099926,"Party of Two (The Wedding Date, #5)",Jasmine Guillory,"Guillory, Jasmine",,"=""0593100816""","=""9780593100813""",0,Berkley,Hardcover,312,2020,2020,,2022/08/03,to-read,to-read (#372),to-read,,,,0,0
42455873,"The Wedding Party (The Wedding Date, #3)",Jasmine Guillory,"Guillory, Jasmine",,"=""1984802208""","=""9781984802200""",0,Penguin Publishing Group,Kindle Edition,351,2019,2019,,2022/08/03,to-read,to-read (#371),to-read,,,,0,0
33815781,"The Wedding Date (The Wedding Date, #1)",Jasmine Guillory,"Guillory, Jasmine",,"=""""","=""""",0,Berkley,Kindle Edition,317,2018,2018,,2022/08/03,to-read,to-read (#370),to-read,,,,0,0
37584991,"The Proposal (The Wedding Date, #2)",Jasmine Guillory,"Guillory, Jasmine",,"=""0399587683""","=""9780399587689""",0,Berkley,Paperback,325,2018,2018,,2022/08/03,to-read,to-read (#369),to-read,,,,0,0
59410616,Circling Back To You,Julie Tieu,"Tieu, Julie",,"=""0063069849""","=""9780063069848""",0,Avon,Paperback,352,2022,2022,,2022/07/31,to-read,to-read (#368),to-read,,,,0,0
55929475,"Break Me (Brayshaw, #5)",Meagan Brandy,"Brandy, Meagan",,"=""""","=""""",0,,Kindle Edition,498,2020,2020,,2022/07/31,to-read,to-read (#367),to-read,,,,0,0
53487396,"They The Pretty Stars (Court High, #1)",Eden O'Neill,"O'Neill, Eden",,"=""""","=""""",0,,ebook,167,2020,2020,,2022/07/31,to-read,to-read (#366),to-read,,,,0,0
55782639,"Set Boundaries, Find Peace: A Guide to Reclaiming Yourself",Nedra Glover Tawwab,"Tawwab, Nedra Glover",,"=""0593192109""","=""9780593192108""",0,Tarcherperigee,ebook,282,2021,2021,,2022/07/31,to-read,to-read (#365),to-read,,,,0,0
41534,The Between,Tananarive Due,"Due, Tananarive",,"=""0060819847""","=""9780060819842""",0,HarperTorch,Mass Market Paperback,304,2005,1995,,2022/07/31,to-read,to-read (#364),to-read,,,,0,0
50658624,"We the Pretty Stars (Court High, #4)",Eden O'Neill,"O'Neill, Eden",,"=""""","=""""",0,,ebook,158,2020,2020,,2022/07/31,to-read,to-read (#363),to-read,,,,0,0
54020552,"Court Kept (Court High, #3)",Eden O'Neill,"O'Neill, Eden",,"=""""","=""""",0,,ebook,211,2020,,,2022/07/31,to-read,to-read (#362),to-read,,,,0,0
56484743,"The Arrangement (The Arrangement, #1)",Kiersten Modglin,"Modglin, Kiersten",,"=""""","=""""",0,Kiersten Modglin,Kindle Edition,228,2021,2021,,2022/07/31,to-read,to-read (#361),to-read,,,,0,0
57518631,"Read Between the Lines (Ms. Right, #1)",Rachel Lacey,"Lacey, Rachel",,"=""1542033543""","=""9781542033541""",0,Montlake,Paperback,331,2021,2021,,2022/07/31,to-read,to-read (#360),to-read,,,,0,0
27213238,The Hating Game,Sally  Thorne,"Thorne, Sally",,"=""""","=""""",0,William Morrow Paperbacks,Paperback,365,2016,2016,,2022/07/31,to-read,to-read (#359),to-read,,,,0,0
60797616,"Eyes on Me (Salacious Players Club, #2)",Sara Cate,"Cate, Sara",,"=""""","=""""",4.0,,ebook,342,2022,2022,2022/07/28,2022/07/15,,,read,,,,1,0
55650158,Take My Hand,Dolen Perkins-Valdez,"Perkins-Valdez, Dolen",,"=""0593337697""","=""9780593337691""",0,Berkley,Hardcover,368,2022,2022,,2022/05/24,to-read,to-read (#358),to-read,,,,0,0
58131787,"Saint (Priest, #3)",Sierra Simone,"Simone, Sierra",,"=""""","=""""",0,,Kindle Edition,415,2021,2021,,2022/07/26,to-read,to-read (#357),to-read,,,,0,0
38233153,"Sinner (Priest, #2)",Sierra Simone,"Simone, Sierra",,"=""""","=""""",0,,Kindle Edition,400,2018,2018,,2022/07/26,to-read,to-read (#356),to-read,,,,0,0
25507389,"Priest (Priest, #1)",Sierra Simone,"Simone, Sierra",,"=""""","=""""",0,,Kindle Edition,354,2015,2015,,2022/07/26,to-read,to-read (#355),to-read,,,,0,0
52211784,"The Boyfriend Project (The Boyfriend Project, #1)",Farrah Rochon,"Rochon, Farrah",,"=""1538716623""","=""9781538716625""",0,Forever,Paperback,345,2020,2020,,2022/06/24,to-read,to-read (#354),to-read,,,,0,0
60682166,"11 Hours (Eleven, #1)",Octavia Jensen,"Jensen, Octavia",,"=""""","=""""",0,CeliKetch Publishing ,Kindle Edition,53,2022,,,2022/07/25,to-read,to-read (#352),to-read,,,,0,0
60798068,"11 Scenes (Eleven, #2)",Octavia Jensen,"Jensen, Octavia",,"=""""","=""""",0,CeliKetch Publishing,Kindle Edition,79,2022,2022,,2022/07/25,to-read,to-read (#353),to-read,,,,0,0
11505797,"Beautiful Disaster (Beautiful, #1)",Jamie McGuire,"McGuire, Jamie",,"=""""","=""""",0,Jamie McGuire,Kindle Edition,432,2011,2011,,2022/07/25,to-read,to-read (#351),to-read,,,,0,0
49084724,Credence,Penelope Douglas,"Douglas, Penelope",,"=""1660089050""","=""9781660089055""",0,Independently published,Paperback,470,2020,2020,,2022/07/25,to-read,to-read (#350),to-read,,,,0,0
60416566,"Praise (Salacious Players Club, #1)",Sara Cate,"Cate, Sara",,"=""""","=""9781956830149""",5.0,Sara Cate Books LLC,Paperback,341,2022,2022,2022/07/17,2022/07/15,5-star-reads,5-star-reads (#16),read,,,,1,0
60621070,Drunk on Love,Jasmine Guillory,"Guillory, Jasmine",,"=""0593100883""","=""9780593100882""",0,Berkley,Paperback,400,2022,2022,,2022/07/15,to-read,to-read (#349),to-read,,,,0,0
59447043,Finding Jupiter,Kelis Rowe,"Rowe, Kelis",,"=""0593429257""","=""9780593429259""",5.0,Crown Books for Young Readers,Hardcover,309,2022,2022,2022/07/06,2022/07/04,,,read,,,,1,0
7420952,"Darius Jones (Soulmates Dissipate, #8 ; Honey Diaries, #4)",Mary B. Morrison,"Morrison, Mary B.",,"=""""","=""""",0,Dafina Books,Hardcover,257,2010,2010,,2022/06/30,to-read,to-read (#348),to-read,,,,0,0
166559,"She Ain't the One (Soulmates Dissipate, #7)",Carl Weber,"Weber, Carl",Mary B. Morrison,"=""0758207212""","=""9780758207210""",0,Dafina,Hardcover,218,2006,2006,,2022/06/30,to-read,to-read (#347),to-read,,,,0,0
59748,"Soulmates Dissipate (Soulmates Dissipate, #1)",Mary B. Morrison,"Morrison, Mary B.",,"=""075820020X""","=""9780758200204""",5.0,Kensington,Mass Market Paperback,320,2003,2000,2022/06/30,2022/06/26,,,read,,,,1,0
240141,"God Don't Like Ugly (God Don't Like Ugly, #1)",Mary Monroe,"Monroe, Mary",,"=""0758220324""","=""9780758220325""",0,Kensington,Mass Market Paperback,432,2006,2000,,2022/06/29,to-read,to-read (#346),to-read,,,,0,0
2945983,Midnight,Sister Souljah,"Souljah, Sister",,"=""1416545182""","=""9781416545187""",0,Atria Books,Hardcover,498,2008,2007,,2022/06/29,to-read,to-read (#345),to-read,,,,0,0
58830202,From Below,Darcy Coates,"Coates, Darcy",,"=""1728220238""","=""9781728220239""",0,Poisoned Pen Press,Paperback,469,2022,2022,,2022/06/26,to-read,to-read (#344),to-read,,,,0,0
53538680,"Hush-Hush (Stone Barrington, #56)",Stuart Woods,"Woods, Stuart",,"=""0593188373""","=""9780593188378""",2.0,G.P. Putnam's Sons,Kindle Edition,334,2020,2020,,2022/05/25,,,read,,,,2,0
60197874,Baby for the Mob Boss,Bella King,"King, Bella",,"=""""","=""""",0,,Kindle Edition,230,2022,,,2022/06/06,to-read,to-read (#343),to-read,,,,0,0
56450083,"Condemned to Love (Mazzone Mafia, #1)",Siobhan     Davis,"Davis, Siobhan",,"=""""","=""""",0,Amazon Digital Services,ebook,527,2021,2021,,2022/06/06,to-read,to-read (#342),to-read,,,,0,0
59626852,"Beyond the Team (Out of Reach, #4)",Kaylee Ryan,"Ryan, Kaylee",,"=""1949151549""","=""9781949151541""",0,Kaylee Ryan,Kindle Edition,254,2022,2022,,2022/06/06,to-read,to-read (#341),to-read,,,,0,0
61093535,"Bitter Betrayal (Callahan Syndicate, #2)",Meaghan Pierce,"Pierce, Meaghan",,"=""""","=""""",0,Pierced Soul Publishing,Kindle Edition,290,2022,,,2022/06/06,to-read,to-read (#340),to-read,,,,0,0
60456894,Malibu Rising,Taylor Jenkins Reid,"Reid, Taylor Jenkins",,"=""1524798673""","=""9781524798673""",0,Ballantine Books,Paperback,389,2022,2021,,2022/06/06,to-read,to-read (#339),to-read,,,,0,0
597170,Blonde Faith (Easy Rawlins #11),Walter Mosley,"Mosley, Walter",,"=""0316734594""","=""9780316734592""",0,Little Brown and Company,Hardcover,308,2007,2007,,2022/06/02,to-read,to-read (#338),to-read,,,,0,0
58950845,"By the Book (Meant to Be, #2)",Jasmine Guillory,"Guillory, Jasmine",,"=""1368053386""","=""9781368053389""",0,Hyperion Avenue,Paperback,313,2022,2022,,2022/06/02,to-read,to-read (#337),to-read,,,,0,0
28509131,If I Can't Have You 3: The Finale,Dawn Jiles,"Jiles, Dawn",,"=""""","=""""",0,Leo Sullivan Presents | Sullivan Productions,Kindle Edition,141,2016,,,2022/06/02,to-read,to-read (#336),to-read,,,,0,0
28256528,If I Can't Have You 2,Dawn Jiles,"Jiles, Dawn",,"=""""","=""""",0,Leo Sullivan Presents | Sullivan Productions,Kindle Edition,116,2015,2015,,2022/06/02,to-read,to-read (#335),to-read,,,,0,0
28088262,If I Can't Have You,Dawn Jiles,"Jiles, Dawn",,"=""""","=""""",0,Leo Sullivan Presents | Sullivan Productions,Kindle Edition,196,2015,2015,,2022/06/02,to-read,to-read (#334),to-read,,,,0,0
44281048,Saving Savannah,Tonya Bolden,"Bolden, Tonya",,"=""1681198045""","=""9781681198040""",0,Bloomsbury YA,Hardcover,240,2020,2020,,2022/05/31,to-read,to-read (#333),to-read,,,,0,0
56462354,The Sweetest Remedy,Jane Igharo,"Igharo, Jane",,"=""0593101960""","=""9780593101964""",0,Berkley,Paperback,320,2021,2021,,2022/05/31,to-read,to-read (#332),to-read,,,,0,0
51541496,Luster,Raven Leilani,"Leilani, Raven",,"=""0374194327""","=""9780374194321""",0,"Farrar, Straus and Giroux",Hardcover,227,2020,2020,,2022/05/31,to-read,to-read (#331),to-read,,,,0,0
49694080,Ties That Tether,Jane Igharo,"Igharo, Jane",,"=""0593101944""","=""9780593101940""",0,Berkley,Paperback,306,2020,2020,,2022/05/31,to-read,to-read (#330),to-read,,,,0,0
58658940,"The Final Gambit (The Inheritance Games, #3)",Jennifer Lynn Barnes,"Barnes, Jennifer Lynn",,"=""""","=""9780316371124""",0,"Little, Brown Books for Young Readers",Kindle Edition,400,2022,2022,,2022/05/27,to-read,to-read (#329),to-read,,,,0,0
50531218,"The Hawthorne Legacy (The Inheritance Games, #2)",Jennifer Lynn Barnes,"Barnes, Jennifer Lynn",,"=""0241480744""","=""9780241480748""",0,Penguin,Hardcover,380,2021,2021,,2022/05/27,to-read,to-read (#328),to-read,,,,0,0
52439531,"The Inheritance Games (The Inheritance Games, #1)",Jennifer Lynn Barnes,"Barnes, Jennifer Lynn",,"=""1368052401""","=""9781368052405""",0,"Little, Brown Books for Young Readers",Hardcover,386,2020,2020,,2022/05/27,to-read,to-read (#327),to-read,,,,0,0
26026060,The Blackbirds,Eric Jerome Dickey,"Dickey, Eric Jerome",,"=""1101984104""","=""9781101984109""",0,Dutton,Hardcover,528,2016,2016,,2022/05/25,to-read,to-read (#326),to-read,,,,0,0
339697,Milk in My Coffee,Eric Jerome Dickey,"Dickey, Eric Jerome",,"=""0451201000""","=""9780451201003""",0,Dutton,Paperback,320,2000,1998,,2022/05/25,to-read,to-read (#325),to-read,,,,0,0
649939,Thug-A-Licious: An Urban Erotic Tale,Noire,"Noire, Noire",,"=""0345486919""","=""9780345486912""",0,Random House Publishing Group,Paperback,352,2006,2006,,2022/05/10,to-read,to-read (#324),to-read,,,,0,0
42389689,"The Culmination of Everything (Sugar Valley, #1)",Christina C. Jones,"Jones, Christina C.",,"=""""","=""""",0,,Kindle Edition,238,2018,2018,,2022/03/26,to-read,to-read (#323),to-read,,,,0,0
181410,Waking with Enemies (Gideon #2),Eric Jerome Dickey,"Dickey, Eric Jerome",,"=""0525950389""","=""9780525950387""",0,Dutton Adult,Hardcover,400,2007,2007,,2022/05/10,to-read,to-read (#322),to-read,,,,0,0
181404,"Sleeping with Strangers (Gideon, #1)",Eric Jerome Dickey,"Dickey, Eric Jerome",,"=""0525949992""","=""9780525949992""",0,Dutton Adult,Hardcover,336,2007,2007,,2022/05/10,to-read,to-read (#321),to-read,,,,0,0
181405,"Sister, Sister",Eric Jerome Dickey,"Dickey, Eric Jerome",,"=""0451201019""","=""9780451201010""",0,Penguin Publishing Group,Paperback,256,2000,1996,,2022/05/10,to-read,to-read (#320),to-read,,,,0,0
181411,Cheaters,Eric Jerome Dickey,"Dickey, Eric Jerome",,"=""0451203003""","=""9780451203007""",0,Penguin Publishing Group,Paperback,368,2001,1999,,2022/05/10,to-read,to-read (#319),to-read,,,,0,0
227492,Friends and Lovers,Eric Jerome Dickey,"Dickey, Eric Jerome",,"=""0451201027""","=""9780451201027""",0,Penguin Publishing Group,Paperback,416,2000,1997,,2022/05/10,to-read,to-read (#318),to-read,,,,0,0
181409,Genevieve,Eric Jerome Dickey,"Dickey, Eric Jerome",,"=""0451218493""","=""9780451218490""",4.0,Penguin Publishing Group,Paperback,320,2006,2005,2022/05/10,2021/04/13,,,read,,,,1,0
22020787,Girls From Da Hood Series Collection (Girls From Da Hood #1-4),Nikki Turner,"Turner, Nikki","Chunchy, Roy Glenn, JaQuavis Coleman, KaShamba Williams","=""""","=""""",0,Urban Books,Mass Market Paperback,,,,,2022/05/02,to-read,to-read (#317),to-read,,,,0,0
8943690,Girls from da Hood 6,Ashley  Antoinette,"Antoinette, Ashley","JaQuavis Coleman, Amaleka McCall","=""1601624441""","=""9781601624444""",0,Kensington,Paperback,336,2011,2011,,2022/05/02,to-read,to-read (#316),to-read,,,,0,0
2774556,Girls From Da Hood 4,Ashley  Antoinette,"Antoinette, Ashley","JaQuavis Coleman, Ayana Ellis","=""1601620438""","=""9781601620439""",0,Urban Books,Paperback,294,2008,2008,,2022/05/02,to-read,to-read (#315),to-read,,,,0,0
29939032,The Streets Have No King,JaQuavis Coleman,"Coleman, JaQuavis",,"=""1250081270""","=""9781250081278""",0,St. Martin's Griffin,Paperback,272,2017,2017,,2022/05/02,to-read,to-read (#314),to-read,,,,0,0
15809543,The Day the Streets Stood Still,JaQuavis Coleman,"Coleman, JaQuavis",,"=""1601625391""","=""9781601625397""",0,Urban Books,Paperback,288,2014,,,2022/05/02,to-read,to-read (#313),to-read,,,,0,0
6115956,"The Dopeman's Wife (The Dopeman, #1)",JaQuavis Coleman,"Coleman, JaQuavis",,"=""1601621590""","=""9781601621597""",0,Urban Books,Paperback,230,2009,2009,,2022/05/02,to-read,to-read (#312),to-read,,,,0,0
52407128,The Streets Have No Queen,JaQuavis Coleman,"Coleman, JaQuavis",,"=""""","=""""",0,Coleman Season,Kindle Edition,158,2019,,,2022/05/02,to-read,to-read (#311),to-read,,,,0,0
298019,G-Spot: An Urban Erotic Tale,Noire,"Noire, Noire",,"=""0345486870""","=""9780345486875""",5.0,One World/Ballantine,Mass Market Paperback,320,2006,2005,2022/04/29,2021/04/13,spicy-shelf,spicy-shelf (#3),read,,,,1,0
57355861,"Fear No Evil (Alex Cross,  #29)",James  Patterson,"Patterson, James",,"=""0316499145""","=""9780316499149""",4.0,"Little, Brown and Company",Hardcover,400,2021,2021,2022/04/23,2022/03/30,,,read,,,,1,0
54492087,Redux (Heights Stories),Christina C. Jones,"Jones, Christina C.",,"=""1953214045""","=""9781953214041""",0,Warm Hues Creative LLC,Kindle Edition,96,2020,2020,,2022/02/08,to-read,to-read (#310),to-read,,,,0,0
60323722,Mister Librarian (The Mister Series Book 1),B. Love,"Love, B.",,"=""""","=""""",0,Prolific Pen Pusher,Kindle Edition,162,2022,,,2022/03/26,to-read,to-read (#309),to-read,,,,0,0
36412998,The Stars and the Blackness Between Them,Junauda Petrus,"Petrus, Junauda",,"=""052555548X""","=""9780525555483""",0,Dutton Books for Young Readers,Hardcover,312,2019,2019,,2022/03/26,to-read,to-read (#308),to-read,,,,0,0
59725008,The Mercy Sisters: Love Knocked,J. Nichole,"Nichole, J.",,"=""""","=""""",0,Not The Last Page,Kindle Edition,232,2021,,,2022/03/26,to-read,to-read (#307),to-read,,,,0,0
44890015,Black Enough: Stories of Being Young & Black in America,Ibi Zoboi,"Zoboi, Ibi","Tracey Baptiste, Coe Booth, Dhonielle Clayton, Brandy Colbert, Jay Coles, Lamar Giles, Leah  Henderson, Justina Ireland, Varian Johnson, Kekla Magoon, Tochi Onyebuchi, Jason Reynolds, Nic Stone, Liara Tamani, Renée  Watson, Rita Williams-Garcia","=""0062698737""","=""9780062698735""",0,Versify,Paperback,416,2020,2019,,2022/03/26,to-read,to-read (#306),to-read,,,,0,0
139855,Knowing God,J.I. Packer,"Packer, J.I.",,"=""""","=""""",0,InterVarsity Press,Paperback,286,1993,1973,,2022/03/26,to-read,to-read (#305),to-read,,,,0,0
58964674,All To Me,Ashantay Keys,"Keys, Ashantay",,"=""""","=""""",0,,Kindle Edition,184,2021,,,2022/03/19,to-read,to-read (#304),to-read,,,,0,0
32620332,The Seven Husbands of Evelyn Hugo,Taylor Jenkins Reid,"Reid, Taylor Jenkins",,"=""1501139231""","=""9781501139239""",0,Atria Books,Hardcover,389,2017,2017,,2022/03/19,to-read,to-read (#303),to-read,,,,0,0
60048202,Make It Back To Me,Mya,"Mya, Mya",,"=""""","=""""",0,B. Love Publications,Kindle Edition,159,2022,,,2022/02/17,to-read,to-read (#302),to-read,,,,0,0
55931395,Beautiful Bastards: A Billionaire Romance Collection,Sarah Pain,"Pain, Sarah",,"=""""","=""""",0,,Kindle Edition,461,2020,,,2022/02/06,to-read,to-read (#301),to-read,,,,0,0
55924329,It's the Chase for Me (Heights Stories),Christina C. Jones,"Jones, Christina C.",,"=""1953214118""","=""9781953214119""",4.0,Warm Hues Creative ,Kindle Edition,97,2020,,2022/02/17,2022/02/08,,,read,,,,1,0
52914202,Patron Saints of Nothing,Randy Ribay,"Ribay, Randy",,"=""0525554920""","=""9780525554929""",0,Penguin Books,Paperback,352,2020,2019,,2022/02/07,to-read,to-read (#240),to-read,,,,0,0
43329986,A Bailey Family Christmas,Bianca,"Bianca, Bianca",,"=""""","=""""",0,Royalty Publishing House,Kindle Edition,78,2018,,,2022/02/13,to-read,to-read (#300),to-read,,,,0,0
59968057,Never Wanted to Be Wifey,Jahquel J.,"J., Jahquel",,"=""""","=""""",0,,Kindle Edition,184,2021,,,2022/02/13,to-read,to-read (#299),to-read,,,,0,0
55871027,My Darling Husband,Kimberly Belle,"Belle, Kimberly",,"=""0778311562""","=""9780778311560""",0,Park Row,Paperback,352,2022,2021,,2022/02/13,to-read,to-read (#298),to-read,,,,0,0
40880580,Beyond the Bases (Out of Reach #1),Kaylee Ryan,"Ryan, Kaylee",,"=""194915100X""","=""9781949151008""",0,Kaylee Ryan,Kindle Edition,229,2018,2018,,2022/02/13,to-read,to-read (#297),to-read,,,,0,0
40719305,"Fumbled (Playbook, #2)",Alexa  Martin,"Martin, Alexa",,"=""045149198X""","=""9780451491985""",0,Berkley,Kindle Edition,331,2019,2019,,2022/02/13,to-read,to-read (#296),to-read,,,,0,0
44512841,"Blitzed (Playbook, #3)",Alexa  Martin,"Martin, Alexa",,"=""0451491998""","=""9780451491992""",0,Berkley,Paperback,325,2019,2019,,2022/02/13,to-read,to-read (#295),to-read,,,,0,0
50689389,"Snapped (Playbook, #4)",Alexa  Martin,"Martin, Alexa",,"=""0593102509""","=""9780593102503""",0,Berkley,Paperback,336,2020,2020,,2022/02/13,to-read,to-read (#294),to-read,,,,0,0
52739584,"Fresh Meet (Kings of the Water, #2)",Jasmin Miller,"Miller, Jasmin",,"=""""","=""""",0,,Kindle Edition,336,2020,2020,,2022/02/13,to-read,to-read (#293),to-read,,,,0,0
59575297,First Down (Salt Lake City Stallions #1),K.T. Quinn,"Quinn, K.T.",,"=""""","=""""",0,,Kindle Edition,360,2021,2021,,2022/02/13,to-read,to-read (#292),to-read,,,,0,0
58589618,"Woman Last Seen (DCI Clements, #1)",Adele Parks,"Parks, Adele",,"=""0778312046""","=""9780778312048""",0,MIRA,Paperback,384,2022,2021,,2022/02/13,to-read,to-read (#291),to-read,,,,0,0
51545054,"See Her Die (Bree Taggert, #2)",Melinda Leigh,"Leigh, Melinda",,"=""1542015499""","=""9781542015493""",0,Montlake,Kindle Edition,315,2020,2020,,2022/02/13,to-read,to-read (#290),to-read,,,,0,0
57962501,"Burned (The Cade Ranch, #1)",Greta Rose West,"West, Greta Rose",,"=""1955633002""","=""9781955633000""",0,Amazon Digital Services,Kindle Edition,340,2021,2021,,2022/02/13,to-read,to-read (#289),to-read,,,,0,0
54256218,One More Step,Lillian Schneider,"Schneider, Lillian","Marissa Taylor, Murphy Rae, Colleen Hoover, Debra Anastasia, Santana Blair, K.F. Breene, Amy Daws, B.B. Easton, L.K. Farlow, Gianna Gabriela, Evan Grace, K.L. Grayson, A.L. Jackson, Tracy Justice, M. Lynn, Devney Perry, T.K. Rapp, Aleatha Romig, J.B. Salsbury, Emma   Scott, Ginger Scott, Cathlin Shahriary, Julie Solano, Jessica Sorensen, S.M. Soto, Tijan, Jaci Wheeler, Lilly Wilde","=""""","=""""",0,"Bookworm Box, Inc.",Kindle Edition,658,2020,2020,,2022/02/13,to-read,to-read (#287),to-read,,,,0,0
15784909,"This Girl (Slammed, #3)",Colleen Hoover,"Hoover, Colleen",,"=""938326019X""","=""""",0,Atria Books,Kindle Edition,306,2013,2013,,2022/02/13,to-read,to-read (#286),to-read,,,,0,0
51007311,Heart Bones,Colleen Hoover,"Hoover, Colleen",,"=""""","=""""",0,"Hoover Ink, Inc.",Kindle Edition,338,2020,2020,,2022/02/13,to-read,to-read (#285),to-read,,,,0,0
44582454,Regretting You,Colleen Hoover,"Hoover, Colleen",,"=""154201641X""","=""9781542016414""",0,Montlake Romance,Kindle Edition,363,2019,2019,,2022/02/13,to-read,to-read (#284),to-read,,,,0,0
19390926,"Point of Retreat (Slammed, #2)",Colleen Hoover,"Hoover, Colleen",,"=""""","=""""",0,Simon & Schuster UK,Kindle Edition,277,2012,2012,,2022/02/13,to-read,to-read (#283),to-read,,,,0,0
24445517,"Maybe Someday (Maybe, #1)",Colleen Hoover,"Hoover, Colleen",,"=""""","=""""",0,Atria Books,ebook,385,2014,2014,,2022/02/13,to-read,to-read (#282),to-read,,,,0,0
60393672,"It Starts with Us (It Ends with Us, #2)",Colleen Hoover,"Hoover, Colleen",,"=""1668001225""","=""9781668001226""",0,Atria Books,Paperback,324,2022,2022,,2022/02/13,to-read,to-read (#281),to-read,,,,0,0
55884891,On The Rebound (Nymphs & Trojans #3),Alexandra Warren,"Warren, Alexandra",,"=""""","=""""",0,Amazon Digital Services,Kindle Edition,255,2020,,,2022/02/08,to-read,to-read (#280),to-read,,,,0,0
41194795,"Pass Interference (Connecticut Kings, #6)",Christina C. Jones,"Jones, Christina C.",,"=""""","=""""",0,Warm Hues Creative,Kindle Edition,298,2018,2018,,2022/02/08,to-read,to-read (#279),to-read,,,,0,0
32050722,"The Truth: His Side, Her Side, and The Truth About Falling in Love (Truth And Lies, #1)",Christina C. Jones,"Jones, Christina C.",,"=""""","=""""",0,Warm Hues Publishing,Kindle Edition,334,2016,2016,,2022/02/08,to-read,to-read (#277),to-read,,,,0,0
40132776,"Deuces Wild (High Stakes, #3)",Christina C. Jones,"Jones, Christina C.",,"=""""","=""""",0,Warm Hues Creative,Kindle Edition,256,2018,2018,,2022/02/08,to-read,to-read (#278),to-read,,,,0,0
57677211,"Maybe One More Time (Vegas Nights, #3)",Christina C. Jones,"Jones, Christina C.",,"=""1953214215""","=""9781953214218""",0,Warm Hues Creative ,Kindle Edition,92,2021,2021,,2022/02/08,to-read,to-read (#276),to-read,,,,0,0
55364353,Behind the Scenes,Christina C. Jones,"Jones, Christina C.",,"=""1953214061""","=""9781953214065""",0,Warm Hues Creative LLC,Kindle Edition,352,2020,2020,,2022/02/08,to-read,to-read (#275),to-read,,,,0,0
20494730,"Strictly Professional (Strictly Professional, #1)",Christina C. Jones,"Jones, Christina C.",,"=""""","=""""",0,,Kindle Edition,201,2014,2014,,2022/02/08,to-read,to-read (#274),to-read,,,,0,0
50867937,"I Think I Might Want You (Love Sisters, #3)",Christina C. Jones,"Jones, Christina C.",,"=""""","=""""",0,,Kindle Edition,134,2019,2019,,2022/02/08,to-read,to-read (#273),to-read,,,,0,0
28823360,Inevitable Seductions (Inevitable #2),Christina C. Jones,"Jones, Christina C.",,"=""""","=""""",0,Warm Hues Publishing,Kindle Edition,213,2016,2016,,2022/02/08,to-read,to-read (#272),to-read,,,,0,0
46098154,"I Think I Might Need You (Love Sisters, #2)",Christina C. Jones,"Jones, Christina C.",,"=""""","=""""",0,Warm Hues Creative,Kindle Edition,152,2019,2019,,2022/02/08,to-read,to-read (#271),to-read,,,,0,0
32950942,"Bending The Rules (The Wright Brothers, #3)",Christina C. Jones,"Jones, Christina C.",,"=""""","=""""",0,Warm Hues Creative,Kindle Edition,238,2016,2016,,2022/02/08,to-read,to-read (#270),to-read,,,,0,0
56874843,"Maybe Next Time (Vegas Nights, #1)",Christina C. Jones,"Jones, Christina C.",,"=""1953214193""","=""9781953214195""",0,Warm Hues Creative,Kindle Edition,94,2021,,,2022/02/08,to-read,to-read (#269),to-read,,,,0,0
33985657,"Ante Up (High Stakes, #1)",Christina C. Jones,"Jones, Christina C.",,"=""""","=""""",0,Warm Hues Media,Kindle Edition,335,2017,2017,,2022/02/08,to-read,to-read (#268),to-read,,,,0,0
29958746,"Pulling Doubles (Wright Brothers, #2)",Christina C. Jones,"Jones, Christina C.",,"=""""","=""""",0,Warm Hues Creative,Kindle Edition,218,2016,2016,,2022/02/08,to-read,to-read (#267),to-read,,,,0,0
28526138,"Getting Schooled (The Wright Brothers, #1)",Christina C. Jones,"Jones, Christina C.",,"=""""","=""""",0,Warm Hues Publishing,ebook,334,2016,2016,,2022/02/08,to-read,to-read (#266),to-read,,,,0,0
45310776,"I Think I Might Love You (Love Sisters, #1)",Christina C. Jones,"Jones, Christina C.",,"=""""","=""""",0,Warm Hues Creative,Kindle Edition,144,2019,2019,,2022/02/08,to-read,to-read (#265),to-read,,,,0,0
58603402,You're Mine,Monae Nicole,"Nicole, Monae",,"=""""","=""""",0,B. Love Publications,Kindle Edition,132,2021,,,2022/02/08,to-read,to-read (#264),to-read,,,,0,0
28816172,PS... You’re Mine,Alexa Riley,"Riley, Alexa",,"=""""","=""""",0,,Kindle Edition,128,2016,2016,,2022/02/08,to-read,to-read (#263),to-read,,,,0,0
60176583,I Could Fall in Love,Kimberly   Brown,"Brown, Kimberly",,"=""""","=""""",0,B. Love Publications,Kindle Edition,197,2022,2022,,2022/02/08,to-read,to-read (#262),to-read,,,,0,0
2917584,From the Streets to the Sheets: Urban Erotic Quickies (Noire: Urban Erotic Quickies),Noire,"Noire, Noire",,"=""0345508483""","=""9780345508485""",0,Random House Publishing Group,Paperback,352,2008,2012,,2022/02/07,to-read,to-read (#261),to-read,,,,0,0
36426709,"Fame (The Keatyn Chronicles, #8)",Jillian Dodd,"Dodd, Jillian",,"=""""","=""""",0,,Kindle Edition,294,,2014,,2022/02/07,to-read,to-read (#260),to-read,,,,0,0
36426690,"Power (The Keatyn Chronicles, #9)",Jillian Dodd,"Dodd, Jillian",,"=""""","=""""",0,Amazon Digital Services,Kindle Edition,210,2017,2015,,2022/02/07,to-read,to-read (#259),to-read,,,,0,0
36426674,"Money (The Keatyn Chronicles, #10)",Jillian Dodd,"Dodd, Jillian",,"=""""","=""""",0,Amazon Digital Services,Kindle Edition,206,2017,2016,,2022/02/07,to-read,to-read (#258),to-read,,,,0,0
36426718,Sex (The Keatyn Chronicles #11),Jillian Dodd,"Dodd, Jillian",,"=""""","=""""",0,,Unknown Binding,178,,2017,,2022/02/07,to-read,to-read (#257),to-read,,,,0,0
55848521,"Get Me (The Keatyn Chronicles, #7)",Jillian Dodd,"Dodd, Jillian",,"=""""","=""""",0,,Kindle Edition,375,,2014,,2022/02/07,to-read,to-read (#256),to-read,,,,0,0
55848517,"Hate Me (The Keatyn Chronicles, #6)",Jillian Dodd,"Dodd, Jillian",,"=""""","=""""",0,,Kindle Edition,375,,2014,,2022/02/07,to-read,to-read (#255),to-read,,,,0,0
55848524,"Adore Me (The Keatyn Chronicles, #5)",Jillian Dodd,"Dodd, Jillian",,"=""""","=""""",0,,Kindle Edition,80,,2013,,2022/02/07,to-read,to-read (#254),to-read,,,,0,0
55848512,"Love Me  (The Keatyn Chronicles, #4)",Jillian Dodd,"Dodd, Jillian",,"=""""","=""""",0,,Kindle Edition,510,,2013,,2022/02/07,to-read,to-read (#253),to-read,,,,0,0
55848496,"Date Me (The Keatyn Chronicles, #3)",Jillian Dodd,"Dodd, Jillian",,"=""""","=""""",0,,Kindle Edition,299,,2013,,2022/02/07,to-read,to-read (#252),to-read,,,,0,0
55848490,"Kiss Me (The Keatyn Chronicles, #2)",Jillian Dodd,"Dodd, Jillian",,"=""""","=""""",0,Swoonworthy Books,Kindle Edition,430,2020,2012,,2022/02/07,to-read,to-read (#251),to-read,,,,0,0
55848485,"Stalk Me (The Keatyn Chronicles, #1)",Jillian Dodd,"Dodd, Jillian",,"=""""","=""""",0,,ebook,327,,2012,,2022/02/07,to-read,to-read (#250),to-read,,,,0,0
23214408,"After Ever Happy (After, #4)",Anna Todd,"Todd, Anna",,"=""1501106406""","=""9781501106408""",0,Gallery Books,Paperback,512,2015,2015,,2022/02/07,to-read,to-read (#249),to-read,,,,0,0
22609080,"After We Fell (After, #3)",Anna Todd,"Todd, Anna",,"=""147679250X""","=""9781476792507""",0,Gallery Books,Paperback,837,2014,2014,,2022/02/07,to-read,to-read (#248),to-read,,,,0,0
22540125,"After We Collided (After, #2)",Anna Todd,"Todd, Anna",,"=""1476792496""","=""9781476792491""",0,Gallery Books,Paperback,674,2014,2013,,2022/02/07,to-read,to-read (#247),to-read,,,,0,0
41745118,"Wrecked For You (Exposed Hearts, #2)",Kristin Mayer,"Mayer, Kristin",,"=""1942910312""","=""9781942910312""",0,"K. Mayer Enterprises, Inc.",Kindle Edition,323,2018,,,2022/02/07,to-read,to-read (#246),to-read,,,,0,0
35273346,"Flawless Perfection (Timeless Love, #2)",Kristin Mayer,"Mayer, Kristin",,"=""1942910231""","=""9781942910237""",0,"K. Mayer Enterprises, Inc.",Paperback,356,2017,2017,,2022/02/07,to-read,to-read (#245),to-read,,,,0,0
43819410,"Changed By You (Exposed Hearts, #3)",Kristin Mayer,"Mayer, Kristin",,"=""1942910347""","=""9781942910343""",0,"K. Mayer Enterprises, Inc.",Kindle Edition,338,2019,2019,,2022/02/07,to-read,to-read (#244),to-read,,,,0,0
40180150,Intoxicated By You,Kristin Mayer,"Mayer, Kristin",,"=""1942910282""","=""9781942910282""",0,K. Mayer Enterprises,Kindle Edition,312,2018,2018,,2022/02/07,to-read,to-read (#243),to-read,,,,0,0
54304031,Yellow Wife,Sadeqa  Johnson,"Johnson, Sadeqa",,"=""1982149108""","=""9781982149109""",0,37 Ink,Hardcover,278,2021,2021,,2022/02/07,to-read,to-read (#242),to-read,,,,0,0
58375739,Will,Will  Smith,"Smith, Will",Mark Manson,"=""1984877925""","=""9781984877925""",0,Penguin Press,Hardcover,418,2021,2021,,2022/02/07,to-read,to-read (#241),to-read,,,,0,0
53056007,A History of Wild Places,Shea Ernshaw,"Ernshaw, Shea",,"=""1982164824""","=""9781982164829""",0,Atria,Kindle Edition,368,2021,2021,,2022/02/07,to-read,to-read (#239),to-read,,,,0,0
53018346,"Happily Ever Afters (Happily Ever Afters, #1)",Elise Bryant,"Bryant, Elise",,"=""0062982834""","=""9780062982834""",0,Quill Tree Books,Hardcover,384,2021,2021,,2022/02/07,to-read,to-read (#238),to-read,,,,0,0
31143847,Your Husband Our Man 2: The Wrong Kind of Love,Tracee Boyd,"Boyd, Tracee",,"=""""","=""""",0,Royalty Publishing House,Kindle Edition,129,2016,,,2022/02/07,to-read,to-read (#237),to-read,,,,0,0
26802407,"Your Husband, Our Man: The Wrong Kind of Love",Tracee Boyd,"Boyd, Tracee",,"=""""","=""""",0,Royalty Publishing House,Kindle Edition,196,2015,2015,,2022/02/07,to-read,to-read (#236),to-read,,,,0,0
57410211,The Wrong Kind Of Love,Rochelle Hasan,"Hasan, Rochelle",,"=""""","=""""",0,Monreaux Publications,Kindle Edition,253,2021,,,2022/02/07,to-read,to-read (#235),to-read,,,,0,0
56175100,Recipe For Disaster,Montoya Epperson,"Epperson, Montoya",,"=""""","=""""",0,,Kindle Edition,342,2020,,,2022/02/07,to-read,to-read (#234),to-read,,,,0,0
58395050,"Yinka, Where Is Your Huzband?",Lizzie Damilola Blackburn,"Blackburn, Lizzie Damilola",,"=""0593299000""","=""9780593299005""",0,Pamela Dorman Books,Hardcover,384,2022,2022,,2022/02/07,to-read,to-read (#233),to-read,,,,0,0
57363529,"Tattered Stars (Tattered & Torn, #1)",Catherine Cowles,"Cowles, Catherine",,"=""195193606X""","=""9781951936068""",0,PageSmith LLC,Paperback,320,2022,2022,,2022/02/07,to-read,to-read (#232),to-read,,,,0,0
43884209,"Get a Life, Chloe Brown (The Brown Sisters, #1)",Talia Hibbert,"Hibbert, Talia",,"=""0062941208""","=""9780062941206""",0,Avon,Paperback,373,2019,2019,,2022/02/06,to-read,to-read (#231),to-read,,,,0,0
48529085,"Worship (On My Knees Duet, #1)",Ella James,"James, Ella",,"=""""","=""""",0,Barkley's Books,ebook,162,2019,2019,,2022/02/06,to-read,to-read (#230),to-read,,,,0,0
16148137,"The Education of Sebastian (The Education of..., #1)",Jane Harvey-Berrick,"Harvey-Berrick, Jane",,"=""""","=""""",0,Harvey Berrick Publishing,Kindle Edition,386,2012,2012,,2022/02/06,to-read,to-read (#229),to-read,,,,0,0
53404982,Low Key Fallin For A Savage,J. Dominique,"Dominique, J.",,"=""""","=""""",0,"Cole Hart Signature, LLC",Kindle Edition,178,2020,,,2022/02/06,to-read,to-read (#228),to-read,,,,0,0
59643500,"The Experiment (Landry Love, #1)",Amy Alves,"Alves, Amy",,"=""""","=""""",0,Amy Alves Books,ebook,358,2021,2021,,2022/02/06,to-read,to-read (#226),to-read,,,,0,0
44156072,"Southern Player (Charleston Heat, #2)",Jessica  Peterson,"Peterson, Jessica",,"=""""","=""""",0,Peterson Paperbacks,ebook,362,2019,,,2022/02/06,to-read,to-read (#225),to-read,,,,0,0
51782467,"Beautiful Liar (The Reed Rivers Trilogy, #2)",Lauren Rowe,"Rowe, Lauren",,"=""""","=""""",0,SoCoRo Publishing,Kindle Edition,248,2020,2020,,2022/02/06,to-read,to-read (#224),to-read,,,,0,0
50540658,"Bad Liar (The Reed Rivers Trilogy, #1)",Lauren Rowe,"Rowe, Lauren",,"=""1951315065""","=""""",0,SoCoRo Publishing,Kindle Edition,235,2020,2020,,2022/02/06,to-read,to-read (#223),to-read,,,,0,0
18775203,"Rusty Nailed (Cocktail, #2)",Alice Clayton,"Clayton, Alice",,"=""1476766665""","=""9781476766669""",0,Gallery Books,Paperback,288,2014,2014,,2022/02/06,to-read,to-read (#222),to-read,,,,0,0
15858248,"Wallbanger (Cocktail, #1)",Alice Clayton,"Clayton, Alice",,"=""1623420024""","=""9781623420024""",0,Omnific Publishing,Paperback,384,2012,2012,,2022/02/06,to-read,to-read (#221),to-read,,,,0,0
28815474,The Couple Next Door,Shari Lapena,"Lapena, Shari",,"=""0735221081""","=""9780735221086""",0,Pamela Dorman Books,Hardcover,308,2016,2016,,2022/02/06,to-read,to-read (#220),to-read,,,,0,0
39896927,Despair (Feral #2),Nora Ash,"Ash, Nora",,"=""""","=""""",0,Little Huldra Media,Kindle Edition,118,2018,2018,,2022/02/06,to-read,to-read (#219),to-read,,,,0,0
37496108,"Obsession (Feral, #1)",Nora Ash,"Ash, Nora",,"=""1981276866""","=""9781981276868""",0,CreateSpace Independent Publishing Platform,Paperback,116,2018,2018,,2022/02/06,to-read,to-read (#218),to-read,,,,0,0
53999701,"Alpha (Alpha Ties, #1)",Nora Ash,"Ash, Nora",,"=""""","=""""",0,Little Huldra Media,Kindle Edition,244,2021,2021,,2022/02/06,to-read,to-read (#217),to-read,,,,0,0
22557520,"After (After, #1)",Anna Todd,"Todd, Anna",,"=""1476792488""","=""9781476792484""",0,Gallery Books,Paperback,582,2014,2014,,2022/02/06,to-read,to-read (#216),to-read,,,,0,0
43696048,"The Mister (Mister & Missus, #1)",E.L. James,"James, E.L.",,"=""1984898337""","=""9781984898333""",0, Vintage,Kindle Edition,512,2019,2019,,2022/02/06,to-read,to-read (#215),to-read,,,,0,0
43896310,Before I Fall (Moore Friends #3),Celeste Granger,"Granger, Celeste",,"=""""","=""""",0,,Kindle Edition,53,2019,,,2022/02/06,to-read,to-read (#214),to-read,,,,0,0
43063065,Temptations (Moore to Love #3),Celeste Granger,"Granger, Celeste",,"=""""","=""""",0,,Kindle Edition,160,2018,,,2022/02/06,to-read,to-read (#213),to-read,,,,0,0
54125965,Allow Me,Celeste Granger,"Granger, Celeste",,"=""""","=""""",0,,Kindle Edition,154,2020,,,2022/02/06,to-read,to-read (#212),to-read,,,,0,0
60218380,Steady Love - Kamden & Jaelynn,Kay Shanee,"Shanee, Kay",,"=""""","=""""",0,,Kindle Edition,87,2022,,,2022/02/06,to-read,to-read (#211),to-read,,,,0,0
42085885,Until the Wheels Fall Off,Kay Shanee,"Shanee, Kay",,"=""""","=""""",0,,Kindle Edition,330,2018,,,2022/02/06,to-read,to-read (#210),to-read,,,,0,0
40602855,Love Hate and Everything in Between: A Collection of Short Stories,Kay Shanee,"Shanee, Kay",,"=""""","=""""",0,,Kindle Edition,143,2018,,,2022/02/06,to-read,to-read (#209),to-read,,,,0,0
58786438,Steady Love - Kolby & Myla,Kay Shanee,"Shanee, Kay",,"=""""","=""""",0,,Kindle Edition,72,2021,,,2022/02/06,to-read,to-read (#208),to-read,,,,0,0
52150052,Could This Be Love?,Kay Shanee,"Shanee, Kay",,"=""""","=""""",0,B. Love Publications,Kindle Edition,162,2019,,,2022/02/06,to-read,to-read (#207),to-read,,,,0,0
52703446,Loving Him Through the Storm,Kay Shanee,"Shanee, Kay",,"=""""","=""""",0,B. Love Publications,Kindle Edition,219,2020,,,2022/02/06,to-read,to-read (#206),to-read,,,,0,0
43596804,Love Unconventional,Kay Shanee,"Shanee, Kay",,"=""""","=""""",0,,Kindle Edition,171,2019,,,2022/02/06,to-read,to-read (#205),to-read,,,,0,0
54402760,Heal My Heart,Kay Shanee,"Shanee, Kay",,"=""""","=""""",0,B. Love Publications,Kindle Edition,220,2020,,,2022/02/06,to-read,to-read (#204),to-read,,,,0,0
48593117,Love's Sweet Serenade,Kay Shanee,"Shanee, Kay",,"=""""","=""""",0,B. Love Publications,Kindle Edition,171,2019,,,2022/02/06,to-read,to-read (#203),to-read,,,,0,0
57795149,A Love Like This,Kay Shanee,"Shanee, Kay",,"=""""","=""""",0,B. Love Publications,Kindle Edition,161,2021,,,2022/02/06,to-read,to-read (#202),to-read,,,,0,0
58491599,It Takes More Than Love,Kay Shanee,"Shanee, Kay",,"=""""","=""""",0,B. Love Publications,Kindle Edition,0,2021,,,2022/02/06,to-read,to-read (#201),to-read,,,,0,0
57012171,And Then We Fell In Love,Kay Shanee,"Shanee, Kay",,"=""""","=""""",0,B. Love Publications,Kindle Edition,203,2021,,,2022/02/06,to-read,to-read (#200),to-read,,,,0,0
50517534,The Love I Deserve,Kay Shanee,"Shanee, Kay",Tionne Smith,"=""""","=""""",0,B. Love Publications,Kindle Edition,245,2020,,,2022/02/06,to-read,to-read (#199),to-read,,,,0,0
59847429,Conflicted Heart,Kay Shanee,"Shanee, Kay",,"=""""","=""""",0,,Kindle Edition,353,2021,2021,,2022/02/06,to-read,to-read (#198),to-read,,,,0,0
58645215,Steady Love - Kyree & Braelynn,Kay Shanee,"Shanee, Kay",,"=""""","=""""",0,,Kindle Edition,53,2021,,,2022/02/06,to-read,to-read (#197),to-read,,,,0,0
55923579,Deep in his Love,B. Love,"Love, B.",,"=""""","=""""",0,,Kindle Edition,575,2020,,,2022/02/06,to-read,to-read (#196),to-read,,,,0,0
51722720,In So Deep: A Thug Love Story,B. Love,"Love, B.",,"=""""","=""""",0,,Kindle Edition,346,2020,,,2022/02/06,to-read,to-read (#195),to-read,,,,0,0
29957601,Power and Elle: A Memphis Love Story,B. Love,"Love, B.",,"=""""","=""""",0,B. Love Publications,Kindle Edition,143,2016,,,2022/02/06,to-read,to-read (#194),to-read,,,,0,0
60001306,A Heart's Connection: Loving a Black Mafia Executioner (Black Mayhem Mafia Saga Book 7),B. Love,"Love, B.",,"=""""","=""""",0,,Kindle Edition,163,2022,,,2022/02/06,to-read,to-read (#193),to-read,,,,0,0
55282648,Set Up for Love,B. Love,"Love, B.",,"=""""","=""""",0,,Kindle Edition,152,2020,,,2022/02/06,to-read,to-read (#192),to-read,,,,0,0
34602494,To Take,B. Love,"Love, B.",,"=""""","=""""",0,B. Love Publications,Kindle Edition,67,2017,,,2022/02/06,to-read,to-read (#191),to-read,,,,0,0
58385651,Hungry for Her (Boss Babe Novella),B. Love,"Love, B.",,"=""""","=""""",0,,Kindle Edition,0,2021,,,2022/02/06,to-read,to-read (#190),to-read,,,,0,0
57605811,"Love's Battleground (Amalia and Kawan, #1)",B. Love,"Love, B.",,"=""""","=""""",0,,Kindle Edition,162,2021,,,2022/02/06,to-read,to-read (#189),to-read,,,,0,0
59500957,"In His Possession 2: Marrying a Black Mafia Prince (Black Mayhem Mafia Saga, #6)",B. Love,"Love, B.",,"=""""","=""""",0,,Kindle Edition,139,2021,,,2022/02/06,to-read,to-read (#188),to-read,,,,0,0
34889488,Weak: An Irresistible Love,B. Love,"Love, B.",,"=""""","=""""",0,B. Love Publications,Kindle Edition,145,2017,,,2022/02/06,to-read,to-read (#187),to-read,,,,0,0
57735151,"Love's Garden (Amalia and Kawan, #2)",B. Love,"Love, B.",,"=""""","=""""",0,,Kindle Edition,146,2021,,,2022/02/06,to-read,to-read (#186),to-read,,,,0,0
53750418,Last Chance To Love,B. Love,"Love, B.",,"=""""","=""""",0,,Kindle Edition,66,2020,,,2022/02/06,to-read,to-read (#185),to-read,,,,0,0
36084450,Coffee with a side of You (Entertainment District #1),B. Love,"Love, B.",,"=""""","=""""",0,B. Love Publications,Kindle Edition,192,2017,,,2022/02/06,to-read,to-read (#184),to-read,,,,0,0
59272943,"A Father's Objection: Reclaiming A Black Mafia Enforcer (Black Mayhem Mafia Saga, #5)",B. Love,"Love, B.",,"=""""","=""""",0,,Kindle Edition,163,2021,,,2022/02/06,to-read,to-read (#183),to-read,,,,0,0
34761081,In Haven,B. Love,"Love, B.",,"=""""","=""""",0,B. Love Publications,Kindle Edition,240,2017,,,2022/02/06,to-read,to-read (#182),to-read,,,,0,0
48570628,Everything I Desire,B. Love,"Love, B.",,"=""""","=""""",0,,Kindle Edition,142,2019,,,2022/02/06,to-read,to-read (#181),to-read,,,,0,0
35704219,Just Say You Love Me,B. Love,"Love, B.",,"=""""","=""""",0,B. Love Publications,Kindle Edition,252,2017,,,2022/02/06,to-read,to-read (#180),to-read,,,,0,0
58904140,In The Lonely Hour,B. Love,"Love, B.",,"=""""","=""""",0,,Kindle Edition,113,2021,,,2022/02/06,to-read,to-read (#179),to-read,,,,0,0
58385652,Tampering with Temptation (Boss Babe Novella),B. Love,"Love, B.",,"=""""","=""""",0,,Kindle Edition,106,2021,2021,,2022/02/06,to-read,to-read (#178),to-read,,,,0,0
58536229,"A Heart's Rejection: Loving a Black Mafia Princess (Black Mayhem Mafia Saga, #3)",B. Love,"Love, B.",,"=""""","=""""",0,,Kindle Edition,220,2021,,,2022/02/06,to-read,to-read (#177),to-read,,,,0,0
54816465,Fans Only,B. Love,"Love, B.",,"=""""","=""""",0,,Kindle Edition,118,2020,,,2022/02/06,to-read,to-read (#176),to-read,,,,0,0
34070038,Give Me Something I Can Feel,B. Love,"Love, B.",,"=""""","=""""",0,B. Love Publications,Kindle Edition,251,2017,,,2022/02/06,to-read,to-read (#175),to-read,,,,0,0
58307162,"Her Deep Reverence: Pregnant by a Black Mafia Don (Black Mayhem Mafia Saga, #2)",B. Love,"Love, B.",,"=""""","=""""",0,,Kindle Edition,210,2021,,,2022/02/06,to-read,to-read (#174),to-read,,,,0,0
58083768,"In His Possession: Bought by a Black Mafia Prince (Black Mayhem Mafia Saga, #1)",B. Love,"Love, B.",,"=""""","=""""",0,,ebook,,2021,,,2022/02/06,to-read,to-read (#173),to-read,,,,0,0
37855658,In Due Time,B. Love,"Love, B.",,"=""""","=""""",0,B. Love Publications,Kindle Edition,162,2018,,,2022/02/06,to-read,to-read (#172),to-read,,,,0,0
44148563,"Love Her or Lose Her (Hot & Hammered, #2)",Tessa Bailey,"Bailey, Tessa",,"=""0062872869""","=""9780062872869""",0,Avon,ebook,336,2020,2020,,2022/02/06,to-read,to-read (#171),to-read,,,,0,0
54287804,Checking In: How Getting Real about Depression Saved My Life---and Can Save Yours,Michelle         Williams,"Williams, Michelle",,"=""1400223334""","=""9781400223336""",0,Thomas Nelson,Hardcover,240,2021,,,2022/02/06,to-read,to-read (#170),to-read,,,,0,0
53916130,This Close to Okay,Leesa Cross-Smith,"Cross-Smith, Leesa",,"=""""","=""""",0,Grand Central Publishing,Hardcover,311,2021,2021,,2022/02/06,to-read,to-read (#169),to-read,,,,0,0
48529169,Pastors Eat Pwussy Too,Quan Millz,"Millz, Quan",,"=""""","=""""",0,Quan Millz Presents,Kindle Edition,114,2019,,,2022/02/06,to-read,to-read (#168),to-read,,,,0,0
54860241,"This Poison Heart (This Poison Heart, #1)",Kalynn  Bayron,"Bayron, Kalynn",,"=""1547603909""","=""9781547603909""",0,Bloomsbury YA,Hardcover,384,2021,2021,,2022/02/06,to-read,to-read (#167),to-read,,,,0,0
40024121,"The Gilded Ones (Deathless, #1)",Namina Forna,"Forna, Namina",,"=""1984848704""","=""9781984848703""",0,Delacorte,Kindle Edition,432,2021,2020,,2022/02/06,to-read,to-read (#166),to-read,,,,0,0
242125,Gonna Lay Down My Burdens,Mary Monroe,"Monroe, Mary",,"=""0758200242""","=""9780758200242""",0,Kensington,Mass Market Paperback,384,2005,2002,,2022/02/06,to-read,to-read (#165),to-read,,,,0,0
242127,Red Light Wives,Mary Monroe,"Monroe, Mary",,"=""0758200021""","=""9780758200020""",0,Dafina,Paperback,352,2005,2004,,2022/02/06,to-read,to-read (#164),to-read,,,,0,0
9475835,"Mama Ruby (Mama Ruby, #1)",Mary Monroe,"Monroe, Mary",,"=""0758238614""","=""9780758238610""",0,Dafina,Hardcover,336,2011,2011,,2022/02/06,to-read,to-read (#163),to-read,,,,0,0
32255890,Caged Love: A Story of Love and Loyalty,B. Love,"Love, B.",,"=""""","=""""",5.0,Royalty Publishing House,Kindle Edition,,2016,,2022/02/06,2022/01/17,5-star-reads,5-star-reads (#8),read,,,,1,0
30340722,Rule and Camryn 2: A Memphis Love Story,B. Love,"Love, B.",,"=""""","=""""",5.0,B. Love Publications,Kindle Edition,150,2016,,2022/02/06,2021/11/18,,,read,,,,1,0
32938475,Caged Love 4: A Story of Love & Loyalty,B. Love,"Love, B.",,"=""""","=""""",0,Royalty Publishing House,Kindle Edition,368,2016,,,2022/01/17,to-read,to-read (#162),to-read,,,,0,0
32863431,Caged Love 3: A Story of Love & Loyalty,B. Love,"Love, B.",,"=""""","=""""",0,Royalty Publishing House,Kindle Edition,322,2016,,,2022/01/17,to-read,to-read (#161),to-read,,,,0,0
32607022,Caged Love 2: A Story of Love & Loyalty,B. Love,"Love, B.",,"=""""","=""""",0,Royalty Publishing House,Kindle Edition,298,2016,,,2022/01/17,to-read,to-read (#160),to-read,,,,0,0
18051959,The Fix,K'wan,"K'wan, K'wan",,"=""1601625855""","=""9781601625854""",0,Kensington,Paperback,279,2014,2014,,2021/07/20,to-read,to-read (#159),to-read,,,,0,0
30238522,Rule and Camryn: A Memphis Love Story,B. Love,"Love, B.",,"=""""","=""""",4.0,B. Love Publications,Kindle Edition,172,2016,,2021/12/01,2021/11/18,,,read,,,,1,0
34623128,The Autobiography of Gucci Mane,Gucci Mane,"Mane, Gucci",Neil Martinez-Belkin,"=""1501165321""","=""9781501165320""",0,Simon Schuster,Hardcover,304,2017,2017,,2021/11/18,to-read,to-read (#158),to-read,,,,0,0
56906939,Fast Pitch,Nic Stone,"Stone, Nic",,"=""1984893017""","=""9781984893017""",0,Crown Books for Young Readers,Hardcover,192,2021,2021,,2021/11/18,to-read,to-read (#157),to-read,,,,0,0
30821173,Rule and Camryn 3: The Wedding,B. Love,"Love, B.",,"=""""","=""""",0,B. Love Publications,Kindle Edition,45,2016,,,2021/11/18,to-read,to-read (#156),to-read,,,,0,0
33644271,Rule and Camryn : The Return of the Connect,B. Love,"Love, B.",,"=""""","=""""",0,B. Love Publications,Kindle Edition,146,2017,,,2021/11/18,to-read,to-read (#155),to-read,,,,0,0
53805682,Young Love in Memphis 2: Heart on Reserve,B. Love,"Love, B.",,"=""1648400159""","=""9781648400155""",5.0,Royalty Publishing House,Kindle Edition,190,2016,,2021/08/27,2021/08/06,,,read,,,,1,0
30969408,Young Love in Memphis: Heart on Reserve,B. Love,"Love, B.",,"=""""","=""""",5.0,Royalty Publishing House,Kindle Edition,150,2016,,2021/08/11,2021/08/06,,,read,,,,1,0
53137893,The Wife Upstairs,Rachel Hawkins,"Hawkins, Rachel",,"=""1250245494""","=""9781250245496""",0,St. Martin's Press,Hardcover,290,2021,2021,,2021/08/07,to-read,to-read (#154),to-read,,,,0,0
43785684,The Lake,Natasha Preston,"Preston, Natasha",,"=""0593124995""","=""9780593124994""",0,Delacorte Press,Kindle Edition,378,2021,2021,,2021/08/07,to-read,to-read (#153),to-read,,,,0,0
38118138,The Black God's Drums,P. Djèlí Clark,"Clark, P. Djèlí",,"=""1250294703""","=""9781250294708""",0,Tordotcom,Kindle Edition,114,2018,2018,,2021/08/07,to-read,to-read (#152),to-read,,,,0,0
54814845,Get Good with Money: Ten Simple Steps to Becoming Financially Whole,Tiffany Aliche,"Aliche, Tiffany",,"=""0593232747""","=""9780593232743""",0,Rodale Books,Hardcover,368,2021,,,2021/08/07,to-read,to-read (#151),to-read,,,,0,0
58650630,She Ain't Never Met Another N*gga Like Me 4,Jahquel J.,"J., Jahquel",,"=""""","=""""",0,Urban Chapters Publications,Kindle Edition,163,2021,,,2021/08/07,to-read,to-read (#150),to-read,,,,0,0
55665568,She Ain't Never Met Another One Like Me,Jahquel J.,"J., Jahquel",,"=""""","=""""",0,Urban Chapters Publications,Kindle Edition,205,2020,,,2021/08/06,to-read,to-read (#149),to-read,,,,0,0
55348288,"Forever, I'm Ready",Jahquel J.,"J., Jahquel",,"=""""","=""""",0,,Kindle Edition,110,2020,,,2021/08/06,to-read,to-read (#148),to-read,,,,0,0
54156197,Love Awakened: A Sweet Sexy Savage Novel (Love Captured Book 2),Takisha Trenean,"Trenean, Takisha",,"=""""","=""""",0,,Kindle Edition,245,2020,,,2021/07/21,to-read,to-read (#147),to-read,,,,0,0
48919160,Greed: The Twisted Games We Play,B. Commodity,"Commodity, B.",,"=""""","=""""",0,Major Key Publishing,Kindle Edition,224,2019,,,2021/07/21,to-read,to-read (#146),to-read,,,,0,0
50351981,Delightfully Ours,Theresa Hodge,"Hodge, Theresa",,"=""""","=""""",0,Theresa Hodge,Kindle Edition,140,2020,,,2021/07/21,to-read,to-read (#145),to-read,,,,0,0
52299567,Show Me Savage Love,Lex. C.,"C., Lex.",,"=""""","=""""",0,B Love Publications,Kindle Edition,180,2020,,,2021/07/21,to-read,to-read (#144),to-read,,,,0,0
58165691,Searching For Him 2,Bre Shadae,"Shadae, Bre",,"=""""","=""""",0,,Kindle Edition,176,2021,,,2021/07/21,to-read,to-read (#142),to-read,,,,0,0
55929587,Crowned By His Love 2,Bre Shadae,"Shadae, Bre",,"=""""","=""""",0,,Kindle Edition,129,2020,,,2021/07/21,to-read,to-read (#141),to-read,,,,0,0
53513569,Leap of Love,Cherish Amore,"Amore, Cherish",,"=""""","=""""",0,B. Love Publications,Kindle Edition,242,2020,,,2021/07/21,to-read,to-read (#140),to-read,,,,0,0
55281815,Crowned By His Love,Bre Shadae,"Shadae, Bre",,"=""""","=""""",0,Rose Garden Publishing,Kindle Edition,85,2020,,,2021/07/21,to-read,to-read (#139),to-read,,,,0,0
49555237,Unleashed by Fate (Because of Her Book 4),Lex. C.,"C., Lex.",,"=""""","=""""",0,B. Love Publications,Kindle Edition,201,2019,,,2021/07/21,to-read,to-read (#138),to-read,,,,0,0
54637865,Taken by a Bedrock Bully,Bre Shadae,"Shadae, Bre",,"=""""","=""""",0,,Kindle Edition,132,2020,,,2021/07/21,to-read,to-read (#137),to-read,,,,0,0
55354661,Chosen By Love,Theresa Hodge,"Hodge, Theresa",,"=""""","=""""",0,Theresa Hodge,Kindle Edition,83,2020,,,2021/07/21,to-read,to-read (#136),to-read,,,,0,0
57028317,The Whisperer (Russian Nights Book 1),Renee Williams,"Williams, Renee",,"=""""","=""""",0,,Kindle Edition,274,2021,2021,,2021/07/21,to-read,to-read (#135),to-read,,,,0,0
53497144,To All The Thugs I Loved That Didn't Love Me Back 4,Jahquel J.,"J., Jahquel",,"=""""","=""""",0,,Kindle Edition,173,2020,,,2021/07/21,to-read,to-read (#134),to-read,,,,0,0
48762764,All The Dope Boys 'Gon Feel Her II,Jahquel J.,"J., Jahquel",,"=""""","=""""",0,,Kindle Edition,208,2019,,,2021/07/21,to-read,to-read (#133),to-read,,,,0,0
53622834,Casualty 2: (Finale),K. Charelle,"Charelle, K.",,"=""""","=""""",0,,Kindle Edition,,2020,,,2021/07/21,to-read,to-read (#132),to-read,,,,0,0
52271392,To All The Thugs I've Loved That Didn't Love Me Back 3 (To All The Thugs I Loved That Didn't Love Me Back),Jahquel J.,"J., Jahquel",,"=""""","=""""",0,,Kindle Edition,172,2020,,,2021/07/21,to-read,to-read (#131),to-read,,,,0,0
798616,Still Hood (Hood Rat #2),K'wan,"K'wan, K'wan",,"=""031236010X""","=""9780312360108""",0,Macmillan,Paperback,352,2007,2007,,2021/07/20,to-read,to-read (#130),to-read,,,,0,0
514855,Gangsta,K'wan,"K'wan, K'wan",,"=""0970247214""","=""9780970247216""",0,Triple Crown Publications,Paperback,198,2003,2002,,2021/07/20,to-read,to-read (#129),to-read,,,,0,0
7843633,Welfare Wifeys (Hood Rat #4),K'wan,"K'wan, K'wan",,"=""0312536976""","=""9780312536978""",0,St. Martin's Press ,Paperback,352,2010,2010,,2021/07/20,to-read,to-read (#128),to-read,,,,0,0
54726,Hood Rat (Hood Rat #1),K'wan,"K'wan, K'wan",,"=""0312360088""","=""9780312360085""",0,Macmillan,Paperback,368,2006,2006,,2021/07/20,to-read,to-read (#127),to-read,,,,0,0
25489269,The Fix 3,K'wan,"K'wan, K'wan",,"=""1622869591""","=""9781622869596""",0,Urban Books,Paperback,400,2016,2016,,2021/07/20,to-read,to-read (#126),to-read,,,,0,0
22245138,The Fix 2,K'wan,"K'wan, K'wan",,"=""1601626436""","=""9781601626431""",0,Urban Books,Paperback,288,2014,2014,,2021/07/20,to-read,to-read (#125),to-read,,,,0,0
37829267,"Dear Justyce (Dear Martin, #2)",Nic Stone,"Stone, Nic",,"=""1984829661""","=""9781984829665""",5.0,Crown,Hardcover,260,2020,2020,2021/07/20,2021/04/13,,,read,,,,1,0
57002562,She Ain't Never Met Another One Like Me 2,Jahquel J.,"J., Jahquel",,"=""""","=""""",0,Urban Chapters Publications,Kindle Edition,166,2021,,,2021/07/18,to-read,to-read (#124),to-read,,,,0,0
58360875,She Ain't Never Met Another One Like Me 3,Jahquel J.,"J., Jahquel",,"=""""","=""""",0,Urban Chapters Publications,Kindle Edition,200,2021,,,2021/07/18,to-read,to-read (#123),to-read,,,,0,0
57988138,King & Queen of the Hood,Shvonne Latrice,"Latrice, Shvonne",,"=""""","=""""",0,,Kindle Edition,331,2021,,,2021/07/18,to-read,to-read (#122),to-read,,,,0,0
32024902,"Darker (Fifty Shades as Told by Christian, #2)",E.L. James,"James, E.L.",,"=""0385543913""","=""9780385543910""",0,Vintage Books,Paperback,546,2017,2017,,2021/04/13,to-read,to-read (#121),to-read,,,,0,0
55465343,The Boy in the Black Suit,Jason Reynolds,"Reynolds, Jason",,"=""1664438769""","=""9781664438767""",0,"Recorded Books, Inc. and Blackstone Publishing",Audio CD,1,2015,2015,,2021/05/25,to-read,to-read (#120),to-read,,,,0,0
54860490,Hurricane Summer,Asha Ashanti Bromfield,"Bromfield, Asha Ashanti",,"=""1250622239""","=""9781250622235""",0,Wednesday Books,Hardcover,400,2021,2021,,2021/05/25,to-read,to-read (#119),to-read,,,,0,0
5337019,Snapped,Tracy Brown,"Brown, Tracy",,"=""0312555210""","=""9780312555214""",0,St. Martin's Griffin,Paperback,368,2010,2009,,2021/05/25,to-read,to-read (#118),to-read,,,,0,0
50214741,The Girl with the Louding Voice,Abi Daré,"Daré, Abi",Ronke Adékoluejo,"=""1524746029""","=""9781524746025""",0,Dutton Books,Hardcover,371,2020,2020,,2021/05/24,to-read,to-read (#117),to-read,,,,0,0
53401676,Excuse Me While I Ugly Cry,Joya Goffney,"Goffney, Joya",,"=""0063024810""","=""9780063024816""",0,HarperTeen,ebook,368,2021,2021,,2021/05/07,to-read,to-read (#116),to-read,,,,0,0
368468,"Bud, Not Buddy",Christopher Paul Curtis,"Curtis, Christopher Paul",,"=""0385323069""","=""9780385323062""",0,Delacorte Press,Hardcover,243,1999,1999,,2021/05/02,to-read,to-read (#115),to-read,,,,0,0
254389,Battlefield of the Mind: Winning the Battle in Your Mind,Joyce Meyer,"Meyer, Joyce",,"=""""","=""""",0,,Paperback,328,2002,1995,,2021/01/19,to-read,to-read (#114),to-read,,,,0,0
37954224,Healing the Soul of a Woman: How to Overcome Your Emotional Wounds,Joyce Meyer,"Meyer, Joyce",,"=""1455560243""","=""9781455560240""",0,FaithWords,Hardcover,272,2018,,,2021/01/19,to-read,to-read (#113),to-read,,,,0,0
54114247,The Black Kids,Christina Hammonds Reed,"Reed, Christina Hammonds",,"=""1534462740""","=""9781534462748""",0,Simon & Schuster Books for Young Readers,Kindle Edition,367,2020,2020,,2021/05/01,to-read,to-read (#112),to-read,,,,0,0
13536860,"Fifty Shades Freed (Fifty Shades, #3)",E.L. James,"James, E.L.",,"=""0345803507""","=""9780345803504""",4.0,Vintage Books,Paperback,579,2013,2012,,2021/04/13,,,read,,,,1,0
11857408,"Fifty Shades Darker (Fifty Shades, #2)",E.L. James,"James, E.L.",,"=""1612130585""","=""9781612130583""",4.0,The Writer's Coffee Shop Publishing House,Paperback,532,2011,2011,,2021/04/13,,,read,,,,1,0
10818853,"Fifty Shades of Grey (Fifty Shades, #1)",E.L. James,"James, E.L.",,"=""1612130291""","=""9781612130293""",5.0,Vintage,Paperback,356,2011,2011,2021/04/30,2021/04/13,,,read,,,,1,0
12399371,Dear John (screenplay),Jamie Linden,"Linden, Jamie",,"=""1102067660""","=""9781102067665""",5.0,Sony Connect,ebook,,2010,2010,,2021/04/13,,,read,,,,1,0
13335037,"Divergent (Divergent, #1)",Veronica Roth,"Roth, Veronica",,"=""0062024035""","=""9780062024039""",5.0,Katherine Tegen Books,Paperback,487,2012,2011,,2021/04/13,,,read,,,,1,0
2767052,"The Hunger Games (The Hunger Games, #1)",Suzanne Collins,"Collins, Suzanne",,"=""0439023483""","=""9780439023481""",4.0,Scholastic Press,Hardcover,374,2008,2008,,2021/04/13,,,read,,,,1,0
33648131,"The Notebook (The Notebook, #1)",Nicholas Sparks,"Sparks, Nicholas",,"=""""","=""""",4.0,Grand Central Publishing,Kindle Edition,227,2016,1996,,2021/04/13,,,read,,,,1,0
11870085,The Fault in Our Stars,John  Green,"Green, John",,"=""""","=""""",5.0,Dutton Books,Hardcover,313,2012,2012,,2021/04/13,,,read,,,,1,0
27256590,"Girls Like Me (Bluford High, #21)",Tanya Savory,"Savory, Tanya",,"=""1591944708""","=""9781591944706""",5.0,Townsend Press,Paperback,130,2015,2015,2021/04/13,2021/01/07,,,read,,,,1,0
73866,The Privilege of Youth: A Teenager's Story (Dave Pelzer #2.5),Dave Pelzer,"Pelzer, Dave",,"=""0452286298""","=""9780452286290""",0,Plume,Paperback,229,2004,2004,,2021/04/13,to-read,to-read (#111),to-read,,,,0,0
73864,A Man Named Dave (Dave Pelzer #3),Dave Pelzer,"Pelzer, Dave",,"=""0452281903""","=""9780452281905""",0,Plume,Paperback,339,2000,1999,,2021/04/13,to-read,to-read (#110),to-read,,,,0,0
10422730,To Catch a Dream (Urban Underground),Anne E. Schraff,"Schraff, Anne E.",,"=""1616512695""","=""9781616512699""",0,Saddleback Educational Publishing,Paperback,183,2010,2010,,2021/04/13,to-read,to-read (#109),to-read,,,,0,0
9499138,To Be a Man (Urban Underground),Anne E. Schraff,"Schraff, Anne E.",,"=""1616510080""","=""9781616510084""",0,Saddleback Educational Publishing,Paperback,183,2010,2010,,2021/04/13,to-read,to-read (#108),to-read,,,,0,0
8371078,"The Fairest (Urban Underground, #8)",Anne E. Schraff,"Schraff, Anne E.",,"=""1616510072""","=""9781616510077""",0,Saddleback Educational Publishing,Paperback,179,2010,2010,,2021/04/13,to-read,to-read (#107),to-read,,,,0,0
10457912,Dark Secrets (Urban Underground),Anne E. Schraff,"Schraff, Anne E.",,"=""1616512679""","=""9781616512675""",0,Saddleback Educational Publishing,Paperback,183,2010,2010,,2021/04/13,to-read,to-read (#106),to-read,,,,0,0
9007705,Like a Broken Doll-Urban Underground,Anne E. Schraff,"Schraff, Anne E.",,"=""1616510056""","=""9781616510053""",0,Saddleback Educational Publishing,Paperback,184,2010,2010,,2021/04/13,to-read,to-read (#105),to-read,,,,0,0
10223513,Night of Disaster (Passages to Adventure I Hi: Lo Novels),Anne E. Schraff,"Schraff, Anne E.",,"=""0756905516""","=""9780756905514""",0,Perfection Learning,Hardcover,116,2001,,,2021/04/13,to-read,to-read (#104),to-read,,,,0,0
8197189,A Boy Called Twister (Urban Underground 3),Anne E. Schraff,"Schraff, Anne E.",,"=""""","=""""",0,,Kindle Edition,85,,,,2021/04/13,to-read,to-read (#103),to-read,,,,0,0
3104919,Please Don't Ask Me to Love You,Anne E. Schraff,"Schraff, Anne E.",,"=""0812469720""","=""9780812469721""",0,Perfection Learning,Hardcover,115,1989,1987,,2021/04/13,to-read,to-read (#102),to-read,,,,0,0
2634956,To Be Somebody (Passages Hi: Lo Novels: Contemporary),Anne E. Schraff,"Schraff, Anne E.",,"=""0780797396""","=""9780780797390""",0,Perfection Learning,Hardcover,120,2005,2001,,2021/04/13,to-read,to-read (#101),to-read,,,,0,0
7924641,If You Really Loved Me (Urban Underground),Anne E. Schraff,"Schraff, Anne E.",,"=""161651003X""","=""9781616510039""",0,Saddleback Pub,Paperback,181,2010,2010,,2021/04/13,to-read,to-read (#100),to-read,,,,0,0
65811,"Until We Meet Again (Bluford High, #7)",Anne E. Schraff,"Schraff, Anne E.",Paul Langan,"=""0944210074""","=""9780944210079""",5.0,Townsend Press,Paperback,144,2002,2002,,2021/04/13,,,read,,,,1,0
357601,"Secrets in the Shadows (Bluford High, #3)",Anne E. Schraff,"Schraff, Anne E.",Paul Langan,"=""0944210058""","=""9780944210055""",0,Townsend Press,Paperback,126,2001,2002,,2021/04/13,to-read,to-read (#99),to-read,,,,0,0
357605,"Someone to Love Me (Bluford High, #4)",Anne E. Schraff,"Schraff, Anne E.",Paul Langan,"=""0944210066""","=""9780944210062""",0,Townsend Press,Paperback,162,2002,2002,,2021/04/13,to-read,to-read (#98),to-read,,,,0,0
357602,"A Matter of Trust (Bluford High, #2)",Anne E. Schraff,"Schraff, Anne E.",Paul Langan,"=""0944210031""","=""9780944210031""",5.0,Townsend Press,Paperback,125,2002,2002,,2021/04/13,,,read,,,,1,0
357597,"Lost and Found (Bluford High, #1)",Anne E. Schraff,"Schraff, Anne E.",Paul Langan,"=""0944210023""","=""9780944210024""",0,Townsend Press,Paperback,133,2002,2002,,2021/04/13,to-read,to-read (#97),to-read,,,,0,0
49397758,Grown,Tiffany D. Jackson,"Jackson, Tiffany D.",,"=""0062840355""","=""9780062840356""",0,Quill Tree Books,Hardcover,384,2020,2020,,2021/04/13,to-read,to-read (#96),to-read,,,,0,0
35887567,On the Come Up,Angie Thomas,"Thomas, Angie",,"=""""","=""""",0,Balzer + Bray,Hardcover,464,2019,2019,,2021/04/13,to-read,to-read (#95),to-read,,,,0,0
33294200,The Poet X,Elizabeth Acevedo,"Acevedo, Elizabeth",,"=""""","=""""",0,HarperTeen ,Kindle Edition,368,2018,2018,,2021/04/13,to-read,to-read (#94),to-read,,,,0,0
49151299,Punching the Air,Ibi Zoboi,"Zoboi, Ibi",Yusef Salaam,"=""0062996487""","=""9780062996480""",0,Versify,Hardcover,400,2020,2020,,2021/04/13,to-read,to-read (#93),to-read,,,,0,0
13361,The Secret Power of Speaking God's Word,Joyce Meyer,"Meyer, Joyce",,"=""0446577367""","=""9780446577366""",0,Warner,Hardcover,288,2004,2007,,2021/04/13,to-read,to-read (#92),to-read,,,,0,0
22377754,Finding & Fulfilling Your Destiny by Joyce Meyer,Joyce Meyer,"Meyer, Joyce",,"=""""","=""""",0,Joyce Meyer Ministries,Audio CD,,,,,2021/04/13,to-read,to-read (#91),to-read,,,,0,0
52535497,"Relationship Goals: How to Win at Dating, Marriage, and Sex",Michael  Todd,"Todd, Michael",,"=""0593192575""","=""9780593192573""",0,Waterbrook Press,Hardcover,208,2020,2020,,2021/04/13,to-read,to-read (#90),to-read,,,,0,0
17828418,"Fixed on You (Fixed, #1)",Laurelin Paige,"Paige, Laurelin",,"=""162704017X""","=""9781627040174""",0,Mandevilla Press,ebook,231,2013,2013,,2021/04/13,to-read,to-read (#89),to-read,,,,0,0
33396807,"Watching and Wanting (Housemates, #4)",Jay Northcote,"Northcote, Jay",,"=""""","=""""",0,Jaybird Press,ebook,129,2017,2017,,2021/04/13,to-read,to-read (#88),to-read,,,,0,0
18108281,"The King (Black Dagger Brotherhood, #12)",J.R. Ward,"Ward, J.R.",,"=""""","=""""",0,Signet,Kindle Edition,591,2014,2014,,2021/04/13,to-read,to-read (#87),to-read,,,,0,0
42899,"Dark Lover (Black Dagger Brotherhood, #1)",J.R. Ward,"Ward, J.R.",,"=""0451216954""","=""9780451216953""",0,Penguin Group (USA),Mass Market Paperback,393,2005,2005,,2021/04/13,to-read,to-read (#86),to-read,,,,0,0
13612739,"Seduced in the Dark (The Dark Duet, #2)",C.J. Roberts,"Roberts, C.J.",,"=""""","=""""",0,Neurotica Books,Kindle Edition,505,2012,2012,,2021/04/13,to-read,to-read (#85),to-read,,,,0,0
4801582,"Faith & Fidelity (Faith, Love, & Devotion, #1)",Tere Michaels,"Michaels, Tere",,"=""1596327723""","=""9781596327726""",0,Loose-id,Kindle Edition,228,2008,2008,,2021/04/13,to-read,to-read (#84),to-read,,,,0,0
16117506,"Beautiful Stranger (Beautiful Bastard, #2)",Christina Lauren,"Lauren, Christina",,"=""1476731535""","=""9781476731537""",0,Gallery Books,Paperback,345,2013,2013,,2021/04/13,to-read,to-read (#83),to-read,,,,0,0
17983690,"Lick (Stage Dive, #1)",Kylie Scott,"Scott, Kylie",,"=""""","=""""",0,Momentum,ebook,286,2013,2013,,2021/04/13,to-read,to-read (#82),to-read,,,,0,0
41806574,"Curious (The Finn Factor, #1)",R.G. Alexander,"Alexander, R.G.",,"=""0996161406""","=""9780996161404""",0,R.G. Alexander,Kindle Edition,251,2018,2015,,2021/04/13,to-read,to-read (#81),to-read,,,,0,0
27269638,"Pucked Over (Pucked, #3)",Helena Hunting,"Hunting, Helena",,"=""""","=""""",0,,Paperback,350,2016,2016,,2021/04/13,to-read,to-read (#80),to-read,,,,0,0
16102004,"Beautiful Bastard (Beautiful Bastard, #1)",Christina Lauren,"Lauren, Christina",,"=""1476730105""","=""9781476730103""",0,Gallery Books,ebook,271,2013,2013,,2021/04/13,to-read,to-read (#79),to-read,,,,0,0
18002681,"Trust (Temptation, #3)",Ella Frank,"Frank, Ella",,"=""""","=""""",0,Ella Frank,Kindle Edition,401,2015,2015,,2021/04/13,to-read,to-read (#78),to-read,,,,0,0
150122,Ménage,Emma Holly,"Holly, Emma",,"=""0352341181""","=""9780352341181""",0,Black Lace,Mass Market Paperback,288,2010,1998,,2021/04/13,to-read,to-read (#77),to-read,,,,0,0
7093585,Fire and Ice,Laura Hamilton,"Hamilton, Laura",,"=""0352345349""","=""9780352345349""",0,Black Lace,Paperback,272,2010,2000,,2021/04/13,to-read,to-read (#75),to-read,,,,0,0
6679106,Up to No Good,Karen S. Smith,"Smith, Karen S.",,"=""0352345284""","=""9780352345288""",0,Black Lace,Paperback,256,2010,2001,,2021/04/13,to-read,to-read (#76),to-read,,,,0,0
8356053,Dirty Divorce part 2 (The Dirty Divorce Series),Miss K.P.,"K.P., Miss",,"=""1934230774""","=""9781934230770""",0,Power Play Media,Paperback,240,2010,2010,,2021/04/13,to-read,to-read (#74),to-read,,,,0,0
2191637,True to the Game III (True to the Game #3),Teri Woods,"Woods, Teri",,"=""0446581682""","=""9780446581684""",0,Grand Central Publishing,Paperback,240,2008,2008,,2021/04/13,to-read,to-read (#73),to-read,,,,0,0
7779469,"My Man, Her Son",J. Tremble,"Tremble, J.",,"=""1934230685""","=""9781934230688""",0,Life Changing Books,Paperback,256,2010,2010,,2021/04/13,to-read,to-read (#72),to-read,,,,0,0
1755494,Diamond Playgirls,Daaimah S. Poole,"Poole, Daaimah S.","Miasha, Deja King, T. Styles, King Deja","=""0758223560""","=""9780758223562""",0,Dafina,Paperback,298,2008,2008,,2021/04/13,to-read,to-read (#71),to-read,,,,0,0
339392,The Sisters of APF: The Indoctrination of Soror Ride Dick,Zane,"Zane, Zane",,"=""0743476255""","=""9780743476256""",0,Atria Books,Paperback,288,2004,2003,,2021/04/13,to-read,to-read (#70),to-read,,,,0,0
10433947,Dirty Divorce part 3 (The Dirty Divorce Series),Miss K.P.,"K.P., Miss",,"=""1934230308""","=""9781934230305""",0,Life Changing Books,Paperback,240,2011,2011,,2021/04/13,to-read,to-read (#69),to-read,,,,0,0
89891,The Heat Seekers,Zane,"Zane, Zane",,"=""0743442903""","=""9780743442909""",0,Atria,Paperback,319,2003,2002,,2021/04/13,to-read,to-read (#67),to-read,,,,0,0
2491606,Amongst Thieves,Quentin Carter,"Carter, Quentin",,"=""0979951720""","=""9780979951725""",0,Triple Crown Publications,Paperback,324,2007,2007,,2021/04/13,to-read,to-read (#68),to-read,,,,0,0
3092785,Black & Ugly as Ever,T. Styles,"Styles, T.",,"=""0979493161""","=""9780979493164""",0,Cartel Publications,Paperback,204,2008,2008,,2021/04/13,to-read,to-read (#66),to-read,,,,0,0
339452,"Dutch (Dutch Trilogy, #1)",Teri Woods,"Woods, Teri",,"=""0967224942""","=""9780967224947""",0,Teri Woods Pub Llc,Paperback,229,2004,,,2021/04/13,to-read,to-read (#65),to-read,,,,0,0
87526,"Confessions of a Video Vixen: An Eye-Opening Memoir of Survival, Abuse, and Redemption in the Music Industry",Karrine Steffans,"Steffans, Karrine",,"=""006089248X""","=""9780060892487""",0,Amistad,Paperback,224,2006,1975,,2021/04/13,to-read,to-read (#63),to-read,,,,0,0
6643919,"Dirtier Than Ever (Dirty Red, #3)",Vickie M. Stringer,"Stringer, Vickie M.",,"=""1439166110""","=""9781439166116""",0,Atria Books,Hardcover,287,2010,2010,,2021/04/13,to-read,to-read (#64),to-read,,,,0,0
214261,"Bitch (Bitch, #1)",Deja King,"King, Deja",,"=""097623498X""","=""9780976234982""",0,Vickie Stringer Pubns,Paperback,192,2006,2006,,2021/04/13,to-read,to-read (#62),to-read,,,,0,0
2155025,Desperate Hoodwives,Meesha Mink,"Mink, Meesha",,"=""141653752X""","=""9781416537526""",0,Touchstone,Paperback,336,2008,2008,,2021/04/13,to-read,to-read (#61),to-read,,,,0,0
674495,True to the Game II (True to the Game #2),Teri Woods,"Woods, Teri",,"=""0446581666""","=""9780446581660""",0,Grand Central Publishing,Paperback,240,2007,2007,,2021/04/13,to-read,to-read (#60),to-read,,,,0,0
12464690,"G-Spot 2, Betrayal: The 2nd Deadly Sin",Noire,"Noire, Noire",,"=""""","=""""",0,Urban Erotic Noire Publications,Nook,0,2011,2011,,2021/04/13,to-read,to-read (#59),to-read,,,,0,0
6878309,Unzipped: An Urban Erotic Tale,Noire,"Noire, Noire",,"=""0345508793""","=""9780345508799""",0,Random House Publishing Group,Paperback,288,2010,2010,,2021/04/13,to-read,to-read (#58),to-read,,,,0,0
1372498,Pleasure (Nia #1),Eric Jerome Dickey,"Dickey, Eric Jerome",,"=""0525950451""","=""9780525950455""",0,Dutton Adult,Hardcover,464,2008,2008,,2021/04/13,to-read,to-read (#57),to-read,,,,0,0
2671245,Harlem On Lock,Karen P.   Williams,"Williams, Karen P.",,"=""193396734X""","=""9781933967349""",0,Q-Boro,Paperback,259,2008,2007,,2021/04/13,to-read,to-read (#56),to-read,,,,0,0
911566,"Diary of a Street Diva (Dirty Money, #2)",Ashley  Antoinette,"Antoinette, Ashley",JaQuavis Coleman,"=""1893196453""","=""9781893196452""",0,Urban Books,Paperback,272,2006,2005,,2021/04/13,to-read,to-read (#55),to-read,,,,0,0
4673625,Finding Forever,Keisha Ervin,"Ervin, Keisha",,"=""0981648347""","=""9780981648347""",0,Prioritybooks Publications,Paperback,144,2008,2008,,2021/04/13,to-read,to-read (#54),to-read,,,,0,0
339393,Skyscraper,Zane,"Zane, Zane",,"=""0743457048""","=""9780743457040""",0,Atria Books,Paperback,304,2004,2003,,2021/04/13,to-read,to-read (#53),to-read,,,,0,0
2212627,Bad Girlz 4 Life,Shannon Holmes,"Holmes, Shannon",,"=""0312359020""","=""9780312359027""",0,St. Martin's Griffin,Paperback,326,2008,2008,,2021/04/13,to-read,to-read (#52),to-read,,,,0,0
22688,The Other Woman,Eric Jerome Dickey,"Dickey, Eric Jerome",,"=""0451211936""","=""9780451211934""",0,Penguin Publishing Group,Paperback,336,2004,2003,,2021/04/13,to-read,to-read (#50),to-read,,,,0,0
2245622,Payback with Ya Life (Payback #2),Wahida Clark,"Clark, Wahida",,"=""044617808X""","=""9780446178082""",0,Grand Central Publishing,Paperback,336,2008,2008,,2021/04/13,to-read,to-read (#51),to-read,,,,0,0
125949,Black & Ugly,T. Styles,"Styles, T.",,"=""0977880419""","=""9780977880416""",0,The Cartel Publications,Paperback,241,2001,2007,,2021/04/13,to-read,to-read (#49),to-read,,,,0,0
238431,A Hustler's Son,T. Styles,"Styles, T.",,"=""0976789493""","=""9780976789499""",0,The Cartel Publications,Paperback,210,2006,2006,,2021/04/13,to-read,to-read (#47),to-read,,,,0,0
1784966,"Dirty Red (Dirty Red, #1)",Vickie M. Stringer,"Stringer, Vickie M.",,"=""074349363X""","=""9780743493635""",0,Atria,Paperback,256,2007,2006,,2021/04/13,to-read,to-read (#48),to-read,,,,0,0
2662600,Shyt List,Reign,"Reign, Reign",,"=""0979493110""","=""9780979493119""",0,The Cartel Publications,Paperback,212,2007,2007,,2021/04/13,to-read,to-read (#46),to-read,,,,0,0
169330,The Sex Chronicles: Shattering the Myth,Zane,"Zane, Zane",,"=""074346270X""","=""9780743462709""",0,Atria Books,Paperback,320,2002,2000,,2021/04/13,to-read,to-read (#45),to-read,,,,0,0
33868,In Cahootz (Triple Crown Publications Presents),Quentin Carter,"Carter, Quentin","Mia McPherson, Cynthia Parker, Vickie M. Stringer","=""0977880435""","=""9780977880430""",0,Triple Crown Publications,Paperback,248,2006,2002,,2021/04/13,to-read,to-read (#44),to-read,,,,0,0
194146,Dime Piece,Tracy Brown,"Brown, Tracy","Kevin J. Calloway, Kathleen Jackson, Vickie M. Stringer","=""0974789577""","=""9780974789576""",0,Triple Crown,Paperback,202,2007,2004,,2021/04/13,to-read,to-read (#42),to-read,,,,0,0
3814744,Shyt List 2: Loose Cannon,Reign,"Reign, Reign",,"=""0979493188""","=""9780979493188""",0,The Cartel Publications,Paperback,203,2009,2009,,2021/04/13,to-read,to-read (#43),to-read,,,,0,0
181831,Me & My Boyfriend,Keisha Ervin,"Ervin, Keisha",,"=""0974789526""","=""9780974789521""",0,Triple Crown Publications,Kindle Edition,205,2000,2000,,2021/04/13,to-read,to-read (#41),to-read,,,,0,0
6357699,Gunz and Roses,Keisha Ervin,"Ervin, Keisha",,"=""1601621566""","=""9781601621566""",0,Urban Books,Paperback,305,2009,2009,,2021/04/13,to-read,to-read (#40),to-read,,,,0,0
6716307,"The Cartel 3: The Last Chapter (The Cartel, #3)",Ashley  Antoinette,"Antoinette, Ashley",JaQuavis Coleman,"=""1601622570""","=""9781601622570""",0,Urban Books,Paperback,336,2010,2010,,2021/04/13,to-read,to-read (#38),to-read,,,,0,0
12022247,G-Spot 2: Pride: the 1st Deadly Sin,Noire,"Noire, Noire",,"=""""","=""""",0,,Kindle Edition,154,2011,2011,,2021/04/13,to-read,to-read (#39),to-read,,,,0,0
339623,MARRIED TO THE GAME,Chunichi Knott,"Knott, Chunichi",,"=""0974702595""","=""9780974702599""",0,Urban Books,Paperback,250,2005,2005,,2021/04/13,to-read,to-read (#37),to-read,,,,0,0
339437,Bad Girlz,Shannon Holmes,"Holmes, Shannon",,"=""074348620X""","=""9780743486200""",0,Atria,Paperback,224,2003,2003,,2021/04/13,to-read,to-read (#36),to-read,,,,0,0
481899,Thong on Fire: An Urban Erotic Tale,Noire,"Noire, Noire",,"=""1416533028""","=""9781416533023""",0,Atria,Paperback,304,2007,2007,,2021/04/13,to-read,to-read (#35),to-read,,,,0,0
1167220,Black,Tracy Brown,"Brown, Tracy",,"=""0970247281""","=""9780970247285""",0,Triple Crown Publications,Paperback,246,2011,2003,,2021/04/13,to-read,to-read (#34),to-read,,,,0,0
2807143,Mistress of the Game (Triple Crown Publications Presents),Sherrie Walker,"Walker, Sherrie",,"=""0977880451""","=""9780977880454""",0,Triple Crown Publications,Paperback,350,2008,2003,,2021/04/13,to-read,to-read (#33),to-read,,,,0,0
1159640,Criminal Minded,Tracy Brown,"Brown, Tracy",,"=""0312336462""","=""9780312336462""",0,St. Martin's Griffin,Paperback,304,2005,2005,,2021/04/13,to-read,to-read (#32),to-read,,,,0,0
1493546,Hood: An Urban Erotic Tale,Noire,"Noire, Noire",,"=""1416533036""","=""9781416533030""",0,Atria Books,Paperback,352,2007,2007,,2021/04/13,to-read,to-read (#31),to-read,,,,0,0
94178,Mina's Joint,Keisha Ervin,"Ervin, Keisha",,"=""0976789450""","=""9780976789451""",0,Triple Crown Publications,Paperback,280,2001,2001,,2021/04/13,to-read,to-read (#29),to-read,,,,0,0
583152,Chyna Black,Keisha Ervin,"Ervin, Keisha",,"=""0976234912""","=""9780976234913""",0,Triple Crown Publications,Paperback,268,2004,2004,,2021/04/13,to-read,to-read (#30),to-read,,,,0,0
6613920,Supreme Clientele,Ashley  Antoinette,"Antoinette, Ashley",JaQuavis Coleman,"=""1601621507""","=""9781601621504""",0,Urban,Mass Market Paperback,300,2009,2007,,2021/04/13,to-read,to-read (#28),to-read,,,,0,0
181819,Hold U Down,Keisha Ervin,"Ervin, Keisha",,"=""0977880427""","=""9780977880423""",0,Triple Crown Publications,Paperback,288,2006,2002,,2021/04/13,to-read,to-read (#27),to-read,,,,0,0
88363,White Lines (White Lines #1),Tracy Brown,"Brown, Tracy",,"=""0312336489""","=""9780312336486""",0,St. Martin's Griffin,Paperback,497,2007,2007,,2021/04/13,to-read,to-read (#26),to-read,,,,0,0
8556595,Justify My Thug (Thug #5),Wahida Clark,"Clark, Wahida",,"=""1451617097""","=""9781451617092""",0,Cash Money Content,Paperback,288,2011,2011,,2021/04/13,to-read,to-read (#26),to-read,,,,0,0
29487,Candy Licker: An Urban Erotic Tale,Noire,"Noire, Noire",,"=""0345486471""","=""9780345486479""",0,Random House Publishing Group,Paperback,304,2005,2005,,2021/04/13,to-read,to-read (#25),to-read,,,,0,0
339443,True to the Game (True to the Game #1),Teri Woods,"Woods, Teri",,"=""096722490X""","=""9780967224909""",0,Teri Woods Pub Llc,Paperback,244,1999,1998,,2021/04/13,to-read,to-read (#24),to-read,,,,0,0
339438,B-More Careful,Shannon Holmes,"Holmes, Shannon",,"=""0967224918""","=""9780967224916""",0,Meow Meow Productions,Paperback,281,2001,2001,,2021/04/13,to-read,to-read (#23),to-read,,,,0,0
169334,Nervous,Zane,"Zane, Zane",,"=""0743476247""","=""9780743476249""",0,Atria Books,Paperback,282,2004,2003,,2021/04/13,to-read,to-read (#22),to-read,,,,0,0
12364775,"Behind the Hood (Behind the Lives, #1)",Marita A. Hansen,"Hansen, Marita A.",,"=""""","=""""",0,,Kindle Edition,357,2011,2011,,2021/04/13,to-read,to-read (#21),to-read,,,,0,0
261308,Thug Matrimony (Thug #3),Wahida Clark,"Clark, Wahida",,"=""0758212550""","=""9780758212559""",0,Dafina,Paperback,277,2007,2007,,2021/04/13,to-read,to-read (#20),to-read,,,,0,0
6341524,"The Cartel 2: Tale of the Murda Mamas (The Cartel, #2)",Ashley  Antoinette,"Antoinette, Ashley",JaQuavis Coleman,"=""1601622562""","=""9781601622563""",0,Urban Books,Paperback,236,2009,2009,,2021/04/13,to-read,to-read (#19),to-read,,,,0,0
5800151,Thug Lovin' (Thug #4),Wahida Clark,"Clark, Wahida",,"=""0446178098""","=""9780446178099""",0,Grand Central Publishing,Paperback,329,2009,2009,,2021/04/13,to-read,to-read (#18),to-read,,,,0,0
1442921,Torn,Keisha Ervin,"Ervin, Keisha",,"=""0977880494""","=""9780977880492""",0,Triple Crown Publications,Paperback,384,2007,2003,,2021/04/13,to-read,to-read (#17),to-read,,,,0,0
6733948,Stripping Asjiah,Sa'Rese Thompson,"Thompson, Sa'Rese",,"=""0979265657""","=""9780979265655""",0,La Femme Fatale,Paperback,192,2009,2009,,2021/04/13,to-read,to-read (#16),to-read,,,,0,0
261347,Thugs and the Women Who Love Them (Thug #1),Wahida Clark,"Clark, Wahida",,"=""0758212860""","=""9780758212863""",0,Kensington,Paperback,232,2005,2002,,2021/04/13,to-read,to-read (#15),to-read,,,,0,0
5953477,"The Cartel (The Cartel, #1)",Ashley  Antoinette,"Antoinette, Ashley",JaQuavis Coleman,"=""1601621426""","=""9781601621429""",0,Urban Books,Paperback,278,2008,2009,,2021/04/13,to-read,to-read (#14),to-read,,,,0,0
261310,Every Thug Needs a Lady (Thug #2),Wahida Clark,"Clark, Wahida",,"=""0758212887""","=""9780758212887""",0,Dafina,Paperback,312,2006,2003,,2021/04/13,to-read,to-read (#13),to-read,,,,0,0
169331,Addicted,Zane,"Zane, Zane",,"=""0743442849""","=""9780743442848""",0,Atria,Paperback,336,2001,1998,,2021/04/13,to-read,to-read (#12),to-read,,,,0,0
106393,"The Coldest Winter Ever (The Coldest Winter Ever, #1)",Sister Souljah,"Souljah, Sister",,"=""1416521690""","=""9781416521693""",0,Pocket Star,Mass Market Paperback,430,2006,1999,,2021/04/13,to-read,to-read (#11),to-read,,,,0,0
39848512,Odd One Out,Nic Stone,"Stone, Nic",,"=""1101939532""","=""9781101939536""",0,Crown Books for Young Readers,Hardcover,320,2018,2018,,2021/04/13,to-read,to-read (#10),to-read,,,,0,0
49917829,Clean Getaway,Nic Stone,"Stone, Nic",,"=""1984892975""","=""9781984892973""",0,Crown Books for Young Readers,Hardcover,240,2020,2020,,2021/04/13,to-read,to-read (#9),to-read,,,,0,0
24974996,"Dear Martin (Dear Martin, #1)",Nic Stone,"Stone, Nic",,"=""""","=""""",5.0,Crown Books for Young Readers,Hardcover,208,2017,2017,2021/04/13,2021/01/07,5-star-reads,5-star-reads (#4),read,,,,1,0
55201735,"Two Shots Down (Battle of the Bulls, #1)",T.S. Joyce,"Joyce, T.S.",,"=""""","=""""",0,Wicked Willow Press,Kindle Edition,188,2020,2020,,2021/04/13,to-read,to-read (#8),to-read,,,,0,0
54661758,Shawn: Spring (Shifter Seasons #5),Harmony Raines,"Raines, Harmony",,"=""""","=""""",0,,Kindle Edition,205,2020,2020,,2021/04/13,to-read,to-read (#7),to-read,,,,0,0
55203018,At the Rancher's Pleasure (Texas Cattleman's Club: Heir Apparent #2),Joss Wood,"Wood, Joss",,"=""1335232761""","=""9781335232762""",0,Harlequin Desire,Mass Market Paperback,216,2021,2021,,2021/04/13,to-read,to-read (#6),to-read,,,,0,0
55740721,Back in the Texan's Bed (Texas Cattleman's Club: Heir Apparent #1),Naima Simone,"Simone, Naima",,"=""1488070393""","=""9781488070396""",0,Harlequin Desire,Kindle Edition,167,2021,2021,,2021/04/13,to-read,to-read (#5),to-read,,,,0,0
55461498,Blue Collar Billionaire (Texas Cattleman's Club: Heir Apparent #3),Karen Booth,"Booth, Karen",,"=""1488070520""","=""9781488070525""",0,Harlequin Desire,Kindle Edition,156,2021,2021,,2021/04/13,to-read,to-read (#4),to-read,,,,0,0
14622962,"Reflected in You (Crossfire, #2)",Sylvia Day,"Day, Sylvia",,"=""""","=""""",0,Berkley,ebook,352,2012,2012,,2021/04/13,to-read,to-read (#3),to-read,,,,0,0
36430011,"You (You, #1)",Caroline Kepnes,"Kepnes, Caroline",,"=""1501195433""","=""9781501195433""",5.0,Atria/Emily Bestler Books,Paperback,464,2018,2014,,2021/01/02,,,read,,,,1,0
38746485,Becoming,Michelle Obama,"Obama, Michelle",,"=""1524763136""","=""9781524763138""",0,Crown,Hardcover,448,2018,2018,,2021/01/02,to-read,to-read (#2),to-read,,,,0,0
29780253,Born a Crime: Stories from a South African Childhood,Trevor Noah,"Noah, Trevor",,"=""0385689225""","=""9780385689229""",0,Doubleday Canada,Hardcover,289,2016,2016,,2021/01/02,to-read,to-read (#1),to-read,,,,0,0
